SEASON_ID,TEAM_ID,TEAM_ABBREVIATION,TEAM_NAME,GAME_ID,GAME_DATE,MATCHUP,WL,MIN,PTS,FGM,FGA,FG_PCT,FG3M,FG3A,FG3_PCT,FTM,FTA,FT_PCT,OREB,DREB,REB,AST,STL,BLK,TOV,PF,PLUS_MINUS
22025,1610612742,DAL,Dallas Mavericks,0022501193,2026-04-12,DAL vs. CHI,W,240,149,52,100,0.52,22,49,0.449,23,27,0.852,16,41,57,35,10,5,18,24,21.0
22025,1610612742,DAL,Dallas Mavericks,0022501180,2026-04-10,DAL @ SAS,L,240,120,45,98,0.459,15,40,0.375,15,19,0.789,14,21,35,26,7,6,7,19,-19.0
22025,1610612742,DAL,Dallas Mavericks,0022501164,2026-04-08,DAL @ PHX,L,240,107,37,89,0.416,13,36,0.361,20,22,0.909,10,33,43,27,4,5,8,14,-5.0
22025,1610612742,DAL,Dallas Mavericks,0022501156,2026-04-07,DAL @ LAC,L,241,103,35,100,0.35,6,33,0.182,27,28,0.964,15,39,54,18,9,7,8,20,-13.0
22025,1610612742,DAL,Dallas Mavericks,0022501140,2026-04-05,DAL vs. LAL,W,241,134,46,88,0.523,14,32,0.438,28,36,0.778,8,30,38,27,11,5,7,22,6.0
22025,1610612742,DAL,Dallas Mavericks,0022501127,2026-04-03,DAL vs. ORL,L,241,127,44,95,0.463,14,42,0.333,25,31,0.806,11,30,41,25,9,5,13,24,-11.0
22025,1610612742,DAL,Dallas Mavericks,0022500652,2026-03-31,DAL @ MIL,L,240,99,34,96,0.354,10,36,0.278,21,28,0.75,14,36,50,18,12,4,14,19,-24.0
22025,1610612742,DAL,Dallas Mavericks,0022501095,2026-03-30,DAL vs. MIN,L,241,94,31,89,0.348,7,29,0.241,25,34,0.735,14,39,53,21,6,3,15,14,-30.0
22025,1610612742,DAL,Dallas Mavericks,0022501074,2026-03-27,DAL @ POR,W,240,100,36,81,0.444,7,24,0.292,21,30,0.7,7,30,37,24,12,5,17,22,7.0
22025,1610612742,DAL,Dallas Mavericks,0022501059,2026-03-25,DAL @ DEN,L,240,135,48,97,0.495,12,35,0.343,27,34,0.794,10,32,42,31,3,3,4,22,-7.0
22025,1610612742,DAL,Dallas Mavericks,0022501044,2026-03-23,DAL vs. GSW,L,265,131,51,87,0.586,16,36,0.444,13,20,0.65,5,21,26,37,13,3,21,23,-6.0
22025,1610612742,DAL,Dallas Mavericks,0022501029,2026-03-21,DAL vs. LAC,L,264,131,48,102,0.471,13,34,0.382,22,29,0.759,17,30,47,25,5,6,10,16,-7.0
22025,1610612742,DAL,Dallas Mavericks,0022501006,2026-03-18,DAL vs. ATL,L,240,120,42,86,0.488,11,28,0.393,25,29,0.862,11,32,43,26,8,6,18,12,-15.0
22025,1610612742,DAL,Dallas Mavericks,0022500988,2026-03-16,DAL @ NOP,L,241,111,44,104,0.423,14,39,0.359,9,14,0.643,13,38,51,27,10,3,11,22,-18.0
22025,1610612742,DAL,Dallas Mavericks,0022500977,2026-03-15,DAL @ CLE,W,240,130,46,87,0.529,15,30,0.5,23,27,0.852,9,35,44,35,13,5,12,21,10.0
22025,1610612742,DAL,Dallas Mavericks,0022500965,2026-03-13,DAL vs. CLE,L,240,105,38,87,0.437,9,33,0.273,20,24,0.833,12,28,40,27,4,3,17,14,-33.0
22025,1610612742,DAL,Dallas Mavericks,0022501111,2026-03-12,DAL @ MEM,W,240,120,45,93,0.484,11,32,0.344,19,24,0.792,21,39,60,25,8,9,19,17,8.0
22025,1610612742,DAL,Dallas Mavericks,0022500939,2026-03-10,DAL @ ATL,L,241,112,41,86,0.477,13,32,0.406,17,22,0.773,12,31,43,28,6,0,14,16,-12.0
22025,1610612742,DAL,Dallas Mavericks,0022500924,2026-03-08,DAL @ TOR,L,241,92,35,88,0.398,5,30,0.167,17,20,0.85,13,34,47,22,5,7,19,20,-30.0
22025,1610612742,DAL,Dallas Mavericks,0022500908,2026-03-06,DAL @ BOS,L,239,100,38,93,0.409,14,35,0.4,10,12,0.833,8,37,45,23,2,5,10,16,-20.0
22025,1610612742,DAL,Dallas Mavericks,0022500899,2026-03-05,DAL @ ORL,L,240,114,39,86,0.453,14,32,0.438,22,28,0.786,11,33,44,28,6,9,13,17,-1.0
22025,1610612742,DAL,Dallas Mavericks,0022500883,2026-03-03,DAL @ CHA,L,239,90,28,74,0.378,3,22,0.136,31,42,0.738,7,35,42,19,7,4,14,19,-27.0
22025,1610612742,DAL,Dallas Mavericks,0022500876,2026-03-01,DAL vs. OKC,L,239,87,33,85,0.388,9,31,0.29,12,16,0.75,9,40,49,20,6,1,17,18,-13.0
22025,1610612742,DAL,Dallas Mavericks,0022500861,2026-02-27,DAL vs. MEM,L,241,105,37,88,0.42,9,32,0.281,22,33,0.667,13,33,46,24,4,4,20,13,-19.0
22025,1610612742,DAL,Dallas Mavericks,0022500854,2026-02-26,DAL vs. SAC,L,241,121,45,81,0.556,10,23,0.435,21,34,0.618,8,34,42,23,4,3,17,16,-9.0
22025,1610612742,DAL,Dallas Mavericks,0022500833,2026-02-24,DAL @ BKN,W,241,123,48,82,0.585,8,23,0.348,19,24,0.792,10,34,44,26,5,4,15,19,9.0
22025,1610612742,DAL,Dallas Mavericks,0022500821,2026-02-22,DAL @ IND,W,243,134,51,94,0.543,11,28,0.393,21,32,0.656,10,35,45,29,9,2,11,13,4.0
22025,1610612742,DAL,Dallas Mavericks,0022500806,2026-02-20,DAL @ MIN,L,239,111,41,97,0.423,8,25,0.32,21,29,0.724,15,30,45,21,12,3,12,18,-11.0
22025,1610612742,DAL,Dallas Mavericks,0022500791,2026-02-12,DAL @ LAL,L,239,104,39,79,0.494,7,26,0.269,19,25,0.76,4,24,28,22,7,1,15,18,-20.0
22025,1610612742,DAL,Dallas Mavericks,0022500773,2026-02-10,DAL @ PHX,L,239,111,37,77,0.481,5,22,0.227,32,44,0.727,8,34,42,18,7,5,16,12,-9.0
22025,1610612742,DAL,Dallas Mavericks,0022500749,2026-02-07,DAL @ SAS,L,239,125,46,105,0.438,15,37,0.405,18,24,0.75,12,29,41,35,10,4,7,16,-13.0
22025,1610612742,DAL,Dallas Mavericks,0022500738,2026-02-05,DAL vs. SAS,L,241,123,47,97,0.485,12,31,0.387,17,20,0.85,7,34,41,23,9,8,9,20,-12.0
22025,1610612742,DAL,Dallas Mavericks,0022500721,2026-02-03,DAL vs. BOS,L,240,100,37,89,0.416,9,32,0.281,17,22,0.773,13,36,49,21,4,4,9,11,-10.0
22025,1610612742,DAL,Dallas Mavericks,0022500701,2026-01-31,DAL @ HOU,L,240,107,41,92,0.446,10,23,0.435,15,26,0.577,11,37,48,19,3,4,11,12,-4.0
22025,1610612742,DAL,Dallas Mavericks,0022500683,2026-01-29,DAL vs. CHA,L,239,121,48,103,0.466,11,33,0.333,14,16,0.875,13,37,50,26,7,8,8,15,-2.0
22025,1610612742,DAL,Dallas Mavericks,0022500677,2026-01-28,DAL vs. MIN,L,240,105,38,84,0.452,3,18,0.167,26,39,0.667,14,36,50,22,6,3,17,19,-13.0
22025,1610612742,DAL,Dallas Mavericks,0022500648,2026-01-24,DAL vs. LAL,L,240,110,39,94,0.415,10,29,0.345,22,29,0.759,11,32,43,22,10,6,11,19,-6.0
22025,1610612742,DAL,Dallas Mavericks,0022500630,2026-01-22,DAL vs. GSW,W,241,123,43,86,0.5,13,35,0.371,24,30,0.8,11,43,54,25,6,6,21,17,8.0
22025,1610612742,DAL,Dallas Mavericks,0022500016,2026-01-19,DAL @ NYK,W,240,114,40,82,0.488,15,32,0.469,19,28,0.679,7,42,49,25,9,5,17,21,17.0
22025,1610612742,DAL,Dallas Mavericks,0022500593,2026-01-17,DAL vs. UTA,W,240,138,49,91,0.538,18,41,0.439,22,36,0.611,13,31,44,36,8,2,11,18,18.0
22025,1610612742,DAL,Dallas Mavericks,0022500583,2026-01-15,DAL vs. UTA,W,241,144,55,97,0.567,19,46,0.413,15,19,0.789,9,37,46,37,13,7,13,19,22.0
22025,1610612742,DAL,Dallas Mavericks,0022500575,2026-01-14,DAL vs. DEN,L,239,109,41,93,0.441,5,34,0.147,22,33,0.667,13,34,47,16,6,3,6,20,-9.0
22025,1610612742,DAL,Dallas Mavericks,0022500561,2026-01-12,DAL vs. BKN,W,240,113,43,85,0.506,15,34,0.441,12,16,0.75,9,28,37,28,9,3,12,16,8.0
22025,1610612742,DAL,Dallas Mavericks,0022500546,2026-01-10,DAL @ CHI,L,240,107,39,91,0.429,13,35,0.371,16,25,0.64,9,33,42,25,7,6,14,13,-18.0
22025,1610612742,DAL,Dallas Mavericks,0022500531,2026-01-08,DAL @ UTA,L,241,114,44,85,0.518,15,36,0.417,11,13,0.846,9,38,47,30,4,2,20,13,-2.0
22025,1610612742,DAL,Dallas Mavericks,0022500515,2026-01-06,DAL @ SAC,W,241,100,39,96,0.406,8,27,0.296,14,21,0.667,15,40,55,19,6,3,16,12,2.0
22025,1610612742,DAL,Dallas Mavericks,0022500491,2026-01-03,DAL vs. HOU,W,239,110,44,80,0.55,8,21,0.381,14,18,0.778,2,45,47,24,6,10,15,15,6.0
22025,1610612742,DAL,Dallas Mavericks,0022500473,2026-01-01,DAL vs. PHI,L,240,108,42,94,0.447,6,28,0.214,18,20,0.9,7,32,39,23,8,1,13,12,-15.0
22025,1610612742,DAL,Dallas Mavericks,0022500457,2025-12-29,DAL @ POR,L,239,122,46,91,0.505,11,32,0.344,19,24,0.792,8,33,41,33,6,7,12,19,-3.0
22025,1610612742,DAL,Dallas Mavericks,0022500432,2025-12-27,DAL @ SAC,L,240,107,40,87,0.46,13,27,0.481,14,20,0.7,11,40,51,23,6,8,19,11,-6.0
22025,1610612742,DAL,Dallas Mavericks,0022500011,2025-12-25,DAL @ GSW,L,240,116,49,89,0.551,4,14,0.286,14,21,0.667,3,38,41,18,5,5,11,16,-10.0
22025,1610612742,DAL,Dallas Mavericks,0022500415,2025-12-23,DAL vs. DEN,W,241,131,53,93,0.57,11,27,0.407,14,15,0.933,11,25,36,34,9,2,10,12,1.0
22025,1610612742,DAL,Dallas Mavericks,0022500404,2025-12-22,DAL @ NOP,L,240,113,46,104,0.442,10,33,0.303,11,21,0.524,18,39,57,29,9,5,16,19,-6.0
22025,1610612742,DAL,Dallas Mavericks,0022500387,2025-12-20,DAL @ PHI,L,239,114,45,83,0.542,3,18,0.167,21,22,0.955,8,36,44,24,5,7,18,22,-7.0
22025,1610612742,DAL,Dallas Mavericks,0022500376,2025-12-18,DAL vs. DET,W,265,116,40,89,0.449,5,27,0.185,31,36,0.861,11,40,51,22,4,15,17,21,2.0
22025,1610612742,DAL,Dallas Mavericks,0022501224,2025-12-15,DAL @ UTA,L,265,133,48,98,0.49,9,27,0.333,28,41,0.683,14,40,54,24,6,6,14,26,-7.0
22025,1610612742,DAL,Dallas Mavericks,0022501214,2025-12-12,DAL vs. BKN,W,239,119,46,94,0.489,10,30,0.333,17,22,0.773,9,31,40,33,10,8,14,20,8.0
22025,1610612742,DAL,Dallas Mavericks,0022500356,2025-12-06,DAL vs. HOU,W,241,122,49,82,0.598,7,19,0.368,17,20,0.85,7,24,31,22,13,4,12,14,13.0
22025,1610612742,DAL,Dallas Mavericks,0022500349,2025-12-05,DAL @ OKC,L,240,111,41,86,0.477,16,37,0.432,13,20,0.65,9,26,35,28,2,3,11,17,-21.0
22025,1610612742,DAL,Dallas Mavericks,0022500332,2025-12-03,DAL vs. MIA,W,239,118,46,91,0.505,16,32,0.5,10,12,0.833,10,40,50,31,6,7,13,15,10.0
22025,1610612742,DAL,Dallas Mavericks,0022500315,2025-12-01,DAL @ DEN,W,239,131,53,95,0.558,16,31,0.516,9,14,0.643,7,36,43,35,4,4,8,19,10.0
22025,1610612742,DAL,Dallas Mavericks,0022500300,2025-11-29,DAL @ LAC,W,240,114,40,90,0.444,11,39,0.282,23,28,0.821,4,33,37,22,15,2,8,19,4.0
22025,1610612742,DAL,Dallas Mavericks,0022500078,2025-11-28,DAL @ LAL,L,238,119,44,91,0.484,14,32,0.438,17,20,0.85,14,25,39,28,8,4,11,23,-10.0
22025,1610612742,DAL,Dallas Mavericks,0022500286,2025-11-24,DAL @ MIA,L,240,102,38,97,0.392,12,40,0.3,14,16,0.875,15,35,50,22,8,5,16,19,-4.0
22025,1610612742,DAL,Dallas Mavericks,0022500273,2025-11-22,DAL vs. MEM,L,240,96,35,91,0.385,12,36,0.333,14,16,0.875,11,30,41,19,4,9,10,21,-6.0
22025,1610612742,DAL,Dallas Mavericks,0022500052,2025-11-21,DAL vs. NOP,W,239,118,40,84,0.476,16,43,0.372,22,28,0.786,11,36,47,30,9,9,20,19,3.0
22025,1610612742,DAL,Dallas Mavericks,0022500262,2025-11-19,DAL vs. NYK,L,240,111,35,85,0.412,16,44,0.364,25,30,0.833,10,40,50,23,6,5,17,26,-2.0
22025,1610612742,DAL,Dallas Mavericks,0022500246,2025-11-17,DAL @ MIN,L,241,96,34,85,0.4,9,30,0.3,19,31,0.613,10,33,43,13,7,4,20,22,-24.0
22025,1610612742,DAL,Dallas Mavericks,0022500238,2025-11-16,DAL vs. POR,W,264,138,48,95,0.505,15,34,0.441,27,40,0.675,13,34,47,33,7,9,14,22,5.0
22025,1610612742,DAL,Dallas Mavericks,0022500046,2025-11-14,DAL vs. LAC,L,290,127,44,99,0.444,10,36,0.278,29,38,0.763,11,39,50,18,11,7,22,25,-6.0
22025,1610612742,DAL,Dallas Mavericks,0022500221,2025-11-12,DAL vs. PHX,L,240,114,43,86,0.5,17,47,0.362,11,17,0.647,8,37,45,32,10,10,19,23,-9.0
22025,1610612742,DAL,Dallas Mavericks,0022500203,2025-11-10,DAL vs. MIL,L,239,114,37,89,0.416,9,39,0.231,31,41,0.756,16,36,52,25,8,8,14,22,-2.0
22025,1610612742,DAL,Dallas Mavericks,0022500183,2025-11-08,DAL @ WAS,W,242,111,42,93,0.452,6,24,0.25,21,30,0.7,16,35,51,26,15,6,13,17,6.0
22025,1610612742,DAL,Dallas Mavericks,0022500034,2025-11-07,DAL @ MEM,L,239,104,42,86,0.488,10,39,0.256,10,16,0.625,8,36,44,25,7,6,17,20,-14.0
22025,1610612742,DAL,Dallas Mavericks,0022500177,2025-11-05,DAL vs. NOP,L,240,99,37,89,0.416,10,32,0.313,15,20,0.75,10,34,44,18,11,7,15,15,-2.0
22025,1610612742,DAL,Dallas Mavericks,0022500160,2025-11-03,DAL @ HOU,L,241,102,40,89,0.449,9,36,0.25,13,20,0.65,10,30,40,30,12,6,15,25,-8.0
22025,1610612742,DAL,Dallas Mavericks,0022500147,2025-11-01,DAL @ DET,L,241,110,34,80,0.425,16,45,0.356,26,31,0.839,7,36,43,23,3,3,15,25,-12.0
22025,1610612742,DAL,Dallas Mavericks,0022500133,2025-10-29,DAL vs. IND,W,240,107,36,79,0.456,5,24,0.208,30,37,0.811,7,40,47,21,4,7,19,22,2.0
22025,1610612742,DAL,Dallas Mavericks,0022500119,2025-10-27,DAL vs. OKC,L,239,94,33,87,0.379,12,39,0.308,16,22,0.727,6,30,36,20,6,4,8,15,-7.0
22025,1610612742,DAL,Dallas Mavericks,0022500111,2025-10-26,DAL vs. TOR,W,241,139,50,85,0.588,10,26,0.385,29,39,0.744,12,37,49,32,12,7,20,26,10.0
22025,1610612742,DAL,Dallas Mavericks,0022500096,2025-10-24,DAL vs. WAS,L,238,107,38,88,0.432,10,34,0.294,21,27,0.778,9,39,48,23,11,5,21,19,-10.0
22025,1610612742,DAL,Dallas Mavericks,0022500004,2025-10-22,DAL vs. SAS,L,240,92,31,83,0.373,9,21,0.429,21,26,0.808,9,28,37,20,5,3,16,24,-33.0
12025,1610612742,DAL,Dallas Mavericks,0012500005,2025-10-15,DAL @ LAL,W,241,121,45,89,0.506,9,31,0.29,22,28,0.786,7,39,46,30,11,3,8,15,27.0
12025,1610612742,DAL,Dallas Mavericks,0012500056,2025-10-13,DAL @ UTA,W,239,114,37,94,0.394,15,53,0.283,25,32,0.781,18,41,59,32,8,10,15,20,13.0
12025,1610612742,DAL,Dallas Mavericks,0012500047,2025-10-11,DAL vs. CHA,L,241,116,46,90,0.511,10,27,0.37,14,21,0.667,5,32,37,30,16,7,14,18,-4.0
12025,1610612742,DAL,Dallas Mavericks,0012500033,2025-10-06,DAL vs. OKC,W,240,106,34,81,0.42,11,35,0.314,27,30,0.9,11,47,58,26,5,12,21,20,17.0
52024,1610612742,DAL,Dallas Mavericks,0052400211,2025-04-18,DAL @ MEM,L,239,106,41,87,0.471,12,38,0.316,12,16,0.75,7,29,36,25,9,8,16,17,-14.0
52024,1610612742,DAL,Dallas Mavericks,0052400131,2025-04-16,DAL @ SAC,W,241,120,41,83,0.494,14,28,0.5,24,26,0.923,10,31,41,29,9,8,9,15,14.0
22024,1610612742,DAL,Dallas Mavericks,0022401194,2025-04-13,DAL @ MEM,L,240,97,38,87,0.437,5,28,0.179,16,22,0.727,10,28,38,20,6,3,18,13,-35.0
22024,1610612742,DAL,Dallas Mavericks,0022401178,2025-04-11,DAL vs. TOR,W,241,124,49,89,0.551,15,34,0.441,11,17,0.647,12,44,56,34,8,10,17,12,22.0
22024,1610612742,DAL,Dallas Mavericks,0022401159,2025-04-09,DAL vs. LAL,L,240,97,36,72,0.5,9,26,0.346,16,23,0.696,9,29,38,30,6,6,19,14,-15.0
22024,1610612742,DAL,Dallas Mavericks,0022401132,2025-04-05,DAL @ LAC,L,239,104,34,78,0.436,7,27,0.259,29,38,0.763,10,31,41,18,5,8,15,18,-31.0
22024,1610612742,DAL,Dallas Mavericks,0022401127,2025-04-04,DAL @ LAC,L,240,91,35,77,0.455,4,20,0.2,17,26,0.654,6,33,39,19,7,0,17,14,-23.0
22024,1610612742,DAL,Dallas Mavericks,0022401109,2025-04-02,DAL vs. ATL,W,240,120,44,83,0.53,15,33,0.455,17,21,0.81,4,38,42,27,7,8,13,16,2.0
22024,1610612742,DAL,Dallas Mavericks,0022401095,2025-03-31,DAL vs. BKN,L,240,109,41,86,0.477,10,30,0.333,17,29,0.586,12,37,49,29,4,3,8,19,-4.0
22024,1610612742,DAL,Dallas Mavericks,0022401077,2025-03-29,DAL @ CHI,W,239,120,47,101,0.465,9,30,0.3,17,21,0.81,8,33,41,28,9,8,6,18,1.0
22024,1610612742,DAL,Dallas Mavericks,0022401060,2025-03-27,DAL @ ORL,W,240,101,37,78,0.474,11,22,0.5,16,22,0.727,5,35,40,21,10,1,14,17,9.0
22024,1610612742,DAL,Dallas Mavericks,0022401048,2025-03-25,DAL @ NYK,L,241,113,43,80,0.538,6,19,0.316,21,25,0.84,5,28,33,19,9,3,16,16,-15.0
22024,1610612742,DAL,Dallas Mavericks,0022401040,2025-03-24,DAL @ BKN,W,241,120,49,87,0.563,10,31,0.323,12,16,0.75,11,30,41,34,10,1,10,15,19.0
22024,1610612742,DAL,Dallas Mavericks,0022401019,2025-03-21,DAL vs. DET,W,239,123,42,80,0.525,12,34,0.353,27,36,0.75,10,34,44,25,10,7,20,16,6.0
22024,1610612742,DAL,Dallas Mavericks,0022400998,2025-03-19,DAL @ IND,L,238,131,48,88,0.545,11,27,0.407,24,32,0.75,7,34,41,23,6,0,12,26,-4.0
22024,1610612742,DAL,Dallas Mavericks,0022400976,2025-03-16,DAL vs. PHI,L,241,125,46,87,0.529,10,34,0.294,23,30,0.767,10,35,45,26,4,3,15,19,-5.0
22024,1610612742,DAL,Dallas Mavericks,0022400961,2025-03-14,DAL @ HOU,L,241,96,39,94,0.415,8,22,0.364,10,12,0.833,6,28,34,14,4,6,7,11,-37.0
22024,1610612742,DAL,Dallas Mavericks,0022400951,2025-03-12,DAL @ SAS,L,238,116,45,81,0.556,13,32,0.406,13,17,0.765,3,28,31,30,8,0,17,12,-10.0
22024,1610612742,DAL,Dallas Mavericks,0022400937,2025-03-10,DAL @ SAS,W,240,133,47,88,0.534,12,38,0.316,27,30,0.9,10,30,40,25,5,2,10,18,4.0
22024,1610612742,DAL,Dallas Mavericks,0022400921,2025-03-09,DAL vs. PHX,L,240,116,43,88,0.489,17,42,0.405,13,16,0.813,5,27,32,29,8,2,6,13,-9.0
22024,1610612742,DAL,Dallas Mavericks,0022400906,2025-03-07,DAL vs. MEM,L,240,111,37,96,0.385,15,41,0.366,22,24,0.917,11,34,45,24,7,7,12,13,-11.0
22024,1610612742,DAL,Dallas Mavericks,0022400897,2025-03-05,DAL @ MIL,L,240,107,45,98,0.459,13,39,0.333,4,10,0.4,5,25,30,30,13,3,10,13,-30.0
22024,1610612742,DAL,Dallas Mavericks,0022400880,2025-03-03,DAL vs. SAC,L,241,98,35,77,0.455,7,26,0.269,21,24,0.875,7,30,37,28,5,1,13,13,-24.0
22024,1610612742,DAL,Dallas Mavericks,0022400865,2025-03-01,DAL vs. MIL,L,240,117,43,91,0.473,11,40,0.275,20,25,0.8,8,25,33,25,7,1,11,23,-15.0
22024,1610612742,DAL,Dallas Mavericks,0022400847,2025-02-27,DAL vs. CHA,W,240,103,40,97,0.412,11,36,0.306,12,16,0.75,10,38,48,23,12,7,7,11,7.0
22024,1610612742,DAL,Dallas Mavericks,0022400835,2025-02-25,DAL @ LAL,L,240,99,35,98,0.357,17,44,0.386,12,13,0.923,14,31,45,23,7,11,12,14,-8.0
22024,1610612742,DAL,Dallas Mavericks,0022400812,2025-02-23,DAL @ GSW,L,240,102,38,82,0.463,13,32,0.406,13,19,0.684,7,34,41,24,7,4,18,22,-24.0
22024,1610612742,DAL,Dallas Mavericks,0022400803,2025-02-21,DAL vs. NOP,W,240,111,37,86,0.43,16,44,0.364,21,27,0.778,8,39,47,28,8,4,13,18,8.0
22024,1610612742,DAL,Dallas Mavericks,0022400786,2025-02-13,DAL vs. MIA,W,242,118,46,90,0.511,13,36,0.361,13,16,0.813,11,29,40,28,7,2,13,17,5.0
22024,1610612742,DAL,Dallas Mavericks,0022400782,2025-02-12,DAL vs. GSW,W,240,111,42,87,0.483,15,36,0.417,12,15,0.8,9,30,39,20,9,7,14,16,4.0
22024,1610612742,DAL,Dallas Mavericks,0022400762,2025-02-10,DAL vs. SAC,L,265,128,49,95,0.516,15,37,0.405,15,24,0.625,5,28,33,31,11,4,11,19,-1.0
22024,1610612742,DAL,Dallas Mavericks,0022400741,2025-02-08,DAL vs. HOU,W,242,116,39,83,0.47,12,23,0.522,26,34,0.765,12,31,43,22,4,18,5,18,11.0
22024,1610612742,DAL,Dallas Mavericks,0022400728,2025-02-06,DAL @ BOS,W,242,127,49,88,0.557,15,33,0.455,14,18,0.778,8,27,35,32,9,4,8,15,7.0
22024,1610612742,DAL,Dallas Mavericks,0022400712,2025-02-04,DAL @ PHI,L,242,116,40,85,0.471,11,33,0.333,25,31,0.806,15,29,44,24,8,4,12,19,-2.0
22024,1610612742,DAL,Dallas Mavericks,0022400696,2025-02-02,DAL @ CLE,L,241,101,40,103,0.388,9,43,0.209,12,15,0.8,10,35,45,22,6,3,9,11,-43.0
22024,1610612742,DAL,Dallas Mavericks,0022400680,2025-01-31,DAL @ DET,L,240,102,37,87,0.425,11,33,0.333,17,21,0.81,16,30,46,20,4,13,16,14,-15.0
22024,1610612742,DAL,Dallas Mavericks,0022400670,2025-01-29,DAL @ NOP,W,239,137,52,96,0.542,20,43,0.465,13,17,0.765,16,35,51,30,6,6,18,17,1.0
22024,1610612742,DAL,Dallas Mavericks,0022400657,2025-01-27,DAL vs. WAS,W,241,130,49,92,0.533,20,45,0.444,12,17,0.706,13,38,51,39,5,7,11,20,22.0
22024,1610612742,DAL,Dallas Mavericks,0022400635,2025-01-25,DAL vs. BOS,L,239,107,39,88,0.443,8,22,0.364,21,28,0.75,13,36,49,18,2,8,12,20,-15.0
22024,1610612742,DAL,Dallas Mavericks,0022400625,2025-01-23,DAL @ OKC,W,240,121,39,74,0.527,14,31,0.452,29,36,0.806,8,35,43,25,9,3,20,25,6.0
22024,1610612742,DAL,Dallas Mavericks,0022400614,2025-01-22,DAL vs. MIN,L,240,114,45,90,0.5,8,29,0.276,16,19,0.842,7,31,38,24,5,4,13,21,-1.0
22024,1610612742,DAL,Dallas Mavericks,0022400599,2025-01-20,DAL @ CHA,L,240,105,38,88,0.432,6,32,0.188,23,26,0.885,16,35,51,19,10,8,14,15,-5.0
22024,1610612742,DAL,Dallas Mavericks,0022400583,2025-01-17,DAL vs. OKC,W,240,106,37,75,0.493,16,41,0.39,16,22,0.727,6,37,43,25,11,7,17,18,8.0
22024,1610612742,DAL,Dallas Mavericks,0022400566,2025-01-15,DAL @ NOP,L,239,116,43,90,0.478,12,35,0.343,18,25,0.72,8,37,45,27,9,3,15,17,-3.0
22024,1610612742,DAL,Dallas Mavericks,0022400559,2025-01-14,DAL vs. DEN,L,239,99,38,90,0.422,9,32,0.281,14,22,0.636,8,22,30,27,14,6,12,17,-19.0
22024,1610612742,DAL,Dallas Mavericks,0022400540,2025-01-12,DAL vs. DEN,L,242,101,35,85,0.412,12,34,0.353,19,25,0.76,8,29,37,27,7,5,12,20,-11.0
22024,1610612742,DAL,Dallas Mavericks,0022400521,2025-01-09,DAL vs. POR,W,240,117,40,88,0.455,10,30,0.333,27,30,0.9,16,37,53,26,8,7,14,18,6.0
22024,1610612742,DAL,Dallas Mavericks,0022400504,2025-01-07,DAL vs. LAL,W,238,118,45,86,0.523,18,38,0.474,10,14,0.714,11,33,44,29,7,0,10,16,21.0
22024,1610612742,DAL,Dallas Mavericks,0022400499,2025-01-06,DAL @ MEM,L,241,104,40,98,0.408,13,36,0.361,11,15,0.733,13,37,50,25,7,8,15,22,-15.0
22024,1610612742,DAL,Dallas Mavericks,0022400474,2025-01-03,DAL vs. CLE,L,240,122,43,100,0.43,12,44,0.273,24,30,0.8,21,32,53,29,3,4,12,17,-12.0
22024,1610612742,DAL,Dallas Mavericks,0022400460,2025-01-01,DAL @ HOU,L,240,99,40,75,0.533,11,28,0.393,8,16,0.5,6,32,38,19,9,12,20,20,-11.0
22024,1610612742,DAL,Dallas Mavericks,0022400448,2024-12-30,DAL @ SAC,L,241,100,32,76,0.421,12,31,0.387,24,29,0.828,2,34,36,17,8,13,17,20,-10.0
22024,1610612742,DAL,Dallas Mavericks,0022400434,2024-12-28,DAL @ POR,L,240,122,43,89,0.483,15,38,0.395,21,26,0.808,10,30,40,20,6,10,13,21,-4.0
22024,1610612742,DAL,Dallas Mavericks,0022400425,2024-12-27,DAL @ PHX,W,242,98,35,80,0.438,12,34,0.353,16,17,0.941,7,34,41,24,6,5,15,15,9.0
22024,1610612742,DAL,Dallas Mavericks,0022400406,2024-12-25,DAL vs. MIN,L,240,99,36,87,0.414,16,43,0.372,11,11,1.0,11,32,43,15,6,8,12,13,-6.0
22024,1610612742,DAL,Dallas Mavericks,0022400401,2024-12-23,DAL vs. POR,W,241,132,48,90,0.533,12,36,0.333,24,34,0.706,13,28,41,27,10,4,10,21,24.0
22024,1610612742,DAL,Dallas Mavericks,0022400385,2024-12-21,DAL vs. LAC,W,242,113,40,88,0.455,14,35,0.4,19,22,0.864,11,32,43,25,12,5,11,18,16.0
22024,1610612742,DAL,Dallas Mavericks,0022400368,2024-12-19,DAL vs. LAC,L,240,95,34,86,0.395,7,30,0.233,20,28,0.714,8,32,40,21,9,5,13,13,-23.0
22024,1610612742,DAL,Dallas Mavericks,0022401228,2024-12-15,DAL @ GSW,W,240,143,52,87,0.598,21,41,0.512,18,25,0.72,10,37,47,36,8,5,15,12,10.0
22024,1610612742,DAL,Dallas Mavericks,0022401203,2024-12-10,DAL @ OKC,L,240,104,38,80,0.475,15,36,0.417,13,19,0.684,7,37,44,25,10,2,18,12,-14.0
22024,1610612742,DAL,Dallas Mavericks,0022400344,2024-12-07,DAL @ TOR,W,238,125,38,81,0.469,17,45,0.378,32,37,0.865,14,38,52,21,10,8,18,16,7.0
22024,1610612742,DAL,Dallas Mavericks,0022400326,2024-12-05,DAL @ WAS,W,239,137,48,89,0.539,20,38,0.526,21,27,0.778,13,45,58,27,8,12,15,16,36.0
22024,1610612742,DAL,Dallas Mavericks,0022400056,2024-12-03,DAL vs. MEM,W,239,121,39,81,0.481,13,32,0.406,30,44,0.682,14,35,49,24,8,8,25,23,5.0
22024,1610612742,DAL,Dallas Mavericks,0022400312,2024-12-01,DAL @ POR,W,238,137,48,87,0.552,18,36,0.5,23,29,0.793,8,25,33,33,13,0,13,15,6.0
22024,1610612742,DAL,Dallas Mavericks,0022400304,2024-11-30,DAL @ UTA,W,240,106,41,90,0.456,15,39,0.385,9,15,0.6,12,36,48,30,12,6,15,21,12.0
22024,1610612742,DAL,Dallas Mavericks,0022400292,2024-11-27,DAL vs. NYK,W,241,129,48,85,0.565,17,33,0.515,16,21,0.762,10,33,43,27,6,4,13,25,15.0
22024,1610612742,DAL,Dallas Mavericks,0022400280,2024-11-25,DAL @ ATL,W,239,129,47,94,0.5,16,35,0.457,19,22,0.864,10,41,51,24,6,8,17,13,10.0
22024,1610612742,DAL,Dallas Mavericks,0022400273,2024-11-24,DAL @ MIA,L,265,118,44,105,0.419,10,40,0.25,20,25,0.8,15,44,59,29,6,9,13,24,-5.0
22024,1610612742,DAL,Dallas Mavericks,0022400033,2024-11-22,DAL @ DEN,W,239,123,46,91,0.505,10,27,0.37,21,27,0.778,12,32,44,24,11,5,13,22,3.0
22024,1610612742,DAL,Dallas Mavericks,0022400024,2024-11-19,DAL vs. NOP,W,239,132,49,94,0.521,14,31,0.452,20,25,0.8,14,34,48,26,12,7,11,15,41.0
22024,1610612742,DAL,Dallas Mavericks,0022400242,2024-11-17,DAL @ OKC,W,240,121,40,84,0.476,11,27,0.407,30,36,0.833,18,35,53,18,4,5,16,20,2.0
22024,1610612742,DAL,Dallas Mavericks,0022400232,2024-11-16,DAL vs. SAS,W,240,110,44,94,0.468,8,31,0.258,14,18,0.778,13,40,53,26,9,7,14,18,17.0
22024,1610612742,DAL,Dallas Mavericks,0022400228,2024-11-14,DAL @ UTA,L,240,113,43,85,0.506,12,39,0.308,15,20,0.75,11,19,30,25,11,10,17,18,-2.0
22024,1610612742,DAL,Dallas Mavericks,0022400007,2024-11-12,DAL @ GSW,L,240,117,44,84,0.524,11,34,0.324,18,24,0.75,8,32,40,26,6,1,17,23,-3.0
22024,1610612742,DAL,Dallas Mavericks,0022400208,2024-11-10,DAL @ DEN,L,240,120,48,90,0.533,10,33,0.303,14,19,0.737,10,32,42,29,7,5,10,17,-2.0
22024,1610612742,DAL,Dallas Mavericks,0022400190,2024-11-08,DAL vs. PHX,L,239,113,41,80,0.513,11,33,0.333,20,22,0.909,8,31,39,18,5,1,11,22,-1.0
22024,1610612742,DAL,Dallas Mavericks,0022400176,2024-11-06,DAL vs. CHI,W,241,119,45,93,0.484,12,38,0.316,17,21,0.81,9,38,47,33,11,4,15,19,20.0
22024,1610612742,DAL,Dallas Mavericks,0022400165,2024-11-04,DAL vs. IND,L,240,127,46,89,0.517,15,36,0.417,20,25,0.8,5,33,38,29,4,3,8,18,-7.0
22024,1610612742,DAL,Dallas Mavericks,0022400153,2024-11-03,DAL vs. ORL,W,240,108,42,85,0.494,10,32,0.313,14,23,0.609,12,41,53,25,8,5,18,22,23.0
22024,1610612742,DAL,Dallas Mavericks,0022400129,2024-10-31,DAL vs. HOU,L,239,102,39,85,0.459,10,30,0.333,14,20,0.7,10,27,37,21,6,7,10,27,-6.0
22024,1610612742,DAL,Dallas Mavericks,0022400114,2024-10-29,DAL @ MIN,W,239,120,45,93,0.484,16,39,0.41,14,18,0.778,12,28,40,25,12,2,9,21,6.0
22024,1610612742,DAL,Dallas Mavericks,0022400110,2024-10-28,DAL vs. UTA,W,239,110,43,95,0.453,11,39,0.282,13,17,0.765,13,37,50,27,9,12,13,23,8.0
22024,1610612742,DAL,Dallas Mavericks,0022400095,2024-10-26,DAL @ PHX,L,239,102,37,93,0.398,13,41,0.317,15,18,0.833,12,34,46,22,6,2,8,28,-12.0
22024,1610612742,DAL,Dallas Mavericks,0022400074,2024-10-24,DAL vs. SAS,W,240,120,42,102,0.412,19,44,0.432,17,23,0.739,17,33,50,27,9,5,9,21,11.0
12024,1610612742,DAL,Dallas Mavericks,0012400062,2024-10-17,DAL vs. MIL,W,240,109,40,80,0.5,8,28,0.286,21,25,0.84,9,44,53,23,8,9,14,10,25.0
12024,1610612742,DAL,Dallas Mavericks,0012400049,2024-10-14,DAL @ LAC,L,240,96,35,84,0.417,15,40,0.375,11,16,0.688,8,30,38,21,6,8,29,20,-14.0
12024,1610612742,DAL,Dallas Mavericks,0012400026,2024-10-10,DAL vs. UTA,L,241,102,39,87,0.448,8,26,0.308,16,21,0.762,10,35,45,21,8,10,17,27,-5.0
12024,1610612742,DAL,Dallas Mavericks,0012400012,2024-10-07,DAL vs. MEM,L,240,116,41,90,0.456,13,33,0.394,21,32,0.656,7,29,36,26,19,3,14,26,-5.0
42023,1610612742,DAL,Dallas Mavericks,0042300405,2024-06-17,DAL @ BOS,L,240,88,35,78,0.449,11,37,0.297,7,13,0.538,7,28,35,18,4,4,13,20,-18.0
42023,1610612742,DAL,Dallas Mavericks,0042300404,2024-06-14,DAL vs. BOS,W,240,122,46,91,0.505,15,37,0.405,15,22,0.682,13,39,52,21,7,2,8,17,38.0
42023,1610612742,DAL,Dallas Mavericks,0042300403,2024-06-12,DAL vs. BOS,L,240,99,38,86,0.442,9,25,0.36,14,16,0.875,7,36,43,15,5,1,8,17,-7.0
42023,1610612742,DAL,Dallas Mavericks,0042300402,2024-06-09,DAL @ BOS,L,240,98,38,80,0.475,6,26,0.231,16,24,0.667,9,34,43,21,5,3,15,17,-7.0
42023,1610612742,DAL,Dallas Mavericks,0042300401,2024-06-06,DAL @ BOS,L,239,89,35,84,0.417,7,27,0.259,12,19,0.632,10,33,43,9,8,1,11,16,-18.0
42023,1610612742,DAL,Dallas Mavericks,0042300315,2024-05-30,DAL @ MIN,W,240,124,46,84,0.548,15,34,0.441,17,23,0.739,9,36,45,19,7,5,12,20,21.0
42023,1610612742,DAL,Dallas Mavericks,0042300314,2024-05-28,DAL vs. MIN,L,239,100,34,81,0.42,14,40,0.35,18,21,0.857,10,28,38,23,6,4,13,22,-5.0
42023,1610612742,DAL,Dallas Mavericks,0042300313,2024-05-26,DAL vs. MIN,W,239,116,38,68,0.559,14,28,0.5,26,31,0.839,7,25,32,19,7,5,14,19,9.0
42023,1610612742,DAL,Dallas Mavericks,0042300312,2024-05-24,DAL @ MIN,W,240,109,41,84,0.488,12,31,0.387,15,22,0.682,11,33,44,24,7,7,10,17,1.0
42023,1610612742,DAL,Dallas Mavericks,0042300311,2024-05-22,DAL @ MIN,W,240,108,43,87,0.494,6,25,0.24,16,17,0.941,11,37,48,21,5,8,13,15,3.0
42023,1610612742,DAL,Dallas Mavericks,0042300226,2024-05-18,DAL vs. OKC,W,242,117,42,82,0.512,16,34,0.471,17,24,0.708,14,33,47,25,5,4,17,23,1.0
42023,1610612742,DAL,Dallas Mavericks,0042300225,2024-05-15,DAL @ OKC,W,238,104,40,76,0.526,14,35,0.4,10,13,0.769,9,37,46,27,5,5,14,17,12.0
42023,1610612742,DAL,Dallas Mavericks,0042300224,2024-05-13,DAL vs. OKC,L,240,96,36,88,0.409,12,35,0.343,12,23,0.522,12,35,47,26,4,13,13,18,-4.0
42023,1610612742,DAL,Dallas Mavericks,0042300223,2024-05-11,DAL vs. OKC,W,241,105,39,91,0.429,11,33,0.333,16,25,0.64,15,33,48,21,7,2,13,16,4.0
42023,1610612742,DAL,Dallas Mavericks,0042300222,2024-05-09,DAL @ OKC,W,238,119,42,90,0.467,18,37,0.486,17,24,0.708,12,32,44,30,8,6,10,21,9.0
42023,1610612742,DAL,Dallas Mavericks,0042300221,2024-05-07,DAL @ OKC,L,240,95,33,84,0.393,12,35,0.343,17,25,0.68,11,28,39,19,5,8,15,21,-22.0
42023,1610612742,DAL,Dallas Mavericks,0042300176,2024-05-03,DAL vs. LAC,W,238,114,40,83,0.482,12,36,0.333,22,33,0.667,18,27,45,26,6,4,9,24,13.0
42023,1610612742,DAL,Dallas Mavericks,0042300175,2024-05-01,DAL @ LAC,W,241,123,47,87,0.54,14,39,0.359,15,20,0.75,9,31,40,27,5,6,8,22,30.0
42023,1610612742,DAL,Dallas Mavericks,0042300174,2024-04-28,DAL vs. LAC,L,241,111,40,81,0.494,11,33,0.333,20,25,0.8,14,28,42,22,5,5,16,21,-5.0
42023,1610612742,DAL,Dallas Mavericks,0042300173,2024-04-26,DAL vs. LAC,W,240,101,39,86,0.453,9,35,0.257,14,19,0.737,11,25,36,21,12,7,8,16,11.0
42023,1610612742,DAL,Dallas Mavericks,0042300172,2024-04-23,DAL @ LAC,W,239,96,32,76,0.421,14,33,0.424,18,27,0.667,11,39,50,17,8,7,13,23,3.0
42023,1610612742,DAL,Dallas Mavericks,0042300171,2024-04-21,DAL @ LAC,L,241,97,31,80,0.388,10,33,0.303,25,33,0.758,9,32,41,14,7,9,8,15,-12.0
22023,1610612742,DAL,Dallas Mavericks,0022301196,2024-04-14,DAL @ OKC,L,241,86,32,97,0.33,8,39,0.205,14,17,0.824,12,29,41,19,8,2,14,15,-49.0
22023,1610612742,DAL,Dallas Mavericks,0022301181,2024-04-12,DAL vs. DET,L,242,89,36,83,0.434,8,29,0.276,9,12,0.75,9,40,49,20,5,5,20,9,-18.0
22023,1610612742,DAL,Dallas Mavericks,0022301161,2024-04-10,DAL @ MIA,W,241,111,43,87,0.494,15,44,0.341,10,13,0.769,8,31,39,27,8,8,7,13,19.0
22023,1610612742,DAL,Dallas Mavericks,0022301144,2024-04-09,DAL @ CHA,W,240,130,50,93,0.538,17,50,0.34,13,20,0.65,16,39,55,35,6,7,14,19,26.0
22023,1610612742,DAL,Dallas Mavericks,0022301131,2024-04-07,DAL vs. HOU,W,264,147,46,85,0.541,15,39,0.385,40,45,0.889,6,41,47,21,4,6,17,26,11.0
22023,1610612742,DAL,Dallas Mavericks,0022301097,2024-04-05,DAL vs. GSW,W,239,108,40,84,0.476,12,34,0.353,16,21,0.762,8,33,41,30,9,9,17,17,2.0
22023,1610612742,DAL,Dallas Mavericks,0022301124,2024-04-04,DAL vs. ATL,W,241,109,38,94,0.404,18,49,0.367,15,17,0.882,11,42,53,20,7,7,14,17,14.0
22023,1610612742,DAL,Dallas Mavericks,0022300589,2024-04-02,DAL @ GSW,L,240,100,39,89,0.438,15,40,0.375,7,11,0.636,8,34,42,27,8,7,15,14,-4.0
22023,1610612742,DAL,Dallas Mavericks,0022301083,2024-03-31,DAL @ HOU,W,239,125,48,93,0.516,24,47,0.511,5,9,0.556,10,37,47,24,7,8,13,17,18.0
22023,1610612742,DAL,Dallas Mavericks,0022301073,2024-03-29,DAL @ SAC,W,240,107,35,74,0.473,15,35,0.429,22,33,0.667,6,36,42,24,4,6,10,12,4.0
22023,1610612742,DAL,Dallas Mavericks,0022301047,2024-03-26,DAL @ SAC,W,239,132,51,92,0.554,22,39,0.564,8,13,0.615,5,44,49,34,10,4,9,18,36.0
22023,1610612742,DAL,Dallas Mavericks,0022301041,2024-03-25,DAL @ UTA,W,240,115,44,92,0.478,12,42,0.286,15,18,0.833,10,37,47,31,9,7,6,17,10.0
22023,1610612742,DAL,Dallas Mavericks,0022301008,2024-03-21,DAL vs. UTA,W,239,113,43,86,0.5,10,32,0.313,17,28,0.607,11,32,43,33,12,3,13,20,16.0
22023,1610612742,DAL,Dallas Mavericks,0022300994,2024-03-19,DAL @ SAS,W,239,113,44,91,0.484,10,30,0.333,15,17,0.882,3,37,40,31,6,3,9,18,6.0
22023,1610612742,DAL,Dallas Mavericks,0022300978,2024-03-17,DAL vs. DEN,W,240,107,42,100,0.42,9,35,0.257,14,21,0.667,22,38,60,22,5,5,11,21,2.0
22023,1610612742,DAL,Dallas Mavericks,0022300959,2024-03-14,DAL @ OKC,L,241,119,43,84,0.512,12,29,0.414,21,26,0.808,10,30,40,25,6,2,19,20,-7.0
22023,1610612742,DAL,Dallas Mavericks,0022300952,2024-03-13,DAL vs. GSW,W,241,109,44,82,0.537,6,27,0.222,15,19,0.789,9,33,42,30,6,13,16,16,10.0
22023,1610612742,DAL,Dallas Mavericks,0022300935,2024-03-11,DAL @ CHI,W,239,127,51,93,0.548,13,41,0.317,12,15,0.8,10,39,49,33,10,6,6,17,35.0
22023,1610612742,DAL,Dallas Mavericks,0022300919,2024-03-09,DAL @ DET,W,240,142,51,92,0.554,14,38,0.368,26,32,0.813,4,32,36,29,13,8,14,18,18.0
22023,1610612742,DAL,Dallas Mavericks,0022300904,2024-03-07,DAL vs. MIA,W,240,114,40,87,0.46,16,41,0.39,18,23,0.783,10,35,45,27,5,6,9,16,6.0
22023,1610612742,DAL,Dallas Mavericks,0022300892,2024-03-05,DAL vs. IND,L,241,120,45,93,0.484,13,39,0.333,17,21,0.81,9,32,41,23,5,6,9,23,-17.0
22023,1610612742,DAL,Dallas Mavericks,0022300871,2024-03-03,DAL vs. PHI,L,239,116,40,86,0.465,16,41,0.39,20,23,0.87,12,33,45,20,6,2,17,18,-4.0
22023,1610612742,DAL,Dallas Mavericks,0022300859,2024-03-01,DAL @ BOS,L,240,110,44,94,0.468,9,34,0.265,13,18,0.722,10,32,42,20,4,4,7,12,-28.0
22023,1610612742,DAL,Dallas Mavericks,0022300844,2024-02-28,DAL @ TOR,W,240,136,52,96,0.542,15,43,0.349,17,21,0.81,11,39,50,32,7,10,14,20,11.0
22023,1610612742,DAL,Dallas Mavericks,0022300832,2024-02-27,DAL @ CLE,L,240,119,48,91,0.527,14,33,0.424,9,15,0.6,5,31,36,23,11,6,5,12,-2.0
22023,1610612742,DAL,Dallas Mavericks,0022300819,2024-02-25,DAL @ IND,L,240,111,41,87,0.471,14,31,0.452,15,21,0.714,8,30,38,15,9,4,15,13,-22.0
22023,1610612742,DAL,Dallas Mavericks,0022300796,2024-02-22,DAL vs. PHX,W,240,123,43,90,0.478,19,44,0.432,18,21,0.857,10,29,39,24,10,5,10,21,10.0
22023,1610612742,DAL,Dallas Mavericks,0022300785,2024-02-14,DAL vs. SAS,W,238,116,49,92,0.533,11,30,0.367,7,10,0.7,8,47,55,28,6,10,15,14,23.0
22023,1610612742,DAL,Dallas Mavericks,0022300768,2024-02-12,DAL vs. WAS,W,240,112,43,96,0.448,9,36,0.25,17,26,0.654,12,44,56,27,7,12,16,18,8.0
22023,1610612742,DAL,Dallas Mavericks,0022300748,2024-02-10,DAL vs. OKC,W,239,146,53,91,0.582,15,38,0.395,25,33,0.758,11,43,54,30,8,3,12,23,35.0
22023,1610612742,DAL,Dallas Mavericks,0022300736,2024-02-08,DAL @ NYK,W,239,122,43,82,0.524,18,42,0.429,18,23,0.783,6,34,40,30,7,6,8,13,14.0
22023,1610612742,DAL,Dallas Mavericks,0022300720,2024-02-06,DAL @ BKN,W,240,119,46,91,0.505,19,43,0.442,8,13,0.615,6,39,45,25,7,3,10,12,12.0
22023,1610612742,DAL,Dallas Mavericks,0022300715,2024-02-05,DAL @ PHI,W,243,118,42,87,0.483,17,43,0.395,17,23,0.739,8,36,44,28,6,4,9,16,16.0
22023,1610612742,DAL,Dallas Mavericks,0022300702,2024-02-03,DAL vs. MIL,L,240,117,40,81,0.494,16,39,0.41,21,23,0.913,8,34,42,22,9,1,21,19,-12.0
22023,1610612742,DAL,Dallas Mavericks,0022300680,2024-01-31,DAL @ MIN,L,239,87,31,76,0.408,6,29,0.207,19,26,0.731,9,22,31,18,4,4,16,24,-34.0
22023,1610612742,DAL,Dallas Mavericks,0022300666,2024-01-29,DAL vs. ORL,W,241,131,43,69,0.623,13,27,0.481,32,43,0.744,3,32,35,27,6,2,15,24,2.0
22023,1610612742,DAL,Dallas Mavericks,0022300651,2024-01-27,DAL vs. SAC,L,239,115,43,98,0.439,16,46,0.348,13,18,0.722,13,30,43,35,7,2,10,24,-5.0
22023,1610612742,DAL,Dallas Mavericks,0022300634,2024-01-26,DAL @ ATL,W,241,148,51,85,0.6,19,35,0.543,27,32,0.844,6,31,37,28,3,5,13,25,5.0
22023,1610612742,DAL,Dallas Mavericks,0022300625,2024-01-24,DAL vs. PHX,L,240,109,41,89,0.461,17,43,0.395,10,18,0.556,10,23,33,25,4,3,14,16,-23.0
22023,1610612742,DAL,Dallas Mavericks,0022300611,2024-01-22,DAL vs. BOS,L,242,110,43,97,0.443,14,40,0.35,10,14,0.714,10,38,48,24,4,4,10,20,-9.0
22023,1610612742,DAL,Dallas Mavericks,0022300577,2024-01-17,DAL @ LAL,L,240,110,42,91,0.462,11,40,0.275,15,18,0.833,11,32,43,26,4,5,15,19,-17.0
22023,1610612742,DAL,Dallas Mavericks,0022300556,2024-01-15,DAL vs. NOP,W,240,125,39,85,0.459,18,43,0.419,29,35,0.829,13,29,42,24,4,6,11,29,5.0
22023,1610612742,DAL,Dallas Mavericks,0022300547,2024-01-13,DAL vs. NOP,L,239,108,37,82,0.451,15,41,0.366,19,20,0.95,9,25,34,23,6,1,12,25,-10.0
22023,1610612742,DAL,Dallas Mavericks,0022300530,2024-01-11,DAL vs. NYK,W,241,128,44,88,0.5,17,41,0.415,23,30,0.767,11,27,38,27,6,2,10,19,4.0
22023,1610612742,DAL,Dallas Mavericks,0022300515,2024-01-09,DAL vs. MEM,L,240,103,36,82,0.439,9,27,0.333,22,27,0.815,8,25,33,20,9,4,12,17,-17.0
22023,1610612742,DAL,Dallas Mavericks,0022300501,2024-01-07,DAL vs. MIN,W,240,115,43,95,0.453,15,40,0.375,14,20,0.7,15,29,44,20,7,8,11,19,7.0
22023,1610612742,DAL,Dallas Mavericks,0022300487,2024-01-05,DAL vs. POR,W,240,139,56,96,0.583,17,38,0.447,10,15,0.667,10,42,52,35,11,8,17,21,36.0
22023,1610612742,DAL,Dallas Mavericks,0022300472,2024-01-03,DAL vs. POR,W,240,126,42,84,0.5,13,30,0.433,29,41,0.707,7,36,43,25,12,7,11,18,29.0
22023,1610612742,DAL,Dallas Mavericks,0022300457,2024-01-01,DAL @ UTA,L,241,90,37,93,0.398,11,40,0.275,5,10,0.5,8,33,41,28,6,5,16,15,-37.0
22023,1610612742,DAL,Dallas Mavericks,0022300444,2023-12-30,DAL @ GSW,W,241,132,49,88,0.557,16,40,0.4,18,22,0.818,6,37,43,25,5,2,9,14,10.0
22023,1610612742,DAL,Dallas Mavericks,0022300423,2023-12-28,DAL @ MIN,L,240,110,40,90,0.444,14,33,0.424,16,19,0.842,13,26,39,29,9,3,16,27,-8.0
22023,1610612742,DAL,Dallas Mavericks,0022300420,2023-12-27,DAL vs. CLE,L,241,110,39,88,0.443,10,37,0.27,22,26,0.846,7,30,37,21,12,7,10,21,-3.0
22023,1610612742,DAL,Dallas Mavericks,0022300405,2023-12-25,DAL @ PHX,W,240,128,45,84,0.536,16,44,0.364,22,30,0.733,8,30,38,28,7,6,11,20,14.0
22023,1610612742,DAL,Dallas Mavericks,0022300398,2023-12-23,DAL vs. SAS,W,241,144,52,100,0.52,23,45,0.511,17,21,0.81,11,41,52,26,7,6,12,18,25.0
22023,1610612742,DAL,Dallas Mavericks,0022300385,2023-12-22,DAL @ HOU,L,240,96,35,101,0.347,7,40,0.175,19,26,0.731,14,33,47,18,10,1,11,17,-26.0
22023,1610612742,DAL,Dallas Mavericks,0022300372,2023-12-20,DAL vs. LAC,L,241,111,39,91,0.429,14,43,0.326,19,27,0.704,13,23,36,23,8,3,6,19,-9.0
22023,1610612742,DAL,Dallas Mavericks,0022300356,2023-12-18,DAL @ DEN,L,240,104,41,92,0.446,13,38,0.342,9,19,0.474,15,28,43,19,2,0,11,20,-26.0
22023,1610612742,DAL,Dallas Mavericks,0022300341,2023-12-16,DAL @ POR,W,240,131,48,97,0.495,16,47,0.34,19,21,0.905,11,36,47,27,7,2,12,17,11.0
22023,1610612742,DAL,Dallas Mavericks,0022300321,2023-12-14,DAL vs. MIN,L,240,101,39,83,0.47,7,32,0.219,16,18,0.889,4,30,34,21,6,2,15,19,-18.0
22023,1610612742,DAL,Dallas Mavericks,0022300306,2023-12-12,DAL vs. LAL,W,239,127,44,89,0.494,21,43,0.488,18,21,0.857,12,24,36,28,7,5,10,17,2.0
22023,1610612742,DAL,Dallas Mavericks,0022300299,2023-12-11,DAL @ MEM,W,239,120,43,86,0.5,17,40,0.425,17,19,0.895,10,33,43,27,8,9,17,17,7.0
22023,1610612742,DAL,Dallas Mavericks,0022301226,2023-12-08,DAL @ POR,W,240,125,47,91,0.516,12,39,0.308,19,22,0.864,9,33,42,26,8,5,15,23,13.0
22023,1610612742,DAL,Dallas Mavericks,0022301213,2023-12-06,DAL vs. UTA,W,241,147,56,101,0.554,22,49,0.449,13,19,0.684,11,36,47,37,11,5,7,14,50.0
22023,1610612742,DAL,Dallas Mavericks,0022300287,2023-12-02,DAL vs. OKC,L,241,120,39,87,0.448,19,52,0.365,23,35,0.657,15,32,47,26,5,12,15,21,-6.0
22023,1610612742,DAL,Dallas Mavericks,0022300277,2023-12-01,DAL vs. MEM,L,240,94,34,92,0.37,12,39,0.308,14,21,0.667,13,29,42,27,9,5,11,13,-14.0
22023,1610612742,DAL,Dallas Mavericks,0022300059,2023-11-28,DAL vs. HOU,W,241,121,42,89,0.472,12,34,0.353,25,29,0.862,9,29,38,25,5,4,7,25,6.0
22023,1610612742,DAL,Dallas Mavericks,0022300244,2023-11-25,DAL @ LAC,L,239,88,34,91,0.374,9,38,0.237,11,14,0.786,10,27,37,17,6,5,9,24,-19.0
22023,1610612742,DAL,Dallas Mavericks,0022300238,2023-11-22,DAL @ LAL,W,240,104,38,96,0.396,16,50,0.32,12,16,0.75,11,37,48,21,5,4,4,18,3.0
22023,1610612742,DAL,Dallas Mavericks,0022300212,2023-11-19,DAL vs. SAC,L,239,113,41,88,0.466,12,34,0.353,19,26,0.731,11,29,40,23,8,2,10,15,-16.0
22023,1610612742,DAL,Dallas Mavericks,0022300205,2023-11-18,DAL @ MIL,L,240,125,51,103,0.495,16,47,0.34,7,10,0.7,11,38,49,27,1,2,12,16,-7.0
22023,1610612742,DAL,Dallas Mavericks,0022300192,2023-11-15,DAL @ WAS,W,241,130,48,92,0.522,17,42,0.405,17,29,0.586,9,37,46,32,6,4,10,16,13.0
22023,1610612742,DAL,Dallas Mavericks,0022300022,2023-11-14,DAL @ NOP,L,239,110,38,90,0.422,14,42,0.333,20,26,0.769,16,29,45,25,4,3,20,16,-21.0
22023,1610612742,DAL,Dallas Mavericks,0022300183,2023-11-12,DAL @ NOP,W,241,136,50,102,0.49,20,53,0.377,16,21,0.762,8,34,42,29,7,6,6,19,12.0
22023,1610612742,DAL,Dallas Mavericks,0022300014,2023-11-10,DAL vs. LAC,W,240,144,51,98,0.52,19,42,0.452,23,26,0.885,15,26,41,30,7,1,8,23,18.0
22023,1610612742,DAL,Dallas Mavericks,0022300168,2023-11-08,DAL vs. TOR,L,240,116,40,84,0.476,17,41,0.415,19,31,0.613,6,32,38,25,4,6,15,21,-11.0
22023,1610612742,DAL,Dallas Mavericks,0022300147,2023-11-06,DAL @ ORL,W,239,117,41,82,0.5,15,40,0.375,20,28,0.714,5,26,31,21,9,6,14,20,15.0
22023,1610612742,DAL,Dallas Mavericks,0022300143,2023-11-05,DAL vs. CHA,W,239,124,43,91,0.473,14,42,0.333,24,32,0.75,9,38,47,31,3,6,10,19,6.0
22023,1610612742,DAL,Dallas Mavericks,0022300006,2023-11-03,DAL @ DEN,L,240,114,41,86,0.477,17,42,0.405,15,17,0.882,10,24,34,27,12,6,15,19,-11.0
22023,1610612742,DAL,Dallas Mavericks,0022300124,2023-11-01,DAL vs. CHI,W,237,114,37,81,0.457,20,48,0.417,20,28,0.714,13,32,45,23,7,2,13,11,9.0
22023,1610612742,DAL,Dallas Mavericks,0022300106,2023-10-30,DAL @ MEM,W,240,125,42,84,0.5,23,47,0.489,18,24,0.75,6,42,48,24,4,7,15,17,15.0
22023,1610612742,DAL,Dallas Mavericks,0022300084,2023-10-27,DAL vs. BKN,W,240,125,44,91,0.484,15,36,0.417,22,28,0.786,8,32,40,20,5,2,9,15,5.0
22023,1610612742,DAL,Dallas Mavericks,0022300073,2023-10-25,DAL @ SAS,W,241,126,47,99,0.475,15,47,0.319,17,23,0.739,13,35,48,24,6,3,12,20,7.0
12023,1610612742,DAL,Dallas Mavericks,0012300070,2023-10-20,DAL vs. DET,W,238,114,39,91,0.429,17,40,0.425,19,23,0.826,8,42,50,30,8,8,12,13,10.0
12023,1610612742,DAL,Dallas Mavericks,0012300013,2023-10-10,DAL @ RMD,L,241,123,46,98,0.469,16,46,0.348,15,23,0.652,11,30,41,24,9,6,10,24,-4.0
12023,1610612742,DAL,Dallas Mavericks,0012300002,2023-10-07,DAL vs. MIN,L,241,96,35,94,0.372,14,46,0.304,12,17,0.706,15,36,51,19,8,6,20,15,-8.0
12023,1610612742,DAL,Dallas Mavericks,0012300001,2023-10-05,DAL @ MIN,L,240,99,34,92,0.37,14,46,0.304,17,30,0.567,7,35,42,18,11,8,13,25,-12.0
22022,1610612742,DAL,Dallas Mavericks,0022201224,2023-04-09,DAL vs. SAS,L,239,117,46,108,0.426,17,53,0.321,8,16,0.5,8,38,46,28,4,3,2,21,-21.0
22022,1610612742,DAL,Dallas Mavericks,0022201210,2023-04-07,DAL vs. CHI,L,240,112,42,93,0.452,18,55,0.327,10,13,0.769,7,36,43,23,7,3,9,15,-3.0
22022,1610612742,DAL,Dallas Mavericks,0022201195,2023-04-05,DAL vs. SAC,W,242,123,44,89,0.494,20,44,0.455,15,18,0.833,7,32,39,24,4,7,10,18,4.0
22022,1610612742,DAL,Dallas Mavericks,0022201167,2023-04-02,DAL @ ATL,L,266,130,49,95,0.516,10,38,0.263,22,32,0.688,10,37,47,24,4,3,14,15,-2.0
22022,1610612742,DAL,Dallas Mavericks,0022201161,2023-04-01,DAL @ MIA,L,241,122,47,77,0.61,14,34,0.412,14,16,0.875,1,30,31,32,3,2,14,23,-7.0
22022,1610612742,DAL,Dallas Mavericks,0022201139,2023-03-29,DAL @ PHI,L,239,108,38,83,0.458,18,46,0.391,14,18,0.778,8,32,40,24,3,3,14,22,-8.0
22022,1610612742,DAL,Dallas Mavericks,0022201123,2023-03-27,DAL @ IND,W,241,127,47,83,0.566,18,37,0.486,15,17,0.882,4,29,33,29,7,8,13,23,23.0
22022,1610612742,DAL,Dallas Mavericks,0022201113,2023-03-26,DAL @ CHA,L,240,104,32,84,0.381,19,49,0.388,21,22,0.955,3,34,37,18,8,7,8,24,-6.0
22022,1610612742,DAL,Dallas Mavericks,0022201101,2023-03-24,DAL vs. CHA,L,240,109,41,84,0.488,9,36,0.25,18,24,0.75,7,38,45,25,3,4,10,19,-8.0
22022,1610612742,DAL,Dallas Mavericks,0022201086,2023-03-22,DAL vs. GSW,L,241,125,44,89,0.494,17,40,0.425,20,28,0.714,8,23,31,27,7,2,10,17,-2.0
22022,1610612742,DAL,Dallas Mavericks,0022201075,2023-03-20,DAL @ MEM,L,238,108,39,84,0.464,11,36,0.306,19,20,0.95,8,29,37,22,5,4,12,19,-4.0
22022,1610612742,DAL,Dallas Mavericks,0022201054,2023-03-17,DAL @ LAL,W,240,111,40,79,0.506,16,34,0.471,15,19,0.789,7,28,35,27,8,4,13,26,1.0
22022,1610612742,DAL,Dallas Mavericks,0022201040,2023-03-15,DAL @ SAS,W,265,137,44,86,0.512,17,33,0.515,32,37,0.865,10,42,52,23,4,4,18,25,9.0
22022,1610612742,DAL,Dallas Mavericks,0022201023,2023-03-13,DAL vs. MEM,L,240,88,35,90,0.389,12,46,0.261,6,8,0.75,8,33,41,23,3,3,13,16,-16.0
22022,1610612742,DAL,Dallas Mavericks,0022201010,2023-03-11,DAL @ MEM,L,240,108,39,85,0.459,15,43,0.349,15,23,0.652,10,33,43,25,4,3,11,17,-4.0
22022,1610612742,DAL,Dallas Mavericks,0022200988,2023-03-08,DAL @ NOP,L,239,106,38,88,0.432,16,46,0.348,14,19,0.737,5,29,34,24,7,0,9,18,-7.0
22022,1610612742,DAL,Dallas Mavericks,0022200983,2023-03-07,DAL vs. UTA,W,240,120,42,89,0.472,19,45,0.422,17,22,0.773,3,40,43,24,10,6,16,20,4.0
22022,1610612742,DAL,Dallas Mavericks,0022200962,2023-03-05,DAL vs. PHX,L,239,126,38,77,0.494,15,38,0.395,35,38,0.921,5,26,31,15,5,0,10,22,-4.0
22022,1610612742,DAL,Dallas Mavericks,0022200943,2023-03-02,DAL vs. PHI,W,240,133,45,82,0.549,25,48,0.521,18,27,0.667,5,26,31,26,8,1,12,22,7.0
22022,1610612742,DAL,Dallas Mavericks,0022200929,2023-02-28,DAL vs. IND,L,240,122,46,91,0.505,12,37,0.324,18,28,0.643,9,29,38,28,5,3,7,29,-2.0
22022,1610612742,DAL,Dallas Mavericks,0022200913,2023-02-26,DAL vs. LAL,L,240,108,39,93,0.419,20,49,0.408,10,14,0.714,11,37,48,21,5,5,16,24,-3.0
22022,1610612742,DAL,Dallas Mavericks,0022200891,2023-02-23,DAL vs. SAS,W,239,142,46,82,0.561,22,42,0.524,28,36,0.778,3,33,36,27,10,5,6,18,26.0
22022,1610612742,DAL,Dallas Mavericks,0022200881,2023-02-15,DAL @ DEN,L,240,109,39,84,0.464,14,39,0.359,17,20,0.85,6,25,31,25,8,3,12,13,-9.0
22022,1610612742,DAL,Dallas Mavericks,0022200865,2023-02-13,DAL vs. MIN,L,239,121,43,84,0.512,13,39,0.333,22,29,0.759,9,24,33,21,5,1,9,21,-3.0
22022,1610612742,DAL,Dallas Mavericks,0022200854,2023-02-11,DAL @ SAC,L,266,128,47,91,0.516,20,51,0.392,14,19,0.737,7,36,43,27,4,4,15,19,-5.0
22022,1610612742,DAL,Dallas Mavericks,0022200844,2023-02-10,DAL @ SAC,W,241,122,43,88,0.489,18,43,0.419,18,19,0.947,11,28,39,34,4,0,9,19,8.0
22022,1610612742,DAL,Dallas Mavericks,0022200829,2023-02-08,DAL @ LAC,W,240,110,41,78,0.526,17,35,0.486,11,17,0.647,8,36,44,26,7,6,18,20,6.0
22022,1610612742,DAL,Dallas Mavericks,0022200813,2023-02-06,DAL @ UTA,W,241,124,41,88,0.466,15,39,0.385,27,31,0.871,17,32,49,26,6,4,13,25,13.0
22022,1610612742,DAL,Dallas Mavericks,0022200800,2023-02-04,DAL @ GSW,L,241,113,39,85,0.459,14,40,0.35,21,27,0.778,10,29,39,22,9,1,14,18,-6.0
22022,1610612742,DAL,Dallas Mavericks,0022200782,2023-02-02,DAL vs. NOP,W,241,111,37,85,0.435,14,41,0.341,23,29,0.793,6,30,36,16,10,3,8,24,5.0
22022,1610612742,DAL,Dallas Mavericks,0022200761,2023-01-30,DAL vs. DET,W,241,111,39,79,0.494,10,34,0.294,23,33,0.697,9,31,40,17,6,1,10,18,6.0
22022,1610612742,DAL,Dallas Mavericks,0022200750,2023-01-28,DAL @ UTA,L,242,100,35,80,0.438,18,46,0.391,12,17,0.706,7,24,31,26,7,3,14,18,-8.0
22022,1610612742,DAL,Dallas Mavericks,0022200734,2023-01-26,DAL @ PHX,W,240,99,33,77,0.429,13,34,0.382,20,28,0.714,7,36,43,20,3,3,7,10,4.0
22022,1610612742,DAL,Dallas Mavericks,0022200717,2023-01-24,DAL vs. WAS,L,241,126,47,89,0.528,10,30,0.333,22,26,0.846,8,30,38,24,6,2,9,25,-1.0
22022,1610612742,DAL,Dallas Mavericks,0022200701,2023-01-22,DAL vs. LAC,L,240,98,35,80,0.438,13,35,0.371,15,26,0.577,12,26,38,15,3,3,10,21,-14.0
22022,1610612742,DAL,Dallas Mavericks,0022200686,2023-01-20,DAL vs. MIA,W,240,115,37,80,0.463,18,38,0.474,23,28,0.821,10,27,37,21,7,1,10,22,25.0
22022,1610612742,DAL,Dallas Mavericks,0022200670,2023-01-18,DAL vs. ATL,L,239,122,44,84,0.524,16,42,0.381,18,24,0.75,10,21,31,26,5,3,16,19,-8.0
22022,1610612742,DAL,Dallas Mavericks,0022200654,2023-01-15,DAL @ POR,L,240,123,41,89,0.461,14,42,0.333,27,33,0.818,13,26,39,31,3,2,9,29,-17.0
22022,1610612742,DAL,Dallas Mavericks,0022200647,2023-01-14,DAL @ POR,L,240,119,43,82,0.524,22,46,0.478,11,19,0.579,2,23,25,28,4,3,10,18,-17.0
22022,1610612742,DAL,Dallas Mavericks,0022200630,2023-01-12,DAL @ LAL,W,289,119,48,96,0.5,14,42,0.333,9,17,0.529,3,51,54,25,4,9,16,26,4.0
22022,1610612742,DAL,Dallas Mavericks,0022200617,2023-01-10,DAL @ LAC,L,241,101,30,69,0.435,12,38,0.316,29,36,0.806,3,29,32,15,5,6,11,17,-12.0
22022,1610612742,DAL,Dallas Mavericks,0022200602,2023-01-08,DAL @ OKC,L,241,109,31,73,0.425,14,39,0.359,33,42,0.786,8,31,39,21,3,1,12,19,-11.0
22022,1610612742,DAL,Dallas Mavericks,0022200593,2023-01-07,DAL vs. NOP,W,241,127,42,74,0.568,13,29,0.448,30,38,0.789,5,34,39,23,5,7,17,24,10.0
22022,1610612742,DAL,Dallas Mavericks,0022200577,2023-01-05,DAL vs. BOS,L,241,95,34,90,0.378,7,32,0.219,20,25,0.8,11,31,42,15,4,3,11,19,-29.0
22022,1610612742,DAL,Dallas Mavericks,0022200556,2023-01-02,DAL @ HOU,W,240,111,34,81,0.42,13,43,0.302,30,34,0.882,8,33,41,19,8,6,8,19,5.0
22022,1610612742,DAL,Dallas Mavericks,0022200542,2022-12-31,DAL @ SAS,W,240,126,50,86,0.581,14,34,0.412,12,21,0.571,6,20,26,21,5,3,5,24,1.0
22022,1610612742,DAL,Dallas Mavericks,0022200528,2022-12-29,DAL vs. HOU,W,240,129,47,91,0.516,18,45,0.4,17,25,0.68,6,38,44,30,7,8,8,26,15.0
22022,1610612742,DAL,Dallas Mavericks,0022200512,2022-12-27,DAL vs. NYK,W,265,126,44,90,0.489,13,46,0.283,25,33,0.758,7,40,47,20,4,5,9,25,5.0
22022,1610612742,DAL,Dallas Mavericks,0022200494,2022-12-25,DAL vs. LAL,W,239,124,44,84,0.524,18,44,0.409,18,25,0.72,11,27,38,31,6,3,11,26,9.0
22022,1610612742,DAL,Dallas Mavericks,0022200487,2022-12-23,DAL @ HOU,W,240,112,36,80,0.45,16,44,0.364,24,27,0.889,7,27,34,20,10,7,14,21,6.0
22022,1610612742,DAL,Dallas Mavericks,0022200473,2022-12-21,DAL @ MIN,W,240,104,34,75,0.453,13,39,0.333,23,27,0.852,7,32,39,17,6,3,13,12,5.0
22022,1610612742,DAL,Dallas Mavericks,0022200456,2022-12-19,DAL @ MIN,L,239,106,31,76,0.408,19,45,0.422,25,31,0.806,8,34,42,23,5,5,15,23,-10.0
22022,1610612742,DAL,Dallas Mavericks,0022200440,2022-12-17,DAL @ CLE,L,266,99,36,88,0.409,15,49,0.306,12,19,0.632,5,40,45,19,5,6,11,20,-1.0
22022,1610612742,DAL,Dallas Mavericks,0022200436,2022-12-16,DAL vs. POR,W,241,130,45,81,0.556,18,43,0.419,22,26,0.846,3,37,40,25,4,5,12,19,20.0
22022,1610612742,DAL,Dallas Mavericks,0022200421,2022-12-14,DAL vs. CLE,L,241,90,29,74,0.392,13,38,0.342,19,26,0.731,6,27,33,17,2,3,12,15,-15.0
22022,1610612742,DAL,Dallas Mavericks,0022200405,2022-12-12,DAL vs. OKC,W,240,121,39,93,0.419,22,54,0.407,21,25,0.84,16,34,50,24,4,3,14,19,7.0
22022,1610612742,DAL,Dallas Mavericks,0022200391,2022-12-10,DAL @ CHI,L,240,115,41,90,0.456,11,44,0.25,22,26,0.846,8,29,37,24,5,4,8,17,-29.0
22022,1610612742,DAL,Dallas Mavericks,0022200386,2022-12-09,DAL vs. MIL,L,240,105,41,88,0.466,13,40,0.325,10,24,0.417,12,31,43,21,8,6,10,21,-1.0
22022,1610612742,DAL,Dallas Mavericks,0022200362,2022-12-06,DAL @ DEN,W,239,116,36,72,0.5,17,36,0.472,27,31,0.871,4,31,35,27,10,4,15,32,1.0
22022,1610612742,DAL,Dallas Mavericks,0022200358,2022-12-05,DAL vs. PHX,W,239,130,44,84,0.524,20,41,0.488,22,26,0.846,10,31,41,23,7,6,12,23,19.0
22022,1610612742,DAL,Dallas Mavericks,0022200337,2022-12-03,DAL @ NYK,W,242,121,43,100,0.43,24,61,0.393,11,14,0.786,14,36,50,27,7,5,11,20,21.0
22022,1610612742,DAL,Dallas Mavericks,0022200325,2022-12-01,DAL @ DET,L,266,125,46,86,0.535,19,46,0.413,14,29,0.483,4,26,30,25,8,7,13,24,-6.0
22022,1610612742,DAL,Dallas Mavericks,0022200310,2022-11-29,DAL vs. GSW,W,239,116,42,91,0.462,15,44,0.341,17,27,0.63,8,31,39,21,7,4,13,21,3.0
22022,1610612742,DAL,Dallas Mavericks,0022200298,2022-11-27,DAL @ MIL,L,239,115,41,80,0.513,17,41,0.415,16,25,0.64,6,26,32,23,6,2,13,17,-9.0
22022,1610612742,DAL,Dallas Mavericks,0022200286,2022-11-26,DAL @ TOR,L,240,100,35,73,0.479,11,39,0.282,19,24,0.792,4,30,34,28,7,5,16,26,-5.0
22022,1610612742,DAL,Dallas Mavericks,0022200264,2022-11-23,DAL @ BOS,L,241,112,44,82,0.537,11,31,0.355,13,21,0.619,5,30,35,20,4,3,14,23,-13.0
22022,1610612742,DAL,Dallas Mavericks,0022200246,2022-11-20,DAL vs. DEN,L,241,97,35,78,0.449,15,42,0.357,12,21,0.571,6,30,36,24,5,3,12,18,-1.0
22022,1610612742,DAL,Dallas Mavericks,0022200230,2022-11-18,DAL vs. DEN,W,240,127,46,77,0.597,13,32,0.406,22,28,0.786,6,38,44,29,5,3,10,19,28.0
22022,1610612742,DAL,Dallas Mavericks,0022200218,2022-11-16,DAL vs. HOU,L,240,92,31,102,0.304,12,55,0.218,18,19,0.947,13,25,38,21,9,2,6,19,-9.0
22022,1610612742,DAL,Dallas Mavericks,0022200207,2022-11-15,DAL vs. LAC,W,240,103,35,80,0.438,17,43,0.395,16,24,0.667,8,26,34,20,12,1,12,20,2.0
22022,1610612742,DAL,Dallas Mavericks,0022200190,2022-11-12,DAL vs. POR,W,239,117,41,81,0.506,14,43,0.326,21,26,0.808,7,33,40,26,8,2,11,27,5.0
22022,1610612742,DAL,Dallas Mavericks,0022200172,2022-11-10,DAL @ WAS,L,240,105,37,86,0.43,18,47,0.383,13,21,0.619,7,34,41,19,9,1,12,13,-8.0
22022,1610612742,DAL,Dallas Mavericks,0022200161,2022-11-09,DAL @ ORL,L,240,87,32,85,0.376,11,42,0.262,12,19,0.632,4,25,29,17,14,4,4,19,-7.0
22022,1610612742,DAL,Dallas Mavericks,0022200155,2022-11-07,DAL vs. BKN,W,240,96,32,72,0.444,12,28,0.429,20,24,0.833,12,29,41,18,7,3,22,20,2.0
22022,1610612742,DAL,Dallas Mavericks,0022200127,2022-11-04,DAL vs. TOR,W,240,111,39,77,0.506,12,34,0.353,21,25,0.84,6,25,31,23,12,3,18,21,1.0
22022,1610612742,DAL,Dallas Mavericks,0022200115,2022-11-02,DAL vs. UTA,W,240,103,42,84,0.5,11,38,0.289,8,15,0.533,7,30,37,20,9,4,11,14,3.0
22022,1610612742,DAL,Dallas Mavericks,0022200093,2022-10-30,DAL vs. ORL,W,241,114,41,83,0.494,11,35,0.314,21,28,0.75,5,32,37,15,10,1,4,22,9.0
22022,1610612742,DAL,Dallas Mavericks,0022200086,2022-10-29,DAL vs. OKC,L,264,111,38,95,0.4,8,40,0.2,27,34,0.794,12,37,49,17,8,5,16,30,-6.0
22022,1610612742,DAL,Dallas Mavericks,0022200066,2022-10-27,DAL @ BKN,W,266,129,41,81,0.506,20,40,0.5,27,35,0.771,7,30,37,25,8,4,17,23,4.0
22022,1610612742,DAL,Dallas Mavericks,0022200053,2022-10-25,DAL @ NOP,L,240,111,41,82,0.5,12,39,0.308,17,24,0.708,11,26,37,18,8,5,11,16,-2.0
22022,1610612742,DAL,Dallas Mavericks,0022200034,2022-10-22,DAL vs. MEM,W,238,137,45,90,0.5,17,39,0.436,30,36,0.833,15,37,52,23,7,7,15,24,41.0
22022,1610612742,DAL,Dallas Mavericks,0022200013,2022-10-19,DAL @ PHX,L,240,105,35,75,0.467,14,35,0.4,21,34,0.618,5,35,40,17,6,4,12,22,-2.0
12022,1610612742,DAL,Dallas Mavericks,0012200068,2022-10-14,DAL @ UTA,W,240,115,38,85,0.447,17,47,0.362,22,33,0.667,6,30,36,28,17,8,13,23,14.0
12022,1610612742,DAL,Dallas Mavericks,0012200035,2022-10-07,DAL vs. ORL,L,242,105,35,81,0.432,17,47,0.362,18,22,0.818,3,32,35,25,6,5,13,21,-5.0
12022,1610612742,DAL,Dallas Mavericks,0012200021,2022-10-05,DAL @ OKC,W,240,98,35,82,0.427,13,41,0.317,15,16,0.938,9,35,44,20,13,2,23,25,2.0
42021,1610612742,DAL,Dallas Mavericks,0042100315,2022-05-26,DAL @ GSW,L,239,110,37,82,0.451,17,42,0.405,19,25,0.76,6,28,34,22,6,4,7,18,-10.0
42021,1610612742,DAL,Dallas Mavericks,0042100314,2022-05-24,DAL vs. GSW,W,240,119,41,82,0.5,20,43,0.465,17,22,0.773,4,41,45,30,4,6,8,19,10.0
42021,1610612742,DAL,Dallas Mavericks,0042100313,2022-05-22,DAL vs. GSW,L,241,100,30,75,0.4,13,45,0.289,27,34,0.794,7,26,33,18,4,2,7,18,-9.0
42021,1610612742,DAL,Dallas Mavericks,0042100312,2022-05-20,DAL @ GSW,L,239,117,37,78,0.474,21,45,0.467,22,29,0.759,4,26,30,22,7,5,12,20,-9.0
42021,1610612742,DAL,Dallas Mavericks,0042100311,2022-05-18,DAL @ GSW,L,240,87,31,86,0.36,11,48,0.229,14,21,0.667,9,26,35,14,7,1,13,17,-25.0
42021,1610612742,DAL,Dallas Mavericks,0042100227,2022-05-15,DAL @ PHX,W,239,123,46,81,0.568,19,39,0.487,12,12,1.0,6,37,43,14,9,6,11,17,33.0
42021,1610612742,DAL,Dallas Mavericks,0042100226,2022-05-12,DAL vs. PHX,W,239,113,35,77,0.455,16,39,0.41,27,36,0.75,7,32,39,18,16,4,6,23,27.0
42021,1610612742,DAL,Dallas Mavericks,0042100225,2022-05-10,DAL @ PHX,L,242,80,27,71,0.38,8,32,0.25,18,27,0.667,6,32,38,9,7,0,16,21,-30.0
42021,1610612742,DAL,Dallas Mavericks,0042100224,2022-05-08,DAL vs. PHX,W,240,111,38,85,0.447,20,44,0.455,15,19,0.789,10,27,37,22,5,1,11,21,10.0
42021,1610612742,DAL,Dallas Mavericks,0042100223,2022-05-06,DAL vs. PHX,W,238,103,40,90,0.444,13,39,0.333,10,13,0.769,8,28,36,25,12,4,8,19,9.0
42021,1610612742,DAL,Dallas Mavericks,0042100222,2022-05-04,DAL @ PHX,L,241,109,36,79,0.456,17,41,0.415,20,24,0.833,7,18,25,19,7,1,14,26,-20.0
42021,1610612742,DAL,Dallas Mavericks,0042100221,2022-05-02,DAL @ PHX,L,239,114,40,85,0.471,16,39,0.41,18,25,0.72,7,29,36,16,6,2,8,22,-7.0
42021,1610612742,DAL,Dallas Mavericks,0042100176,2022-04-28,DAL @ UTA,W,240,98,36,80,0.45,17,43,0.395,9,11,0.818,3,34,37,22,6,4,9,19,2.0
42021,1610612742,DAL,Dallas Mavericks,0042100175,2022-04-25,DAL vs. UTA,W,240,102,37,85,0.435,12,43,0.279,16,21,0.762,11,38,49,16,6,1,10,18,25.0
42021,1610612742,DAL,Dallas Mavericks,0042100174,2022-04-23,DAL @ UTA,L,240,99,33,77,0.429,15,44,0.341,18,23,0.783,7,36,43,15,4,2,11,29,-1.0
42021,1610612742,DAL,Dallas Mavericks,0042100173,2022-04-21,DAL @ UTA,W,239,126,41,83,0.494,18,42,0.429,26,31,0.839,6,26,32,24,10,1,8,32,8.0
42021,1610612742,DAL,Dallas Mavericks,0042100172,2022-04-18,DAL vs. UTA,W,241,110,39,83,0.47,22,47,0.468,10,13,0.769,2,29,31,22,5,2,3,19,6.0
42021,1610612742,DAL,Dallas Mavericks,0042100171,2022-04-16,DAL vs. UTA,L,239,93,29,76,0.382,9,32,0.281,26,34,0.765,7,27,34,17,8,4,7,22,-6.0
22021,1610612742,DAL,Dallas Mavericks,0022101219,2022-04-10,DAL vs. SAS,W,240,130,46,85,0.541,20,36,0.556,18,23,0.783,10,33,43,34,5,3,16,16,10.0
22021,1610612742,DAL,Dallas Mavericks,0022101209,2022-04-08,DAL vs. POR,W,241,128,42,79,0.532,20,45,0.444,24,31,0.774,9,42,51,25,9,5,14,19,50.0
22021,1610612742,DAL,Dallas Mavericks,0022101190,2022-04-06,DAL @ DET,W,238,131,45,80,0.563,15,33,0.455,26,34,0.765,8,33,41,28,8,1,10,24,18.0
22021,1610612742,DAL,Dallas Mavericks,0022101167,2022-04-03,DAL @ MIL,W,239,118,39,76,0.513,16,38,0.421,24,27,0.889,2,36,38,28,7,3,12,20,6.0
22021,1610612742,DAL,Dallas Mavericks,0022101152,2022-04-01,DAL @ WAS,L,239,103,34,78,0.436,11,38,0.289,24,26,0.923,5,31,36,14,3,3,13,16,-32.0
22021,1610612742,DAL,Dallas Mavericks,0022101136,2022-03-30,DAL @ CLE,W,241,120,46,88,0.523,16,42,0.381,12,15,0.8,9,29,38,28,6,6,11,17,8.0
22021,1610612742,DAL,Dallas Mavericks,0022101134,2022-03-29,DAL vs. LAL,W,241,128,45,87,0.517,20,46,0.435,18,23,0.783,11,35,46,27,5,1,7,14,18.0
22021,1610612742,DAL,Dallas Mavericks,0022101121,2022-03-27,DAL vs. UTA,W,242,114,40,77,0.519,17,34,0.5,17,24,0.708,10,35,45,21,3,2,8,13,14.0
22021,1610612742,DAL,Dallas Mavericks,0022101104,2022-03-25,DAL @ MIN,L,240,95,35,90,0.389,10,43,0.233,15,19,0.789,10,35,45,21,4,5,10,19,-21.0
22021,1610612742,DAL,Dallas Mavericks,0022101092,2022-03-23,DAL vs. HOU,W,240,110,42,86,0.488,8,33,0.242,18,22,0.818,8,34,42,24,9,1,12,24,19.0
22021,1610612742,DAL,Dallas Mavericks,0022101079,2022-03-21,DAL vs. MIN,W,241,110,40,83,0.482,14,46,0.304,16,21,0.762,7,40,47,27,5,3,11,21,2.0
22021,1610612742,DAL,Dallas Mavericks,0022101059,2022-03-19,DAL @ CHA,L,241,108,39,89,0.438,14,38,0.368,16,20,0.8,12,32,44,18,4,4,13,26,-21.0
22021,1610612742,DAL,Dallas Mavericks,0022101046,2022-03-18,DAL @ PHI,L,241,101,37,80,0.463,12,32,0.375,15,21,0.714,11,29,40,21,4,3,12,17,-10.0
22021,1610612742,DAL,Dallas Mavericks,0022101036,2022-03-16,DAL @ BKN,W,239,113,41,83,0.494,12,34,0.353,19,19,1.0,9,28,37,21,5,2,10,17,2.0
22021,1610612742,DAL,Dallas Mavericks,0022101014,2022-03-13,DAL @ BOS,W,241,95,33,74,0.446,15,37,0.405,14,19,0.737,4,38,42,20,7,5,17,16,3.0
22021,1610612742,DAL,Dallas Mavericks,0022100999,2022-03-11,DAL @ HOU,W,240,113,40,88,0.455,11,36,0.306,22,28,0.786,12,35,47,20,6,8,13,21,13.0
22021,1610612742,DAL,Dallas Mavericks,0022100988,2022-03-09,DAL vs. NYK,L,241,77,27,86,0.314,6,44,0.136,17,25,0.68,12,25,37,11,3,4,8,24,-30.0
22021,1610612742,DAL,Dallas Mavericks,0022100972,2022-03-07,DAL vs. UTA,W,239,111,39,88,0.443,17,46,0.37,16,20,0.8,9,34,43,19,9,5,9,21,8.0
22021,1610612742,DAL,Dallas Mavericks,0022100954,2022-03-05,DAL vs. SAC,W,241,114,40,84,0.476,14,36,0.389,20,27,0.741,10,29,39,22,7,2,10,22,1.0
22021,1610612742,DAL,Dallas Mavericks,0022100943,2022-03-03,DAL vs. GSW,W,240,122,45,85,0.529,17,37,0.459,15,20,0.75,8,24,32,29,7,1,9,16,9.0
22021,1610612742,DAL,Dallas Mavericks,0022100931,2022-03-01,DAL @ LAL,W,239,109,41,82,0.5,10,35,0.286,17,27,0.63,10,35,45,24,8,7,13,19,5.0
22021,1610612742,DAL,Dallas Mavericks,0022100917,2022-02-27,DAL @ GSW,W,240,107,39,78,0.5,13,34,0.382,16,20,0.8,6,39,45,16,5,7,18,18,6.0
22021,1610612742,DAL,Dallas Mavericks,0022100903,2022-02-25,DAL @ UTA,L,241,109,42,88,0.477,17,39,0.436,8,8,1.0,8,22,30,22,9,3,11,21,-5.0
22021,1610612742,DAL,Dallas Mavericks,0022100886,2022-02-17,DAL @ NOP,W,239,125,44,82,0.537,19,40,0.475,18,25,0.72,7,31,38,18,5,4,8,22,7.0
22021,1610612742,DAL,Dallas Mavericks,0022100868,2022-02-15,DAL @ MIA,W,240,107,34,76,0.447,18,41,0.439,21,33,0.636,12,26,38,27,5,7,8,26,8.0
22021,1610612742,DAL,Dallas Mavericks,0022100853,2022-02-12,DAL vs. LAC,L,239,97,35,85,0.412,15,39,0.385,12,19,0.632,13,31,44,16,4,0,14,17,-2.0
22021,1610612742,DAL,Dallas Mavericks,0022100835,2022-02-10,DAL vs. LAC,W,240,112,38,78,0.487,13,39,0.333,23,27,0.852,8,33,41,19,4,3,13,23,7.0
22021,1610612742,DAL,Dallas Mavericks,0022100820,2022-02-08,DAL vs. DET,W,241,116,40,79,0.506,18,36,0.5,18,23,0.783,6,41,47,24,10,5,13,18,30.0
22021,1610612742,DAL,Dallas Mavericks,0022100807,2022-02-06,DAL vs. ATL,W,239,103,38,88,0.432,16,36,0.444,11,13,0.846,12,36,48,25,8,5,14,25,9.0
22021,1610612742,DAL,Dallas Mavericks,0022100791,2022-02-04,DAL vs. PHI,W,239,107,39,85,0.459,10,34,0.294,19,23,0.826,11,29,40,22,8,0,10,18,9.0
22021,1610612742,DAL,Dallas Mavericks,0022100778,2022-02-02,DAL vs. OKC,L,266,114,46,98,0.469,14,43,0.326,8,10,0.8,13,26,39,28,12,8,13,21,-6.0
22021,1610612742,DAL,Dallas Mavericks,0022100755,2022-01-30,DAL @ ORL,L,240,108,39,81,0.481,16,38,0.421,14,18,0.778,7,33,40,22,9,4,18,19,-2.0
22021,1610612742,DAL,Dallas Mavericks,0022100746,2022-01-29,DAL vs. IND,W,237,132,51,96,0.531,16,34,0.471,14,22,0.636,11,35,46,31,8,7,5,19,27.0
22021,1610612742,DAL,Dallas Mavericks,0022100732,2022-01-26,DAL @ POR,W,238,132,48,88,0.545,16,36,0.444,20,26,0.769,6,39,45,35,6,6,8,21,20.0
22021,1610612742,DAL,Dallas Mavericks,0022100720,2022-01-25,DAL @ GSW,L,240,92,32,91,0.352,10,40,0.25,18,18,1.0,10,29,39,17,9,4,11,17,-38.0
22021,1610612742,DAL,Dallas Mavericks,0022100705,2022-01-23,DAL vs. MEM,W,242,104,36,74,0.486,9,30,0.3,23,31,0.742,9,33,42,22,10,12,15,23,13.0
22021,1610612742,DAL,Dallas Mavericks,0022100682,2022-01-20,DAL vs. PHX,L,239,101,37,85,0.435,11,37,0.297,16,20,0.8,10,40,50,19,1,3,19,22,-8.0
22021,1610612742,DAL,Dallas Mavericks,0022100675,2022-01-19,DAL vs. TOR,W,239,102,37,76,0.487,9,33,0.273,19,20,0.95,10,35,45,23,5,0,16,20,4.0
22021,1610612742,DAL,Dallas Mavericks,0022100663,2022-01-17,DAL vs. OKC,W,242,104,35,88,0.398,12,37,0.324,22,28,0.786,11,36,47,28,10,7,11,19,2.0
22021,1610612742,DAL,Dallas Mavericks,0022100650,2022-01-15,DAL vs. ORL,W,239,108,32,78,0.41,12,34,0.353,32,38,0.842,12,35,47,16,6,3,9,18,16.0
22021,1610612742,DAL,Dallas Mavericks,0022100639,2022-01-14,DAL @ MEM,W,240,112,47,91,0.516,8,32,0.25,10,16,0.625,8,44,52,30,8,1,13,19,27.0
22021,1610612742,DAL,Dallas Mavericks,0022100622,2022-01-12,DAL @ NYK,L,238,85,32,78,0.41,8,37,0.216,13,19,0.684,5,34,39,16,6,2,13,18,-23.0
22021,1610612742,DAL,Dallas Mavericks,0022100603,2022-01-09,DAL vs. CHI,W,239,113,44,88,0.5,16,36,0.444,9,9,1.0,7,41,48,28,4,2,9,14,14.0
22021,1610612742,DAL,Dallas Mavericks,0022100586,2022-01-07,DAL @ HOU,W,238,130,49,90,0.544,17,38,0.447,15,28,0.536,11,44,55,34,6,4,14,24,24.0
22021,1610612742,DAL,Dallas Mavericks,0022100572,2022-01-05,DAL vs. GSW,W,238,99,33,87,0.379,12,40,0.3,21,26,0.808,10,36,46,22,6,5,12,15,17.0
22021,1610612742,DAL,Dallas Mavericks,0022100558,2022-01-03,DAL vs. DEN,W,242,103,35,78,0.449,14,37,0.378,19,21,0.905,5,23,28,23,12,5,11,21,14.0
22021,1610612742,DAL,Dallas Mavericks,0022100550,2022-01-02,DAL @ OKC,W,239,95,38,85,0.447,14,39,0.359,5,7,0.714,7,41,48,28,9,3,16,12,9.0
22021,1610612742,DAL,Dallas Mavericks,0022100531,2021-12-31,DAL @ SAC,W,240,112,42,81,0.519,9,22,0.409,19,22,0.864,10,37,47,30,5,7,11,14,16.0
22021,1610612742,DAL,Dallas Mavericks,0022100524,2021-12-29,DAL @ SAC,L,240,94,38,81,0.469,9,24,0.375,9,13,0.692,7,29,36,23,7,5,11,19,-1.0
22021,1610612742,DAL,Dallas Mavericks,0022100506,2021-12-27,DAL @ POR,W,240,132,48,84,0.571,12,33,0.364,24,33,0.727,10,31,41,38,6,4,13,31,15.0
22021,1610612742,DAL,Dallas Mavericks,0022100492,2021-12-25,DAL @ UTA,L,242,116,38,89,0.427,10,30,0.333,30,35,0.857,8,35,43,19,7,3,13,31,-4.0
22021,1610612742,DAL,Dallas Mavericks,0022100481,2021-12-23,DAL vs. MIL,L,241,95,35,86,0.407,12,45,0.267,13,17,0.765,8,35,43,25,6,2,11,21,-7.0
22021,1610612742,DAL,Dallas Mavericks,0022100468,2021-12-21,DAL vs. MIN,W,241,114,42,86,0.488,11,34,0.324,19,23,0.826,10,34,44,30,11,3,10,22,12.0
22021,1610612742,DAL,Dallas Mavericks,0022100455,2021-12-19,DAL @ MIN,L,241,105,36,82,0.439,12,41,0.293,21,22,0.955,7,34,41,27,5,2,10,25,-6.0
22021,1610612742,DAL,Dallas Mavericks,0022100420,2021-12-15,DAL vs. LAL,L,265,104,39,98,0.398,12,44,0.273,14,17,0.824,8,43,51,22,4,3,11,21,-3.0
22021,1610612742,DAL,Dallas Mavericks,0022100410,2021-12-13,DAL vs. CHA,W,239,120,43,83,0.518,19,41,0.463,15,17,0.882,14,36,50,28,4,8,9,19,24.0
22021,1610612742,DAL,Dallas Mavericks,0022100400,2021-12-12,DAL @ OKC,W,239,103,38,90,0.422,9,33,0.273,18,23,0.783,10,44,54,25,5,5,6,18,19.0
22021,1610612742,DAL,Dallas Mavericks,0022100383,2021-12-10,DAL @ IND,L,241,93,39,84,0.464,4,29,0.138,11,12,0.917,12,25,37,18,7,2,12,18,-13.0
22021,1610612742,DAL,Dallas Mavericks,0022100373,2021-12-08,DAL @ MEM,W,239,104,37,77,0.481,12,33,0.364,18,23,0.783,10,37,47,24,5,6,18,21,8.0
22021,1610612742,DAL,Dallas Mavericks,0022100363,2021-12-07,DAL vs. BKN,L,241,99,36,90,0.4,9,46,0.196,18,22,0.818,10,29,39,21,6,2,4,15,-3.0
22021,1610612742,DAL,Dallas Mavericks,0022100345,2021-12-04,DAL vs. MEM,L,241,90,31,92,0.337,15,43,0.349,13,19,0.684,14,28,42,19,10,1,13,21,-7.0
22021,1610612742,DAL,Dallas Mavericks,0022100338,2021-12-03,DAL vs. NOP,L,240,91,32,79,0.405,10,34,0.294,17,26,0.654,5,37,42,17,4,3,15,23,-16.0
22021,1610612742,DAL,Dallas Mavericks,0022100325,2021-12-01,DAL @ NOP,W,238,139,57,83,0.687,18,34,0.529,7,9,0.778,9,25,34,32,7,2,18,19,32.0
22021,1610612742,DAL,Dallas Mavericks,0022100310,2021-11-29,DAL vs. CLE,L,240,96,39,89,0.438,12,39,0.308,6,15,0.4,7,26,33,20,8,7,10,15,-18.0
22021,1610612742,DAL,Dallas Mavericks,0022100298,2021-11-27,DAL vs. WAS,L,240,114,42,89,0.472,14,38,0.368,16,22,0.727,9,26,35,23,7,4,7,21,-6.0
22021,1610612742,DAL,Dallas Mavericks,0022100266,2021-11-23,DAL @ LAC,W,264,112,39,89,0.438,12,39,0.308,22,27,0.815,12,30,42,22,11,5,14,23,8.0
22021,1610612742,DAL,Dallas Mavericks,0022100248,2021-11-21,DAL @ LAC,L,241,91,34,83,0.41,6,30,0.2,17,18,0.944,8,31,39,21,6,5,10,21,-6.0
22021,1610612742,DAL,Dallas Mavericks,0022100237,2021-11-19,DAL @ PHX,L,241,104,37,90,0.411,12,40,0.3,18,23,0.783,10,30,40,25,15,1,10,17,-8.0
22021,1610612742,DAL,Dallas Mavericks,0022100222,2021-11-17,DAL @ PHX,L,242,98,38,91,0.418,16,32,0.5,6,6,1.0,8,41,49,28,5,2,10,14,-7.0
22021,1610612742,DAL,Dallas Mavericks,0022100204,2021-11-15,DAL vs. DEN,W,242,111,45,90,0.5,14,36,0.389,7,10,0.7,10,34,44,30,7,2,8,19,10.0
22021,1610612742,DAL,Dallas Mavericks,0022100181,2021-11-12,DAL @ SAS,W,240,123,46,100,0.46,18,45,0.4,13,19,0.684,10,38,48,30,9,7,5,18,14.0
22021,1610612742,DAL,Dallas Mavericks,0022100163,2021-11-10,DAL @ CHI,L,239,107,38,83,0.458,12,33,0.364,19,24,0.792,8,35,43,23,9,4,12,16,-10.0
22021,1610612742,DAL,Dallas Mavericks,0022100150,2021-11-08,DAL vs. NOP,W,240,108,43,85,0.506,14,35,0.4,8,13,0.615,9,37,46,27,7,3,12,15,16.0
22021,1610612742,DAL,Dallas Mavericks,0022100136,2021-11-06,DAL vs. BOS,W,241,107,41,78,0.526,13,39,0.333,12,14,0.857,7,33,40,19,7,6,15,18,3.0
22021,1610612742,DAL,Dallas Mavericks,0022100116,2021-11-03,DAL @ SAS,W,240,109,40,93,0.43,8,34,0.235,21,29,0.724,15,41,56,21,10,4,19,23,1.0
22021,1610612742,DAL,Dallas Mavericks,0022100104,2021-11-02,DAL vs. MIA,L,242,110,37,84,0.44,14,42,0.333,22,31,0.71,11,30,41,17,1,3,9,21,-15.0
22021,1610612742,DAL,Dallas Mavericks,0022100089,2021-10-31,DAL vs. SAC,W,240,105,40,90,0.444,12,37,0.324,13,20,0.65,10,35,45,24,8,4,9,20,6.0
22021,1610612742,DAL,Dallas Mavericks,0022100075,2021-10-29,DAL @ DEN,L,240,75,23,78,0.295,8,37,0.216,21,27,0.778,6,30,36,14,8,3,15,17,-31.0
22021,1610612742,DAL,Dallas Mavericks,0022100069,2021-10-28,DAL vs. SAS,W,240,104,41,89,0.461,18,45,0.4,4,13,0.308,9,36,45,18,4,7,12,19,5.0
22021,1610612742,DAL,Dallas Mavericks,0022100052,2021-10-26,DAL vs. HOU,W,239,116,43,93,0.462,12,43,0.279,18,25,0.72,14,36,50,25,9,7,14,22,10.0
22021,1610612742,DAL,Dallas Mavericks,0022100029,2021-10-23,DAL @ TOR,W,240,103,38,91,0.418,14,42,0.333,13,18,0.722,13,37,50,24,6,6,9,22,8.0
22021,1610612742,DAL,Dallas Mavericks,0022100014,2021-10-21,DAL @ ATL,L,240,87,31,93,0.333,13,43,0.302,12,13,0.923,10,40,50,16,7,3,15,21,-26.0
12021,1610612742,DAL,Dallas Mavericks,0012100064,2021-10-15,DAL @ MIL,W,241,114,44,98,0.449,14,39,0.359,12,14,0.857,18,37,55,30,9,5,12,17,11.0
12021,1610612742,DAL,Dallas Mavericks,0012100048,2021-10-13,DAL @ CHA,W,240,127,47,92,0.511,18,46,0.391,15,20,0.75,15,44,59,29,12,8,11,22,68.0
12021,1610612742,DAL,Dallas Mavericks,0012100028,2021-10-08,DAL vs. LAC,W,238,122,45,96,0.469,7,33,0.212,25,36,0.694,15,45,60,35,13,8,14,26,8.0
12021,1610612742,DAL,Dallas Mavericks,0012100018,2021-10-06,DAL vs. UTA,W,240,111,43,91,0.473,11,30,0.367,14,20,0.7,9,45,54,25,5,5,14,16,10.0
42020,1610612742,DAL,Dallas Mavericks,0042000177,2021-06-06,DAL @ LAC,L,239,111,45,91,0.495,10,36,0.278,11,17,0.647,16,31,47,22,4,1,14,21,-15.0
42020,1610612742,DAL,Dallas Mavericks,0042000176,2021-06-04,DAL vs. LAC,L,240,97,37,89,0.416,11,34,0.324,12,14,0.857,8,34,42,23,9,2,11,21,-7.0
42020,1610612742,DAL,Dallas Mavericks,0042000175,2021-06-02,DAL @ LAC,W,240,105,37,89,0.416,14,36,0.389,17,19,0.895,11,34,45,21,9,2,8,23,5.0
42020,1610612742,DAL,Dallas Mavericks,0042000174,2021-05-30,DAL vs. LAC,L,240,81,31,89,0.348,5,30,0.167,14,22,0.636,10,31,41,15,3,1,8,20,-25.0
42020,1610612742,DAL,Dallas Mavericks,0042000173,2021-05-28,DAL vs. LAC,L,241,108,38,86,0.442,20,39,0.513,12,18,0.667,13,20,33,17,4,2,8,17,-10.0
42020,1610612742,DAL,Dallas Mavericks,0042000172,2021-05-25,DAL @ LAC,W,240,127,48,82,0.585,18,34,0.529,13,24,0.542,4,30,34,25,8,4,11,19,6.0
42020,1610612742,DAL,Dallas Mavericks,0042000171,2021-05-22,DAL @ LAC,W,240,113,38,76,0.5,17,36,0.472,20,26,0.769,10,32,42,22,2,3,12,21,10.0
22020,1610612742,DAL,Dallas Mavericks,0022001071,2021-05-16,DAL @ MIN,L,239,121,44,91,0.484,16,38,0.421,17,20,0.85,11,27,38,32,5,5,16,19,-15.0
22020,1610612742,DAL,Dallas Mavericks,0022001057,2021-05-14,DAL vs. TOR,W,239,114,39,90,0.433,17,42,0.405,19,21,0.905,11,31,42,27,4,3,8,18,4.0
22020,1610612742,DAL,Dallas Mavericks,0022000154,2021-05-12,DAL vs. NOP,W,238,125,47,96,0.49,15,45,0.333,16,20,0.8,9,39,48,23,4,2,8,27,18.0
22020,1610612742,DAL,Dallas Mavericks,0022001037,2021-05-11,DAL @ MEM,L,240,104,37,88,0.42,12,38,0.316,18,19,0.947,13,22,35,23,8,2,12,15,-29.0
22020,1610612742,DAL,Dallas Mavericks,0022001021,2021-05-09,DAL @ CLE,W,239,124,50,93,0.538,15,39,0.385,9,11,0.818,8,34,42,33,9,7,10,24,27.0
22020,1610612742,DAL,Dallas Mavericks,0022001007,2021-05-07,DAL vs. CLE,W,240,110,41,83,0.494,10,32,0.313,18,22,0.818,9,36,45,21,7,7,9,22,20.0
22020,1610612742,DAL,Dallas Mavericks,0022000998,2021-05-06,DAL vs. BKN,W,240,113,40,89,0.449,15,34,0.441,18,26,0.692,12,39,51,23,10,3,12,15,4.0
22020,1610612742,DAL,Dallas Mavericks,0022000986,2021-05-04,DAL @ MIA,W,240,127,46,87,0.529,22,48,0.458,13,18,0.722,12,32,44,26,6,4,13,17,14.0
22020,1610612742,DAL,Dallas Mavericks,0022000970,2021-05-02,DAL vs. SAC,L,238,99,34,81,0.42,6,35,0.171,25,31,0.806,13,27,40,16,12,4,16,16,-12.0
22020,1610612742,DAL,Dallas Mavericks,0022000964,2021-05-01,DAL vs. WAS,W,239,125,47,87,0.54,17,38,0.447,14,22,0.636,7,29,36,31,6,4,11,25,1.0
22020,1610612742,DAL,Dallas Mavericks,0022000943,2021-04-29,DAL @ DET,W,241,115,40,89,0.449,13,30,0.433,22,23,0.957,8,27,35,22,6,2,11,20,10.0
22020,1610612742,DAL,Dallas Mavericks,0022000932,2021-04-27,DAL @ GSW,W,239,133,48,92,0.522,18,35,0.514,19,22,0.864,9,41,50,21,9,4,13,19,30.0
22020,1610612742,DAL,Dallas Mavericks,0022000926,2021-04-26,DAL @ SAC,L,241,106,43,92,0.467,12,42,0.286,8,14,0.571,14,26,40,24,9,2,10,15,-7.0
22020,1610612742,DAL,Dallas Mavericks,0022000908,2021-04-24,DAL vs. LAL,W,239,108,38,78,0.487,13,30,0.433,19,25,0.76,10,41,51,26,3,2,16,17,15.0
22020,1610612742,DAL,Dallas Mavericks,0022000897,2021-04-22,DAL vs. LAL,W,240,115,40,82,0.488,9,24,0.375,26,36,0.722,9,29,38,23,11,5,12,15,5.0
22020,1610612742,DAL,Dallas Mavericks,0022000442,2021-04-21,DAL vs. DET,W,241,127,46,92,0.5,16,43,0.372,19,26,0.731,11,32,43,25,8,2,6,22,10.0
22020,1610612742,DAL,Dallas Mavericks,0022000866,2021-04-18,DAL vs. SAC,L,239,107,39,87,0.448,16,48,0.333,13,20,0.65,10,32,42,15,3,8,14,20,-14.0
22020,1610612742,DAL,Dallas Mavericks,0022000854,2021-04-16,DAL vs. NYK,L,240,109,40,91,0.44,15,45,0.333,14,19,0.737,10,31,41,30,6,7,9,17,-8.0
22020,1610612742,DAL,Dallas Mavericks,0022000837,2021-04-14,DAL @ MEM,W,239,114,44,88,0.5,13,40,0.325,13,17,0.765,8,37,45,25,4,3,11,17,1.0
22020,1610612742,DAL,Dallas Mavericks,0022000818,2021-04-12,DAL vs. PHI,L,240,95,35,83,0.422,9,36,0.25,16,20,0.8,11,35,46,16,7,3,15,24,-18.0
22020,1610612742,DAL,Dallas Mavericks,0022000810,2021-04-11,DAL vs. SAS,L,240,117,45,94,0.479,13,42,0.31,14,15,0.933,11,26,37,25,5,3,12,21,-2.0
22020,1610612742,DAL,Dallas Mavericks,0022000786,2021-04-08,DAL vs. MIL,W,240,116,43,97,0.443,17,45,0.378,13,18,0.722,15,41,56,23,6,8,11,15,15.0
22020,1610612742,DAL,Dallas Mavericks,0022000456,2021-04-07,DAL @ HOU,L,239,93,33,87,0.379,10,39,0.256,17,22,0.773,11,35,46,16,4,5,9,15,-9.0
22020,1610612742,DAL,Dallas Mavericks,0022000764,2021-04-05,DAL vs. UTA,W,240,111,41,91,0.451,23,49,0.469,6,8,0.75,10,34,44,22,2,2,9,18,8.0
22020,1610612742,DAL,Dallas Mavericks,0022000747,2021-04-03,DAL @ WAS,W,241,109,40,90,0.444,10,30,0.333,19,24,0.792,14,36,50,17,7,4,7,22,22.0
22020,1610612742,DAL,Dallas Mavericks,0022000739,2021-04-02,DAL @ NYK,W,241,99,41,88,0.466,12,37,0.324,5,10,0.5,4,43,47,19,6,2,10,12,13.0
22020,1610612742,DAL,Dallas Mavericks,0022000723,2021-03-31,DAL @ BOS,W,241,113,38,77,0.494,19,39,0.487,18,25,0.72,4,39,43,20,6,4,16,18,5.0
22020,1610612742,DAL,Dallas Mavericks,0022000713,2021-03-29,DAL @ OKC,W,239,127,51,96,0.531,16,44,0.364,9,13,0.692,8,35,43,30,11,3,8,21,21.0
22020,1610612742,DAL,Dallas Mavericks,0022000698,2021-03-27,DAL @ NOP,L,240,103,37,83,0.446,10,31,0.323,19,24,0.792,10,28,38,19,2,4,7,20,-9.0
22020,1610612742,DAL,Dallas Mavericks,0022000690,2021-03-26,DAL vs. IND,L,242,94,39,95,0.411,8,35,0.229,8,14,0.571,15,36,51,17,4,4,15,18,-15.0
22020,1610612742,DAL,Dallas Mavericks,0022000673,2021-03-24,DAL @ MIN,W,240,128,48,99,0.485,16,44,0.364,16,22,0.727,14,39,53,27,5,6,10,22,20.0
22020,1610612742,DAL,Dallas Mavericks,0022000652,2021-03-21,DAL @ POR,W,241,132,48,86,0.558,19,37,0.514,17,20,0.85,8,44,52,23,4,3,10,17,40.0
22020,1610612742,DAL,Dallas Mavericks,0022000639,2021-03-19,DAL @ POR,L,241,119,44,81,0.543,19,42,0.452,12,13,0.923,5,34,39,25,4,4,12,16,-6.0
22020,1610612742,DAL,Dallas Mavericks,0022000625,2021-03-17,DAL vs. LAC,W,241,105,40,79,0.506,15,34,0.441,10,12,0.833,6,37,43,14,7,7,18,16,16.0
22020,1610612742,DAL,Dallas Mavericks,0022000605,2021-03-15,DAL vs. LAC,L,240,99,39,79,0.494,17,41,0.415,4,5,0.8,4,29,33,24,8,4,14,16,-10.0
22020,1610612742,DAL,Dallas Mavericks,0022000592,2021-03-13,DAL @ DEN,W,240,116,42,86,0.488,18,46,0.391,14,16,0.875,11,37,48,26,5,3,8,19,13.0
22020,1610612742,DAL,Dallas Mavericks,0022000575,2021-03-11,DAL @ OKC,L,240,108,35,82,0.427,15,34,0.441,23,33,0.697,6,31,37,20,4,9,6,22,-8.0
22020,1610612742,DAL,Dallas Mavericks,0022000567,2021-03-10,DAL vs. SAS,W,240,115,43,83,0.518,13,40,0.325,16,19,0.842,13,38,51,29,3,1,14,19,11.0
22020,1610612742,DAL,Dallas Mavericks,0022000549,2021-03-03,DAL vs. OKC,W,239,87,32,83,0.386,8,40,0.2,15,19,0.789,7,46,53,18,8,3,12,13,9.0
22020,1610612742,DAL,Dallas Mavericks,0022000529,2021-03-01,DAL @ ORL,W,240,130,47,90,0.522,17,46,0.37,19,23,0.826,7,39,46,29,6,6,8,12,6.0
22020,1610612742,DAL,Dallas Mavericks,0022000519,2021-02-27,DAL @ BKN,W,241,115,45,86,0.523,14,36,0.389,11,17,0.647,6,30,36,23,12,8,8,15,17.0
22020,1610612742,DAL,Dallas Mavericks,0022000498,2021-02-25,DAL @ PHI,L,241,97,32,78,0.41,13,34,0.382,20,23,0.87,10,40,50,17,2,9,18,21,-14.0
22020,1610612742,DAL,Dallas Mavericks,0022000485,2021-02-23,DAL vs. BOS,W,241,110,42,89,0.472,13,33,0.394,13,15,0.867,8,30,38,19,5,1,9,17,3.0
22020,1610612742,DAL,Dallas Mavericks,0022000476,2021-02-22,DAL vs. MEM,W,241,102,35,80,0.438,15,41,0.366,17,26,0.654,5,44,49,17,6,4,16,18,10.0
22020,1610612742,DAL,Dallas Mavericks,0022000411,2021-02-14,DAL vs. POR,L,239,118,40,81,0.494,14,41,0.341,24,25,0.96,10,25,35,19,5,6,12,21,-3.0
22020,1610612742,DAL,Dallas Mavericks,0022000399,2021-02-12,DAL vs. NOP,W,240,143,51,88,0.58,25,45,0.556,16,21,0.762,5,32,37,30,4,2,6,22,13.0
22020,1610612742,DAL,Dallas Mavericks,0022000384,2021-02-10,DAL vs. ATL,W,239,118,43,84,0.512,14,35,0.4,18,20,0.9,4,33,37,25,3,3,9,24,1.0
22020,1610612742,DAL,Dallas Mavericks,0022000370,2021-02-08,DAL vs. MIN,W,240,127,45,87,0.517,12,34,0.353,25,30,0.833,10,38,48,30,4,6,14,22,5.0
22020,1610612742,DAL,Dallas Mavericks,0022000360,2021-02-06,DAL vs. GSW,W,239,134,44,96,0.458,21,47,0.447,25,30,0.833,15,32,47,27,5,0,14,19,2.0
22020,1610612742,DAL,Dallas Mavericks,0022000339,2021-02-04,DAL vs. GSW,L,242,116,38,92,0.413,20,50,0.4,20,23,0.87,10,32,42,26,2,3,10,24,-31.0
22020,1610612742,DAL,Dallas Mavericks,0022000330,2021-02-03,DAL @ ATL,W,240,122,43,93,0.462,13,40,0.325,23,25,0.92,13,32,45,27,8,7,10,19,6.0
22020,1610612742,DAL,Dallas Mavericks,0022000319,2021-02-01,DAL vs. PHX,L,239,108,37,86,0.43,10,32,0.313,24,25,0.96,7,35,42,16,9,7,14,17,-1.0
22020,1610612742,DAL,Dallas Mavericks,0022000303,2021-01-30,DAL vs. PHX,L,240,105,44,83,0.53,9,29,0.31,8,14,0.571,5,32,37,22,5,4,15,26,-6.0
22020,1610612742,DAL,Dallas Mavericks,0022000297,2021-01-29,DAL @ UTA,L,241,101,37,86,0.43,9,33,0.273,18,27,0.667,8,32,40,20,6,4,11,27,-19.0
22020,1610612742,DAL,Dallas Mavericks,0022000282,2021-01-27,DAL @ UTA,L,241,104,42,91,0.462,12,35,0.343,8,9,0.889,4,32,36,22,4,7,8,12,-12.0
22020,1610612742,DAL,Dallas Mavericks,0022000265,2021-01-25,DAL vs. DEN,L,241,113,41,84,0.488,11,32,0.344,20,24,0.833,8,26,34,26,11,4,11,22,-4.0
22020,1610612742,DAL,Dallas Mavericks,0022000247,2021-01-23,DAL vs. HOU,L,239,108,37,83,0.446,5,25,0.2,29,40,0.725,10,26,36,15,7,4,10,23,-25.0
22020,1610612742,DAL,Dallas Mavericks,0022000237,2021-01-22,DAL @ SAS,W,239,122,45,93,0.484,14,39,0.359,18,20,0.9,7,35,42,23,3,2,5,21,5.0
22020,1610612742,DAL,Dallas Mavericks,0022000217,2021-01-20,DAL @ IND,W,240,124,51,97,0.526,8,27,0.296,14,17,0.824,9,40,49,32,5,6,8,17,12.0
22020,1610612742,DAL,Dallas Mavericks,0022000210,2021-01-18,DAL @ TOR,L,239,93,31,82,0.378,9,36,0.25,22,27,0.815,8,30,38,21,6,4,16,16,-23.0
22020,1610612742,DAL,Dallas Mavericks,0022000198,2021-01-17,DAL vs. CHI,L,239,101,41,93,0.441,8,31,0.258,11,19,0.579,12,35,47,18,6,2,16,23,-16.0
22020,1610612742,DAL,Dallas Mavericks,0022000182,2021-01-15,DAL @ MIL,L,240,109,45,97,0.464,13,36,0.361,6,13,0.462,11,40,51,22,5,6,9,23,-3.0
22020,1610612742,DAL,Dallas Mavericks,0022000164,2021-01-13,DAL @ CHA,W,239,104,40,96,0.417,15,46,0.326,9,16,0.563,13,41,54,22,8,12,10,15,11.0
22020,1610612742,DAL,Dallas Mavericks,0022000139,2021-01-09,DAL vs. ORL,W,239,112,39,79,0.494,20,40,0.5,14,18,0.778,6,38,44,25,5,8,17,17,14.0
22020,1610612742,DAL,Dallas Mavericks,0022000120,2021-01-07,DAL @ DEN,W,265,124,42,87,0.483,16,40,0.4,24,31,0.774,7,37,44,27,12,7,13,21,7.0
22020,1610612742,DAL,Dallas Mavericks,0022000098,2021-01-04,DAL @ HOU,W,241,113,39,82,0.476,16,39,0.41,19,20,0.95,10,41,51,24,4,3,15,31,13.0
22020,1610612742,DAL,Dallas Mavericks,0022000090,2021-01-03,DAL @ CHI,L,240,108,39,89,0.438,11,42,0.262,19,27,0.704,11,30,41,23,6,4,15,27,-10.0
22020,1610612742,DAL,Dallas Mavericks,0022000071,2021-01-01,DAL vs. MIA,W,240,93,32,78,0.41,12,37,0.324,17,23,0.739,4,45,49,18,9,3,16,25,10.0
22020,1610612742,DAL,Dallas Mavericks,0022000059,2020-12-30,DAL vs. CHA,L,241,99,34,87,0.391,12,42,0.286,19,33,0.576,13,26,39,24,10,6,14,16,-19.0
22020,1610612742,DAL,Dallas Mavericks,0022000031,2020-12-27,DAL @ LAC,W,241,124,43,87,0.494,14,41,0.341,24,27,0.889,11,43,54,25,10,2,6,14,51.0
22020,1610612742,DAL,Dallas Mavericks,0022000008,2020-12-25,DAL @ LAL,L,239,115,41,83,0.494,13,32,0.406,20,26,0.769,3,24,27,20,13,3,9,22,-23.0
22020,1610612742,DAL,Dallas Mavericks,0022000004,2020-12-23,DAL @ PHX,L,241,102,36,85,0.424,9,37,0.243,21,26,0.808,6,33,39,17,6,0,11,23,-4.0
12020,1610612742,DAL,Dallas Mavericks,0012000036,2020-12-17,DAL vs. MIN,L,262,127,42,99,0.424,20,44,0.455,23,25,0.92,8,37,45,28,1,8,14,25,-2.0
12020,1610612742,DAL,Dallas Mavericks,0012000022,2020-12-14,DAL @ MIL,W,239,128,44,95,0.463,22,46,0.478,18,26,0.692,12,37,49,22,4,2,9,18,16.0
12020,1610612742,DAL,Dallas Mavericks,0012000009,2020-12-12,DAL @ MIL,W,238,112,41,99,0.414,17,43,0.395,13,15,0.867,9,42,51,27,8,2,13,19,15.0
42019,1610612742,DAL,Dallas Mavericks,0041900156,2020-08-30,DAL vs. LAC,L,241,97,38,90,0.422,11,37,0.297,10,17,0.588,8,34,42,20,5,3,12,15,-14.0
42019,1610612742,DAL,Dallas Mavericks,0041900155,2020-08-25,DAL @ LAC,L,238,111,38,85,0.447,12,37,0.324,23,33,0.697,7,24,31,19,8,6,13,22,-43.0
42019,1610612742,DAL,Dallas Mavericks,0041900154,2020-08-23,DAL vs. LAC,W,265,135,52,104,0.5,13,36,0.361,18,24,0.75,11,43,54,20,7,5,11,24,2.0
42019,1610612742,DAL,Dallas Mavericks,0041900153,2020-08-21,DAL vs. LAC,L,239,122,44,87,0.506,17,43,0.395,17,24,0.708,7,35,42,27,5,2,9,24,-8.0
42019,1610612742,DAL,Dallas Mavericks,0041900152,2020-08-19,DAL @ LAC,W,240,127,44,88,0.5,13,29,0.448,26,37,0.703,8,41,49,25,5,4,9,29,13.0
42019,1610612742,DAL,Dallas Mavericks,0041900151,2020-08-17,DAL @ LAC,L,240,110,37,81,0.457,15,43,0.349,21,24,0.875,5,36,41,18,9,2,21,21,-8.0
22019,1610612742,DAL,Dallas Mavericks,0021901313,2020-08-13,DAL @ PHX,L,240,102,39,89,0.438,8,26,0.308,16,19,0.842,11,32,43,17,3,4,11,18,-26.0
22019,1610612742,DAL,Dallas Mavericks,0021901300,2020-08-11,DAL vs. POR,L,241,131,42,81,0.519,20,44,0.455,27,33,0.818,5,32,37,28,4,5,17,23,-3.0
22019,1610612742,DAL,Dallas Mavericks,0021901293,2020-08-10,DAL @ UTA,W,240,122,48,85,0.565,12,24,0.5,14,16,0.875,4,30,34,29,6,3,8,23,8.0
22019,1610612742,DAL,Dallas Mavericks,0021901284,2020-08-08,DAL vs. MIL,W,264,136,48,115,0.417,17,53,0.321,23,25,0.92,11,43,54,37,6,2,6,26,4.0
22019,1610612742,DAL,Dallas Mavericks,0021901271,2020-08-06,DAL vs. LAC,L,240,111,39,87,0.448,17,48,0.354,16,21,0.762,8,29,37,24,3,4,7,17,-15.0
22019,1610612742,DAL,Dallas Mavericks,0021901257,2020-08-04,DAL @ SAC,W,267,114,33,90,0.367,9,41,0.22,39,50,0.78,17,44,61,22,4,2,17,21,4.0
22019,1610612742,DAL,Dallas Mavericks,0021901249,2020-08-02,DAL @ PHX,L,240,115,38,93,0.409,6,31,0.194,33,37,0.892,10,39,49,22,8,5,8,22,-2.0
22019,1610612742,DAL,Dallas Mavericks,0021901238,2020-07-31,DAL vs. HOU,L,265,149,50,105,0.476,21,49,0.429,28,38,0.737,13,42,55,30,7,4,20,36,-4.0
12019,1610612742,DAL,Dallas Mavericks,0011900133,2020-07-28,DAL @ PHI,W,265,118,41,102,0.402,12,41,0.293,24,32,0.75,12,44,56,22,6,4,12,26,3.0
12019,1610612742,DAL,Dallas Mavericks,0011900120,2020-07-26,DAL vs. IND,L,240,111,39,90,0.433,15,38,0.395,18,26,0.692,7,37,44,27,5,4,12,18,-7.0
12019,1610612742,DAL,Dallas Mavericks,0011900107,2020-07-23,DAL @ LAL,W,241,108,40,74,0.541,14,38,0.368,14,22,0.636,8,29,37,21,3,4,14,28,4.0
22019,1610612742,DAL,Dallas Mavericks,0021900973,2020-03-11,DAL vs. DEN,W,240,113,42,92,0.457,12,35,0.343,17,23,0.739,13,39,52,23,9,2,10,14,16.0
22019,1610612742,DAL,Dallas Mavericks,0021900965,2020-03-10,DAL @ SAS,L,240,109,42,92,0.457,17,44,0.386,8,11,0.727,7,35,42,23,8,3,14,19,-10.0
22019,1610612742,DAL,Dallas Mavericks,0021900952,2020-03-08,DAL vs. IND,L,240,109,39,91,0.429,14,43,0.326,17,25,0.68,9,33,42,19,7,5,10,17,-3.0
22019,1610612742,DAL,Dallas Mavericks,0021900937,2020-03-06,DAL vs. MEM,W,239,121,45,95,0.474,18,47,0.383,13,17,0.765,13,35,48,30,11,9,10,11,25.0
22019,1610612742,DAL,Dallas Mavericks,0021900923,2020-03-04,DAL vs. NOP,W,264,127,44,95,0.463,22,50,0.44,17,24,0.708,6,43,49,30,6,13,16,17,4.0
22019,1610612742,DAL,Dallas Mavericks,0021900907,2020-03-02,DAL @ CHI,L,241,107,40,84,0.476,12,42,0.286,15,20,0.75,9,35,44,26,9,5,16,20,-2.0
22019,1610612742,DAL,Dallas Mavericks,0021900896,2020-03-01,DAL @ MIN,W,241,111,44,94,0.468,11,40,0.275,12,19,0.632,6,50,56,28,10,7,14,16,20.0
22019,1610612742,DAL,Dallas Mavericks,0021900880,2020-02-28,DAL @ MIA,L,240,118,40,84,0.476,21,50,0.42,17,19,0.895,4,31,35,25,0,3,11,25,-8.0
22019,1610612742,DAL,Dallas Mavericks,0021900869,2020-02-26,DAL @ SAS,W,241,109,36,86,0.419,17,45,0.378,20,30,0.667,5,38,43,25,11,9,15,20,6.0
22019,1610612742,DAL,Dallas Mavericks,0021900854,2020-02-24,DAL vs. MIN,W,242,139,51,101,0.505,16,44,0.364,21,28,0.75,14,40,54,28,7,3,12,28,16.0
22019,1610612742,DAL,Dallas Mavericks,0021900837,2020-02-22,DAL @ ATL,L,240,107,40,89,0.449,14,44,0.318,13,19,0.684,10,38,48,23,5,10,16,22,-4.0
22019,1610612742,DAL,Dallas Mavericks,0021900826,2020-02-21,DAL @ ORL,W,242,122,43,84,0.512,15,38,0.395,21,26,0.808,8,42,50,26,6,7,15,14,16.0
22019,1610612742,DAL,Dallas Mavericks,0021900814,2020-02-12,DAL vs. SAC,W,239,130,48,85,0.565,17,40,0.425,17,21,0.81,3,44,47,34,1,7,11,18,19.0
22019,1610612742,DAL,Dallas Mavericks,0021900798,2020-02-10,DAL vs. UTA,L,241,119,39,83,0.47,15,43,0.349,26,31,0.839,4,22,26,24,8,3,7,18,-4.0
22019,1610612742,DAL,Dallas Mavericks,0021900778,2020-02-08,DAL @ CHA,W,240,116,44,87,0.506,17,35,0.486,11,11,1.0,11,35,46,29,5,6,10,18,16.0
22019,1610612742,DAL,Dallas Mavericks,0021900770,2020-02-07,DAL @ WAS,L,239,118,42,91,0.462,16,40,0.4,18,21,0.857,15,34,49,27,7,2,13,21,-1.0
22019,1610612742,DAL,Dallas Mavericks,0021900761,2020-02-05,DAL vs. MEM,L,240,107,34,94,0.362,17,43,0.395,22,24,0.917,12,30,42,19,5,6,9,18,-14.0
22019,1610612742,DAL,Dallas Mavericks,0021900743,2020-02-03,DAL @ IND,W,239,112,36,86,0.419,18,45,0.4,22,23,0.957,12,39,51,20,3,2,12,15,9.0
22019,1610612742,DAL,Dallas Mavericks,0021900733,2020-02-01,DAL vs. ATL,W,240,123,44,94,0.468,20,39,0.513,15,16,0.938,10,43,53,26,6,8,9,14,23.0
22019,1610612742,DAL,Dallas Mavericks,0021900722,2020-01-31,DAL @ HOU,L,241,121,43,90,0.478,14,36,0.389,21,27,0.778,14,38,52,29,2,9,17,18,-7.0
22019,1610612742,DAL,Dallas Mavericks,0021900706,2020-01-28,DAL vs. PHX,L,240,104,37,83,0.446,7,33,0.212,23,27,0.852,8,25,33,19,6,0,15,18,-29.0
22019,1610612742,DAL,Dallas Mavericks,0021900697,2020-01-27,DAL @ OKC,W,239,107,41,99,0.414,19,51,0.373,6,9,0.667,12,44,56,21,3,3,7,16,10.0
22019,1610612742,DAL,Dallas Mavericks,0021900680,2020-01-25,DAL @ UTA,L,241,107,42,97,0.433,16,41,0.39,7,13,0.538,10,34,44,19,6,3,9,24,-5.0
22019,1610612742,DAL,Dallas Mavericks,0021900668,2020-01-23,DAL @ POR,W,240,133,48,93,0.516,22,47,0.468,15,24,0.625,12,29,41,27,5,7,8,17,8.0
22019,1610612742,DAL,Dallas Mavericks,0021900653,2020-01-21,DAL vs. LAC,L,239,107,39,91,0.429,12,43,0.279,17,24,0.708,12,37,49,23,7,8,12,28,-3.0
22019,1610612742,DAL,Dallas Mavericks,0021900625,2020-01-17,DAL vs. POR,W,241,120,39,89,0.438,20,47,0.426,22,28,0.786,13,30,43,19,6,4,13,17,8.0
22019,1610612742,DAL,Dallas Mavericks,0021900612,2020-01-15,DAL @ SAC,W,240,127,47,92,0.511,13,40,0.325,20,24,0.833,13,34,47,24,4,2,11,18,4.0
22019,1610612742,DAL,Dallas Mavericks,0021900602,2020-01-14,DAL @ GSW,W,238,124,49,96,0.51,13,37,0.351,13,21,0.619,15,38,53,23,5,2,7,17,27.0
22019,1610612742,DAL,Dallas Mavericks,0021900581,2020-01-11,DAL vs. PHI,W,241,109,40,79,0.506,11,27,0.407,18,27,0.667,11,43,54,22,4,8,15,20,18.0
22019,1610612742,DAL,Dallas Mavericks,0021900572,2020-01-10,DAL vs. LAL,L,240,114,39,96,0.406,11,38,0.289,25,37,0.676,17,30,47,19,4,3,9,20,-15.0
22019,1610612742,DAL,Dallas Mavericks,0021900559,2020-01-08,DAL vs. DEN,L,238,106,39,77,0.506,12,35,0.343,16,24,0.667,6,32,38,27,8,6,13,18,-1.0
22019,1610612742,DAL,Dallas Mavericks,0021900545,2020-01-06,DAL vs. CHI,W,240,118,44,84,0.524,16,41,0.39,14,19,0.737,11,32,43,25,5,6,14,12,8.0
22019,1610612742,DAL,Dallas Mavericks,0021900530,2020-01-04,DAL vs. CHA,L,266,120,47,100,0.47,15,50,0.3,11,13,0.846,14,27,41,28,7,4,10,25,-3.0
22019,1610612742,DAL,Dallas Mavericks,0021900513,2020-01-02,DAL vs. BKN,W,241,123,45,89,0.506,18,38,0.474,15,17,0.882,12,34,46,22,4,8,13,21,12.0
22019,1610612742,DAL,Dallas Mavericks,0021900503,2019-12-31,DAL @ OKC,L,238,101,33,93,0.355,15,51,0.294,20,27,0.741,17,32,49,19,5,4,10,24,-5.0
22019,1610612742,DAL,Dallas Mavericks,0021900490,2019-12-29,DAL @ LAL,L,239,95,32,89,0.36,13,43,0.302,18,20,0.9,13,32,45,17,11,4,18,23,-13.0
22019,1610612742,DAL,Dallas Mavericks,0021900482,2019-12-28,DAL @ GSW,W,240,141,48,92,0.522,24,51,0.471,21,21,1.0,9,37,46,35,11,7,13,17,20.0
22019,1610612742,DAL,Dallas Mavericks,0021900463,2019-12-26,DAL vs. SAS,W,241,102,38,90,0.422,16,40,0.4,10,15,0.667,13,39,52,22,7,3,14,11,4.0
22019,1610612742,DAL,Dallas Mavericks,0021900439,2019-12-22,DAL @ TOR,L,240,107,35,90,0.389,15,46,0.326,22,27,0.815,14,39,53,27,6,4,17,22,-3.0
22019,1610612742,DAL,Dallas Mavericks,0021900425,2019-12-20,DAL @ PHI,W,240,117,43,83,0.518,14,33,0.424,17,22,0.773,8,41,49,23,10,4,16,17,19.0
22019,1610612742,DAL,Dallas Mavericks,0021900413,2019-12-18,DAL vs. BOS,L,239,103,34,87,0.391,15,43,0.349,20,25,0.8,10,32,42,23,7,10,7,20,-6.0
22019,1610612742,DAL,Dallas Mavericks,0021900398,2019-12-16,DAL @ MIL,W,241,120,41,88,0.466,16,41,0.39,22,27,0.815,8,44,52,27,5,6,14,23,4.0
22019,1610612742,DAL,Dallas Mavericks,0021900384,2019-12-14,DAL vs. MIA,L,265,118,45,101,0.446,17,44,0.386,11,17,0.647,8,40,48,30,4,3,11,27,-4.0
22019,1610612742,DAL,Dallas Mavericks,0021900369,2019-12-12,DAL @ DET,W,241,122,45,88,0.511,16,44,0.364,16,23,0.696,11,41,52,25,4,5,11,21,11.0
22019,1610612742,DAL,Dallas Mavericks,0021900340,2019-12-08,DAL vs. SAC,L,239,106,41,86,0.477,17,44,0.386,7,8,0.875,10,30,40,24,3,1,12,11,-4.0
22019,1610612742,DAL,Dallas Mavericks,0021900330,2019-12-07,DAL vs. NOP,W,241,130,46,86,0.535,13,38,0.342,25,31,0.806,8,47,55,25,8,4,12,17,46.0
22019,1610612742,DAL,Dallas Mavericks,0021900313,2019-12-04,DAL vs. MIN,W,240,121,46,92,0.5,11,37,0.297,18,23,0.783,13,32,45,24,5,5,8,16,7.0
22019,1610612742,DAL,Dallas Mavericks,0021900302,2019-12-03,DAL @ NOP,W,239,118,38,88,0.432,19,45,0.422,23,27,0.852,10,41,51,22,5,8,10,14,21.0
22019,1610612742,DAL,Dallas Mavericks,0021900287,2019-12-01,DAL @ LAL,W,241,114,42,97,0.433,17,49,0.347,13,18,0.722,16,35,51,24,11,1,13,20,14.0
22019,1610612742,DAL,Dallas Mavericks,0021900277,2019-11-29,DAL @ PHX,W,240,120,35,85,0.412,17,47,0.362,33,38,0.868,9,38,47,20,7,3,8,24,7.0
22019,1610612742,DAL,Dallas Mavericks,0021900251,2019-11-26,DAL vs. LAC,L,240,99,30,79,0.38,11,38,0.289,28,35,0.8,9,37,46,16,12,2,20,21,-15.0
22019,1610612742,DAL,Dallas Mavericks,0021900235,2019-11-24,DAL @ HOU,W,239,137,49,102,0.48,17,44,0.386,22,28,0.786,12,34,46,28,9,5,12,22,14.0
22019,1610612742,DAL,Dallas Mavericks,0021900221,2019-11-22,DAL vs. CLE,W,239,143,58,100,0.58,20,37,0.541,7,9,0.778,10,39,49,31,8,7,5,18,42.0
22019,1610612742,DAL,Dallas Mavericks,0021900208,2019-11-20,DAL vs. GSW,W,242,142,51,90,0.567,22,38,0.579,18,23,0.783,8,42,50,33,7,7,11,21,48.0
22019,1610612742,DAL,Dallas Mavericks,0021900194,2019-11-18,DAL vs. SAS,W,240,117,42,84,0.5,17,41,0.415,16,23,0.696,9,32,41,28,4,3,13,19,7.0
22019,1610612742,DAL,Dallas Mavericks,0021900180,2019-11-16,DAL vs. TOR,W,241,110,37,88,0.42,9,39,0.231,27,33,0.818,12,43,55,24,7,4,12,15,8.0
22019,1610612742,DAL,Dallas Mavericks,0021900162,2019-11-14,DAL @ NYK,L,239,103,36,84,0.429,8,36,0.222,23,31,0.742,12,32,44,21,8,7,11,16,-3.0
22019,1610612742,DAL,Dallas Mavericks,0021900141,2019-11-11,DAL @ BOS,L,241,106,37,89,0.416,11,42,0.262,21,28,0.75,13,33,46,22,2,5,6,26,-10.0
22019,1610612742,DAL,Dallas Mavericks,0021900130,2019-11-09,DAL @ MEM,W,240,138,52,97,0.536,18,42,0.429,16,20,0.8,12,35,47,27,8,5,14,14,16.0
22019,1610612742,DAL,Dallas Mavericks,0021900122,2019-11-08,DAL vs. NYK,L,241,102,37,90,0.411,14,44,0.318,14,17,0.824,7,40,47,18,4,6,13,21,-4.0
22019,1610612742,DAL,Dallas Mavericks,0021900109,2019-11-06,DAL vs. ORL,W,241,107,36,84,0.429,11,31,0.355,24,30,0.8,12,31,43,20,4,1,17,23,1.0
22019,1610612742,DAL,Dallas Mavericks,0021900089,2019-11-03,DAL @ CLE,W,240,131,50,94,0.532,20,41,0.488,11,13,0.846,11,40,51,34,5,6,13,21,20.0
22019,1610612742,DAL,Dallas Mavericks,0021900074,2019-11-01,DAL vs. LAL,L,266,110,40,102,0.392,14,36,0.389,16,23,0.696,18,43,61,23,5,1,22,21,-9.0
22019,1610612742,DAL,Dallas Mavericks,0021900053,2019-10-29,DAL @ DEN,W,239,109,41,84,0.488,13,37,0.351,14,24,0.583,10,32,42,29,6,5,8,14,3.0
22019,1610612742,DAL,Dallas Mavericks,0021900038,2019-10-27,DAL vs. POR,L,241,119,37,94,0.394,13,50,0.26,32,41,0.78,12,34,46,27,7,3,11,22,-2.0
22019,1610612742,DAL,Dallas Mavericks,0021900021,2019-10-25,DAL @ NOP,W,241,123,45,93,0.484,14,40,0.35,19,26,0.731,12,37,49,23,8,7,11,19,7.0
22019,1610612742,DAL,Dallas Mavericks,0021900009,2019-10-23,DAL vs. WAS,W,240,108,35,76,0.461,11,36,0.306,27,33,0.818,5,41,46,17,6,5,19,22,8.0
12019,1610612742,DAL,Dallas Mavericks,0011900073,2019-10-17,DAL @ LAC,W,240,102,35,78,0.449,15,39,0.385,17,20,0.85,9,49,58,25,1,4,30,23,15.0
12019,1610612742,DAL,Dallas Mavericks,0011900055,2019-10-14,DAL vs. OKC,W,239,107,38,90,0.422,13,40,0.325,18,23,0.783,13,53,66,27,10,4,23,24,37.0
12019,1610612742,DAL,Dallas Mavericks,0011900043,2019-10-11,DAL vs. MIL,L,240,111,37,94,0.394,16,50,0.32,21,32,0.656,11,39,50,27,10,4,20,23,-7.0
12019,1610612742,DAL,Dallas Mavericks,0011900024,2019-10-09,DAL @ DET,L,239,117,37,79,0.468,13,35,0.371,30,38,0.789,5,27,32,22,9,3,14,23,-7.0
12019,1610612742,DAL,Dallas Mavericks,0011900021,2019-10-08,DAL @ OKC,L,241,104,34,94,0.362,13,50,0.26,23,31,0.742,14,31,45,22,10,6,12,28,-15.0
22018,1610612742,DAL,Dallas Mavericks,0021801227,2019-04-10,DAL @ SAS,L,242,94,37,91,0.407,11,37,0.297,9,12,0.75,7,35,42,27,5,4,7,19,-11.0
22018,1610612742,DAL,Dallas Mavericks,0021801216,2019-04-09,DAL vs. PHX,W,239,120,41,91,0.451,16,40,0.4,22,27,0.815,18,46,64,28,6,6,21,24,11.0
22018,1610612742,DAL,Dallas Mavericks,0021801201,2019-04-07,DAL @ MEM,W,265,129,45,98,0.459,12,41,0.293,27,34,0.794,11,40,51,31,4,5,6,23,2.0
22018,1610612742,DAL,Dallas Mavericks,0021801187,2019-04-05,DAL vs. MEM,L,239,112,41,96,0.427,17,47,0.362,13,21,0.619,11,31,42,28,4,4,9,13,-10.0
22018,1610612742,DAL,Dallas Mavericks,0021801172,2019-04-03,DAL vs. MIN,L,240,108,43,94,0.457,7,39,0.179,15,19,0.789,12,37,49,26,2,5,13,20,-2.0
22018,1610612742,DAL,Dallas Mavericks,0021801158,2019-04-01,DAL vs. PHI,W,239,122,46,97,0.474,12,32,0.375,18,27,0.667,10,44,54,29,5,3,6,22,20.0
22018,1610612742,DAL,Dallas Mavericks,0021801146,2019-03-31,DAL @ OKC,W,240,106,37,87,0.425,16,44,0.364,16,23,0.696,10,42,52,18,3,2,13,19,3.0
22018,1610612742,DAL,Dallas Mavericks,0021801124,2019-03-28,DAL @ MIA,L,241,99,36,92,0.391,16,47,0.34,11,17,0.647,10,40,50,26,4,2,13,21,-6.0
22018,1610612742,DAL,Dallas Mavericks,0021801114,2019-03-26,DAL vs. SAC,L,240,121,39,77,0.506,15,45,0.333,28,32,0.875,7,31,38,27,1,6,11,26,-4.0
22018,1610612742,DAL,Dallas Mavericks,0021801092,2019-03-23,DAL @ GSW,W,242,126,44,83,0.53,21,49,0.429,17,22,0.773,8,41,49,33,7,2,9,22,35.0
22018,1610612742,DAL,Dallas Mavericks,0021801078,2019-03-21,DAL @ SAC,L,241,100,36,92,0.391,12,40,0.3,16,23,0.696,9,34,43,23,5,6,7,22,-16.0
22018,1610612742,DAL,Dallas Mavericks,0021801073,2019-03-20,DAL @ POR,L,240,118,43,87,0.494,10,30,0.333,22,25,0.88,6,29,35,20,8,6,11,22,-8.0
22018,1610612742,DAL,Dallas Mavericks,0021801056,2019-03-18,DAL vs. NOP,L,266,125,46,105,0.438,9,35,0.257,24,29,0.828,14,36,50,27,9,6,15,26,-4.0
22018,1610612742,DAL,Dallas Mavericks,0021801037,2019-03-16,DAL vs. CLE,W,240,121,46,89,0.517,16,34,0.471,13,16,0.813,9,31,40,32,3,5,5,22,5.0
22018,1610612742,DAL,Dallas Mavericks,0021801025,2019-03-14,DAL @ DEN,L,239,99,37,87,0.425,12,37,0.324,13,17,0.765,9,31,40,22,8,1,8,17,-1.0
22018,1610612742,DAL,Dallas Mavericks,0021801011,2019-03-12,DAL vs. SAS,L,241,105,38,82,0.463,14,39,0.359,15,26,0.577,9,29,38,22,1,2,14,16,-7.0
22018,1610612742,DAL,Dallas Mavericks,0021800997,2019-03-10,DAL vs. HOU,L,239,93,31,75,0.413,9,32,0.281,22,27,0.815,10,41,51,24,6,9,16,20,-1.0
22018,1610612742,DAL,Dallas Mavericks,0021800978,2019-03-08,DAL @ ORL,L,241,106,42,89,0.472,10,34,0.294,12,16,0.75,10,32,42,22,6,3,14,15,-5.0
22018,1610612742,DAL,Dallas Mavericks,0021800967,2019-03-06,DAL @ WAS,L,240,123,45,93,0.484,15,41,0.366,18,28,0.643,14,25,39,27,7,2,7,19,-9.0
22018,1610612742,DAL,Dallas Mavericks,0021800952,2019-03-04,DAL @ BKN,L,240,88,31,87,0.356,12,45,0.267,14,22,0.636,5,31,36,20,4,3,13,19,-39.0
22018,1610612742,DAL,Dallas Mavericks,0021800939,2019-03-02,DAL vs. MEM,L,240,81,26,85,0.306,7,40,0.175,22,33,0.667,13,30,43,17,9,5,10,23,-30.0
22018,1610612742,DAL,Dallas Mavericks,0021800918,2019-02-27,DAL vs. IND,W,241,110,40,81,0.494,16,37,0.432,14,23,0.609,10,32,42,27,11,1,15,22,9.0
22018,1610612742,DAL,Dallas Mavericks,0021800907,2019-02-25,DAL @ LAC,L,240,112,37,76,0.487,14,36,0.389,24,27,0.889,7,38,45,28,3,9,17,20,-9.0
22018,1610612742,DAL,Dallas Mavericks,0021800893,2019-02-23,DAL @ UTA,L,239,109,41,97,0.423,13,36,0.361,14,18,0.778,8,34,42,25,2,3,3,28,-16.0
22018,1610612742,DAL,Dallas Mavericks,0021800880,2019-02-22,DAL vs. DEN,L,240,104,34,84,0.405,10,41,0.244,26,33,0.788,7,35,42,19,7,2,15,21,-10.0
22018,1610612742,DAL,Dallas Mavericks,0021800859,2019-02-13,DAL vs. MIA,L,240,101,34,88,0.386,15,52,0.288,18,22,0.818,10,28,38,24,10,0,12,17,-11.0
22018,1610612742,DAL,Dallas Mavericks,0021800844,2019-02-11,DAL @ HOU,L,240,104,35,73,0.479,13,36,0.361,21,27,0.778,3,30,33,21,5,1,18,17,-16.0
22018,1610612742,DAL,Dallas Mavericks,0021800834,2019-02-10,DAL vs. POR,W,241,102,36,87,0.414,12,37,0.324,18,23,0.783,11,28,39,20,6,3,15,20,1.0
22018,1610612742,DAL,Dallas Mavericks,0021800821,2019-02-08,DAL vs. MIL,L,241,107,36,87,0.414,22,53,0.415,13,20,0.65,9,28,37,23,6,5,14,15,-15.0
22018,1610612742,DAL,Dallas Mavericks,0021800807,2019-02-06,DAL vs. CHA,W,240,99,38,94,0.404,11,36,0.306,12,17,0.706,15,42,57,25,8,5,13,12,6.0
22018,1610612742,DAL,Dallas Mavericks,0021800780,2019-02-02,DAL @ CLE,W,240,111,40,84,0.476,16,39,0.41,15,19,0.789,9,41,50,20,2,4,13,26,13.0
22018,1610612742,DAL,Dallas Mavericks,0021800764,2019-01-31,DAL @ DET,L,241,89,36,88,0.409,7,25,0.28,10,14,0.714,11,33,44,18,2,5,10,21,-4.0
22018,1610612742,DAL,Dallas Mavericks,0021800758,2019-01-30,DAL @ NYK,W,241,114,45,84,0.536,15,38,0.395,9,11,0.818,7,42,49,31,4,1,18,19,24.0
22018,1610612742,DAL,Dallas Mavericks,0021800739,2019-01-27,DAL vs. TOR,L,239,120,43,88,0.489,11,36,0.306,23,34,0.676,7,36,43,25,5,2,11,29,-3.0
22018,1610612742,DAL,Dallas Mavericks,0021800726,2019-01-25,DAL vs. DET,W,240,106,37,81,0.457,14,36,0.389,18,30,0.6,9,34,43,24,8,6,9,25,5.0
22018,1610612742,DAL,Dallas Mavericks,0021800704,2019-01-22,DAL vs. LAC,W,240,106,38,81,0.469,10,34,0.294,20,29,0.69,9,39,48,21,5,6,11,25,8.0
22018,1610612742,DAL,Dallas Mavericks,0021800694,2019-01-21,DAL @ MIL,L,240,106,41,99,0.414,14,40,0.35,10,17,0.588,11,37,48,24,7,11,11,19,-10.0
22018,1610612742,DAL,Dallas Mavericks,0021800681,2019-01-19,DAL @ IND,L,239,99,37,88,0.42,9,37,0.243,16,20,0.8,14,30,44,21,5,4,13,18,-12.0
22018,1610612742,DAL,Dallas Mavericks,0021800661,2019-01-16,DAL vs. SAS,L,240,101,37,86,0.43,15,42,0.357,12,16,0.75,13,29,42,22,6,3,13,14,-4.0
22018,1610612742,DAL,Dallas Mavericks,0021800642,2019-01-13,DAL vs. GSW,L,240,114,38,91,0.418,16,38,0.421,22,29,0.759,18,33,51,21,5,4,12,14,-5.0
22018,1610612742,DAL,Dallas Mavericks,0021800626,2019-01-11,DAL @ MIN,W,240,119,44,97,0.454,13,38,0.342,18,24,0.75,11,32,43,25,7,7,7,16,4.0
22018,1610612742,DAL,Dallas Mavericks,0021800613,2019-01-09,DAL vs. PHX,W,242,104,30,70,0.429,12,34,0.353,32,45,0.711,8,34,42,21,7,5,19,17,10.0
22018,1610612742,DAL,Dallas Mavericks,0021800596,2019-01-07,DAL vs. LAL,L,241,97,36,86,0.419,8,30,0.267,17,24,0.708,14,38,52,12,10,7,18,20,-10.0
22018,1610612742,DAL,Dallas Mavericks,0021800578,2019-01-05,DAL @ PHI,L,240,100,38,88,0.432,9,31,0.29,15,23,0.652,9,40,49,27,4,3,15,23,-6.0
22018,1610612742,DAL,Dallas Mavericks,0021800566,2019-01-04,DAL @ BOS,L,240,93,34,88,0.386,11,44,0.25,14,19,0.737,11,38,49,16,9,2,14,13,-21.0
22018,1610612742,DAL,Dallas Mavericks,0021800554,2019-01-02,DAL @ CHA,W,240,122,44,95,0.463,18,45,0.4,16,18,0.889,12,45,57,31,9,4,10,14,38.0
22018,1610612742,DAL,Dallas Mavericks,0021800547,2018-12-31,DAL @ OKC,L,242,102,31,74,0.419,14,38,0.368,26,34,0.765,5,44,49,21,7,3,26,29,-20.2
22018,1610612742,DAL,Dallas Mavericks,0021800539,2018-12-30,DAL vs. OKC,W,239,105,37,81,0.457,14,39,0.359,17,22,0.773,9,40,49,21,8,3,23,19,2.0
22018,1610612742,DAL,Dallas Mavericks,0021800523,2018-12-28,DAL @ NOP,L,239,112,37,78,0.474,15,32,0.469,23,33,0.697,11,28,39,19,7,6,16,22,-2.0
22018,1610612742,DAL,Dallas Mavericks,0021800509,2018-12-26,DAL vs. NOP,W,240,122,39,81,0.481,12,35,0.343,32,38,0.842,8,38,46,23,3,13,12,25,3.0
22018,1610612742,DAL,Dallas Mavericks,0021800495,2018-12-23,DAL @ POR,L,265,118,43,103,0.417,12,34,0.353,20,28,0.714,8,41,49,22,1,2,9,20,-3.0
22018,1610612742,DAL,Dallas Mavericks,0021800484,2018-12-22,DAL @ GSW,L,239,116,42,92,0.457,14,39,0.359,18,28,0.643,11,35,46,28,9,3,13,14,-4.0
22018,1610612742,DAL,Dallas Mavericks,0021800468,2018-12-20,DAL @ LAC,L,242,121,43,92,0.467,10,28,0.357,25,33,0.758,16,29,45,24,8,0,11,30,-4.0
22018,1610612742,DAL,Dallas Mavericks,0021800454,2018-12-18,DAL @ DEN,L,241,118,40,86,0.465,15,37,0.405,23,30,0.767,6,27,33,26,8,1,8,17,-8.0
22018,1610612742,DAL,Dallas Mavericks,0021800440,2018-12-16,DAL vs. SAC,L,240,113,40,96,0.417,9,35,0.257,24,31,0.774,16,37,53,22,6,5,14,18,-7.0
22018,1610612742,DAL,Dallas Mavericks,0021800419,2018-12-13,DAL @ PHX,L,240,89,31,78,0.397,5,33,0.152,22,33,0.667,14,39,53,14,7,4,23,19,-10.0
22018,1610612742,DAL,Dallas Mavericks,0021800412,2018-12-12,DAL vs. ATL,W,241,114,35,75,0.467,12,34,0.353,32,43,0.744,4,32,36,22,13,5,14,16,7.0
22018,1610612742,DAL,Dallas Mavericks,0021800397,2018-12-10,DAL vs. ORL,W,241,101,35,82,0.427,10,35,0.286,21,25,0.84,9,43,52,28,7,4,12,11,25.0
22018,1610612742,DAL,Dallas Mavericks,0021800378,2018-12-08,DAL vs. HOU,W,239,107,41,83,0.494,12,30,0.4,13,16,0.813,14,30,44,21,9,3,15,14,3.0
22018,1610612742,DAL,Dallas Mavericks,0021800363,2018-12-05,DAL @ NOP,L,240,106,39,91,0.429,14,46,0.304,14,21,0.667,11,34,45,26,7,4,18,17,-26.0
22018,1610612742,DAL,Dallas Mavericks,0021800352,2018-12-04,DAL vs. POR,W,240,111,38,88,0.432,11,30,0.367,24,35,0.686,15,35,50,25,11,4,13,19,9.0
22018,1610612742,DAL,Dallas Mavericks,0021800341,2018-12-02,DAL vs. LAC,W,240,114,42,95,0.442,8,23,0.348,22,26,0.846,17,47,64,20,6,5,16,21,4.0
22018,1610612742,DAL,Dallas Mavericks,0021800328,2018-11-30,DAL @ LAL,L,240,103,34,86,0.395,10,39,0.256,25,34,0.735,9,37,46,20,9,4,16,25,-11.0
22018,1610612742,DAL,Dallas Mavericks,0021800309,2018-11-28,DAL @ HOU,W,241,128,46,85,0.541,17,34,0.5,19,24,0.792,10,27,37,27,10,7,14,17,20.0
22018,1610612742,DAL,Dallas Mavericks,0021800283,2018-11-24,DAL vs. BOS,W,240,113,42,87,0.483,16,41,0.39,13,21,0.619,13,30,43,27,12,3,16,16,9.0
22018,1610612742,DAL,Dallas Mavericks,0021800261,2018-11-21,DAL vs. BKN,W,240,119,38,78,0.487,11,27,0.407,32,41,0.78,8,37,45,21,10,3,13,20,6.0
22018,1610612742,DAL,Dallas Mavericks,0021800244,2018-11-19,DAL @ MEM,L,241,88,30,88,0.341,10,32,0.313,18,21,0.857,7,36,43,17,8,4,9,19,-10.0
22018,1610612742,DAL,Dallas Mavericks,0021800232,2018-11-17,DAL vs. GSW,W,240,112,40,86,0.465,10,34,0.294,22,34,0.647,8,38,46,18,6,5,10,18,3.0
22018,1610612742,DAL,Dallas Mavericks,0021800210,2018-11-14,DAL vs. UTA,W,241,118,45,77,0.584,12,28,0.429,16,24,0.667,7,44,51,24,12,6,19,19,50.0
22018,1610612742,DAL,Dallas Mavericks,0021800193,2018-11-12,DAL @ CHI,W,241,103,37,79,0.468,10,33,0.303,19,29,0.655,7,42,49,18,11,7,19,22,5.0
22018,1610612742,DAL,Dallas Mavericks,0021800181,2018-11-10,DAL vs. OKC,W,240,111,43,77,0.558,14,29,0.483,11,17,0.647,4,34,38,31,9,5,16,23,15.0
22018,1610612742,DAL,Dallas Mavericks,0021800160,2018-11-07,DAL @ UTA,L,240,102,29,73,0.397,8,24,0.333,36,40,0.9,12,37,49,14,3,4,24,27,-15.0
22018,1610612742,DAL,Dallas Mavericks,0021800150,2018-11-06,DAL vs. WAS,W,237,119,39,82,0.476,15,34,0.441,26,27,0.963,10,40,50,25,4,6,17,22,19.0
22018,1610612742,DAL,Dallas Mavericks,0021800121,2018-11-02,DAL vs. NYK,L,238,106,40,81,0.494,11,29,0.379,15,24,0.625,11,29,40,22,6,1,18,28,-12.0
22018,1610612742,DAL,Dallas Mavericks,0021800109,2018-10-31,DAL @ LAL,L,240,113,43,86,0.5,13,29,0.448,14,19,0.737,10,30,40,24,5,5,23,24,-1.0
22018,1610612742,DAL,Dallas Mavericks,0021800094,2018-10-29,DAL @ SAS,L,265,108,43,91,0.473,10,34,0.294,12,17,0.706,8,41,49,15,9,3,22,21,-5.0
22018,1610612742,DAL,Dallas Mavericks,0021800084,2018-10-28,DAL vs. UTA,L,239,104,38,91,0.418,9,28,0.321,19,25,0.76,12,31,43,24,6,3,13,19,-9.0
22018,1610612742,DAL,Dallas Mavericks,0021800069,2018-10-26,DAL @ TOR,L,241,107,38,92,0.413,12,30,0.4,19,24,0.792,10,34,44,22,6,6,14,17,-9.0
22018,1610612742,DAL,Dallas Mavericks,0021800052,2018-10-24,DAL @ ATL,L,240,104,38,91,0.418,12,40,0.3,16,26,0.615,9,43,52,25,7,9,17,27,-7.0
22018,1610612742,DAL,Dallas Mavericks,0021800044,2018-10-22,DAL vs. CHI,W,242,115,40,93,0.43,15,47,0.319,20,21,0.952,13,28,41,25,8,2,15,16,6.0
22018,1610612742,DAL,Dallas Mavericks,0021800032,2018-10-20,DAL vs. MIN,W,239,140,49,98,0.5,17,50,0.34,25,34,0.735,15,27,42,29,8,8,16,28,4.0
22018,1610612742,DAL,Dallas Mavericks,0021800013,2018-10-17,DAL @ PHX,L,240,100,38,88,0.432,10,33,0.303,14,20,0.7,10,28,38,28,7,5,9,16,-21.0
12018,1610612742,DAL,Dallas Mavericks,0011800071,2018-10-12,DAL vs. CHA,L,241,118,37,81,0.457,12,37,0.324,32,42,0.762,12,30,42,21,9,4,21,23,-5.0
12018,1610612742,DAL,Dallas Mavericks,0011800047,2018-10-08,DAL @ PHI,W,240,115,38,81,0.469,15,37,0.405,24,36,0.667,6,37,43,27,13,6,21,26,3.0
12018,1610612742,DAL,Dallas Mavericks,0011800028,2018-10-05,DAL vs. PHI,L,240,114,38,85,0.447,13,39,0.333,25,40,0.625,10,29,39,27,11,9,15,24,-6.0
12018,1610612742,DAL,Dallas Mavericks,0011800004,2018-09-29,DAL vs. BJD,W,241,116,39,75,0.52,15,27,0.556,23,36,0.639,12,39,51,31,6,10,13,29,53.0
22017,1610612742,DAL,Dallas Mavericks,0021701216,2018-04-10,DAL vs. PHX,L,239,97,37,97,0.381,8,33,0.242,15,22,0.682,18,22,40,20,8,1,8,19,-27.0
22017,1610612742,DAL,Dallas Mavericks,0021701198,2018-04-08,DAL @ PHI,L,239,97,40,94,0.426,11,40,0.275,6,13,0.462,10,33,43,24,6,6,11,9,-12.0
22017,1610612742,DAL,Dallas Mavericks,0021701181,2018-04-06,DAL @ DET,L,265,106,40,92,0.435,13,39,0.333,13,18,0.722,10,36,46,26,7,5,12,20,-7.0
22017,1610612742,DAL,Dallas Mavericks,0021701170,2018-04-04,DAL @ ORL,L,240,100,39,89,0.438,10,30,0.333,12,17,0.706,11,32,43,24,3,1,11,23,-5.0
22017,1610612742,DAL,Dallas Mavericks,0021701164,2018-04-03,DAL vs. POR,W,241,115,42,92,0.457,17,44,0.386,14,20,0.7,8,35,43,27,8,5,7,16,6.0
22017,1610612742,DAL,Dallas Mavericks,0021701149,2018-04-01,DAL @ CLE,L,241,87,32,79,0.405,13,37,0.351,10,11,0.909,4,34,38,15,5,3,15,20,-11.0
22017,1610612742,DAL,Dallas Mavericks,0021701134,2018-03-30,DAL vs. MIN,L,240,92,38,86,0.442,11,28,0.393,5,7,0.714,6,40,46,22,5,5,14,17,-1.0
22017,1610612742,DAL,Dallas Mavericks,0021701123,2018-03-28,DAL @ LAL,L,238,93,33,84,0.393,13,44,0.295,14,19,0.737,6,34,40,17,10,1,10,22,-10.0
22017,1610612742,DAL,Dallas Mavericks,0021701113,2018-03-27,DAL @ SAC,W,241,103,36,80,0.45,14,40,0.35,17,25,0.68,4,39,43,25,7,9,10,17,6.0
22017,1610612742,DAL,Dallas Mavericks,0021701093,2018-03-24,DAL vs. CHA,L,241,98,36,91,0.396,12,41,0.293,14,19,0.737,5,47,52,22,10,6,12,22,-4.0
22017,1610612742,DAL,Dallas Mavericks,0021701076,2018-03-22,DAL vs. UTA,L,241,112,42,85,0.494,17,32,0.531,11,14,0.786,8,27,35,22,5,7,14,16,-7.0
22017,1610612742,DAL,Dallas Mavericks,0021701061,2018-03-20,DAL @ NOP,L,241,105,43,90,0.478,10,35,0.286,9,11,0.818,9,31,40,25,4,2,8,14,-10.0
22017,1610612742,DAL,Dallas Mavericks,0021701037,2018-03-17,DAL @ BKN,L,239,106,41,92,0.446,12,22,0.545,12,14,0.857,13,32,45,25,5,3,10,21,-8.0
22017,1610612742,DAL,Dallas Mavericks,0021701031,2018-03-16,DAL @ TOR,L,264,115,48,91,0.527,6,22,0.273,13,18,0.722,6,30,36,25,7,5,10,27,-7.0
22017,1610612742,DAL,Dallas Mavericks,0021701009,2018-03-13,DAL @ NYK,W,241,110,40,89,0.449,14,35,0.4,16,18,0.889,12,28,40,22,11,1,12,15,13.0
22017,1610612742,DAL,Dallas Mavericks,0021700997,2018-03-11,DAL vs. HOU,L,240,82,33,94,0.351,5,31,0.161,11,18,0.611,17,36,53,27,5,2,10,18,-23.0
22017,1610612742,DAL,Dallas Mavericks,0021700989,2018-03-10,DAL vs. MEM,W,240,114,37,77,0.481,10,29,0.345,30,35,0.857,9,43,52,21,8,3,10,18,34.0
22017,1610612742,DAL,Dallas Mavericks,0021700961,2018-03-06,DAL vs. DEN,W,240,118,43,90,0.478,15,27,0.556,17,23,0.739,9,42,51,24,8,3,15,20,11.0
22017,1610612742,DAL,Dallas Mavericks,0021700946,2018-03-04,DAL vs. NOP,L,239,109,40,90,0.444,10,23,0.435,19,25,0.76,10,33,43,25,5,2,12,20,-17.0
22017,1610612742,DAL,Dallas Mavericks,0021700930,2018-03-02,DAL @ CHI,L,241,100,35,84,0.417,13,29,0.448,17,21,0.81,13,33,46,21,6,4,17,15,-7.4
22017,1610612742,DAL,Dallas Mavericks,0021700919,2018-02-28,DAL vs. OKC,L,266,110,44,91,0.484,13,36,0.361,9,15,0.6,8,28,36,30,11,1,16,22,-1.0
22017,1610612742,DAL,Dallas Mavericks,0021700904,2018-02-26,DAL vs. IND,W,242,109,40,88,0.455,14,37,0.378,15,18,0.833,7,37,44,20,9,3,10,21,6.0
22017,1610612742,DAL,Dallas Mavericks,0021700890,2018-02-24,DAL @ UTA,L,241,90,34,83,0.41,10,35,0.286,12,14,0.857,5,39,44,19,6,4,15,23,-7.0
22017,1610612742,DAL,Dallas Mavericks,0021700883,2018-02-23,DAL @ LAL,L,238,102,37,91,0.407,19,42,0.452,9,11,0.818,3,26,29,25,9,8,11,19,-22.0
22017,1610612742,DAL,Dallas Mavericks,0021700851,2018-02-13,DAL vs. SAC,L,240,109,38,83,0.458,15,40,0.375,18,23,0.783,4,33,37,29,4,4,9,15,-5.0
22017,1610612742,DAL,Dallas Mavericks,0021700837,2018-02-11,DAL @ HOU,L,241,97,38,93,0.409,10,31,0.323,11,16,0.688,12,40,52,26,6,4,14,25,-7.0
22017,1610612742,DAL,Dallas Mavericks,0021700830,2018-02-10,DAL vs. LAL,W,240,130,48,89,0.539,12,27,0.444,22,27,0.815,10,30,40,32,8,3,9,21,7.0
22017,1610612742,DAL,Dallas Mavericks,0021700815,2018-02-08,DAL @ GSW,L,240,103,40,92,0.435,9,37,0.243,14,17,0.824,9,25,34,19,15,7,10,16,-18.0
22017,1610612742,DAL,Dallas Mavericks,0021700796,2018-02-05,DAL @ LAC,L,239,101,33,80,0.413,17,42,0.405,18,20,0.9,7,31,38,22,5,5,20,23,-3.0
22017,1610612742,DAL,Dallas Mavericks,0021700783,2018-02-03,DAL @ SAC,W,240,106,41,83,0.494,13,41,0.317,11,14,0.786,9,27,36,28,8,0,13,12,7.0
22017,1610612742,DAL,Dallas Mavericks,0021700760,2018-01-31,DAL @ PHX,L,241,88,32,88,0.364,10,36,0.278,14,26,0.538,15,34,49,18,11,4,12,18,-14.0
22017,1610612742,DAL,Dallas Mavericks,0021700742,2018-01-29,DAL vs. MIA,L,239,88,33,86,0.384,8,29,0.276,14,16,0.875,11,29,40,20,10,3,12,22,-7.0
22017,1610612742,DAL,Dallas Mavericks,0021700730,2018-01-27,DAL @ DEN,L,239,89,34,85,0.4,11,31,0.355,10,19,0.526,8,35,43,17,8,5,8,15,-2.0
22017,1610612742,DAL,Dallas Mavericks,0021700721,2018-01-26,DAL vs. POR,L,240,93,35,89,0.393,10,30,0.333,13,17,0.765,8,29,37,17,9,3,5,19,-14.0
22017,1610612742,DAL,Dallas Mavericks,0021700706,2018-01-24,DAL vs. HOU,L,240,97,35,82,0.427,15,35,0.429,12,18,0.667,9,40,49,24,5,2,13,21,-7.0
22017,1610612742,DAL,Dallas Mavericks,0021700693,2018-01-22,DAL vs. WAS,W,240,98,38,87,0.437,10,31,0.323,12,17,0.706,9,43,52,20,9,9,11,21,23.0
22017,1610612742,DAL,Dallas Mavericks,0021700682,2018-01-20,DAL @ POR,L,241,108,38,83,0.458,10,25,0.4,22,28,0.786,11,26,37,19,9,5,9,21,-11.0
22017,1610612742,DAL,Dallas Mavericks,0021700651,2018-01-16,DAL @ DEN,L,239,102,38,78,0.487,8,27,0.296,18,22,0.818,5,30,35,17,10,3,16,24,-3.0
22017,1610612742,DAL,Dallas Mavericks,0021700627,2018-01-13,DAL vs. LAL,L,266,101,34,90,0.378,11,43,0.256,22,28,0.786,4,35,39,20,5,1,8,17,-6.0
22017,1610612742,DAL,Dallas Mavericks,0021700603,2018-01-10,DAL @ CHA,W,240,115,39,83,0.47,15,36,0.417,22,28,0.786,3,36,39,23,7,7,8,22,4.0
22017,1610612742,DAL,Dallas Mavericks,0021700601,2018-01-09,DAL vs. ORL,W,241,114,43,83,0.518,9,26,0.346,19,22,0.864,5,33,38,27,6,2,4,22,15.0
22017,1610612742,DAL,Dallas Mavericks,0021700587,2018-01-07,DAL vs. NYK,L,241,96,35,92,0.38,6,24,0.25,20,24,0.833,9,31,40,22,7,3,7,20,-4.0
22017,1610612742,DAL,Dallas Mavericks,0021700572,2018-01-05,DAL vs. CHI,L,239,124,49,92,0.533,14,32,0.438,12,17,0.706,7,27,34,33,11,2,13,24,-3.0
22017,1610612742,DAL,Dallas Mavericks,0021700562,2018-01-03,DAL vs. GSW,L,240,122,43,90,0.478,19,43,0.442,17,22,0.773,7,33,40,29,6,2,12,17,-3.0
22017,1610612742,DAL,Dallas Mavericks,0021700541,2017-12-31,DAL @ OKC,W,240,116,46,89,0.517,15,34,0.441,9,14,0.643,8,28,36,26,5,5,7,18,3.0
22017,1610612742,DAL,Dallas Mavericks,0021700525,2017-12-29,DAL @ NOP,W,241,128,46,83,0.554,22,39,0.564,14,18,0.778,5,38,43,27,5,4,15,23,8.0
22017,1610612742,DAL,Dallas Mavericks,0021700507,2017-12-27,DAL @ IND,W,240,98,40,78,0.513,8,29,0.276,10,15,0.667,4,31,35,26,7,3,9,12,4.0
22017,1610612742,DAL,Dallas Mavericks,0021700499,2017-12-26,DAL vs. TOR,W,241,98,40,94,0.426,6,24,0.25,12,16,0.75,16,40,56,20,5,11,13,24,5.0
22017,1610612742,DAL,Dallas Mavericks,0021700484,2017-12-23,DAL @ ATL,L,240,107,43,85,0.506,9,33,0.273,12,15,0.8,7,23,30,31,8,3,10,17,-5.0
22017,1610612742,DAL,Dallas Mavericks,0021700474,2017-12-22,DAL @ MIA,L,241,101,38,75,0.507,17,35,0.486,8,11,0.727,3,19,22,28,5,2,8,12,-12.0
22017,1610612742,DAL,Dallas Mavericks,0021700461,2017-12-20,DAL vs. DET,W,239,110,40,75,0.533,14,30,0.467,16,20,0.8,4,33,37,22,6,7,12,17,17.0
22017,1610612742,DAL,Dallas Mavericks,0021700448,2017-12-18,DAL vs. PHX,L,240,91,32,88,0.364,11,37,0.297,16,17,0.941,8,34,42,21,10,5,15,18,-6.0
22017,1610612742,DAL,Dallas Mavericks,0021700435,2017-12-16,DAL @ SAS,L,241,96,39,80,0.488,10,28,0.357,8,9,0.889,4,34,38,23,4,4,9,16,-2.0
22017,1610612742,DAL,Dallas Mavericks,0021700417,2017-12-14,DAL @ GSW,L,242,97,37,82,0.451,10,29,0.345,13,17,0.765,8,23,31,25,7,1,11,16,-15.0
22017,1610612742,DAL,Dallas Mavericks,0021700402,2017-12-12,DAL vs. SAS,W,239,95,38,89,0.427,9,24,0.375,10,12,0.833,8,41,49,17,8,2,6,19,6.0
22017,1610612742,DAL,Dallas Mavericks,0021700388,2017-12-10,DAL @ MIN,L,239,92,37,81,0.457,11,31,0.355,7,9,0.778,6,27,33,23,6,5,10,22,-5.0
22017,1610612742,DAL,Dallas Mavericks,0021700372,2017-12-08,DAL @ MIL,L,242,102,35,75,0.467,10,24,0.417,22,26,0.846,4,32,36,18,6,2,11,22,-7.0
22017,1610612742,DAL,Dallas Mavericks,0021700356,2017-12-06,DAL @ BOS,L,240,90,34,86,0.395,9,28,0.321,13,17,0.765,6,39,45,19,7,5,9,12,-7.0
22017,1610612742,DAL,Dallas Mavericks,0021700347,2017-12-04,DAL vs. DEN,W,239,122,49,86,0.57,12,26,0.462,12,17,0.706,5,37,42,26,4,6,7,18,17.0
22017,1610612742,DAL,Dallas Mavericks,0021700327,2017-12-02,DAL vs. LAC,W,240,108,36,79,0.456,16,35,0.457,20,26,0.769,15,39,54,24,4,7,15,20,26.0
22017,1610612742,DAL,Dallas Mavericks,0021700310,2017-11-29,DAL vs. BKN,L,240,104,39,84,0.464,9,27,0.333,17,21,0.81,7,37,44,26,5,3,11,23,-6.2
22017,1610612742,DAL,Dallas Mavericks,0021700295,2017-11-27,DAL @ SAS,L,241,108,41,85,0.482,14,32,0.438,12,17,0.706,4,36,40,25,7,0,11,19,-7.0
22017,1610612742,DAL,Dallas Mavericks,0021700283,2017-11-25,DAL vs. OKC,W,241,97,37,75,0.493,15,35,0.429,8,11,0.727,8,35,43,25,11,5,17,18,16.0
22017,1610612742,DAL,Dallas Mavericks,0021700260,2017-11-22,DAL @ MEM,W,240,95,39,91,0.429,9,28,0.321,8,16,0.5,4,36,40,23,9,2,8,14,1.0
22017,1610612742,DAL,Dallas Mavericks,0021700249,2017-11-20,DAL vs. BOS,L,265,102,39,96,0.406,7,33,0.212,17,20,0.85,8,37,45,18,7,3,11,22,-8.0
22017,1610612742,DAL,Dallas Mavericks,0021700233,2017-11-18,DAL vs. MIL,W,241,111,38,79,0.481,19,38,0.5,16,19,0.842,7,42,49,27,7,2,16,26,32.0
22017,1610612742,DAL,Dallas Mavericks,0021700224,2017-11-17,DAL vs. MIN,L,240,87,32,86,0.372,8,38,0.211,15,17,0.882,11,30,41,18,3,3,11,20,-24.0
22017,1610612742,DAL,Dallas Mavericks,0021700203,2017-11-14,DAL vs. SAS,L,241,91,33,81,0.407,10,34,0.294,15,18,0.833,5,35,40,18,7,4,15,23,-6.0
22017,1610612742,DAL,Dallas Mavericks,0021700191,2017-11-12,DAL @ OKC,L,239,99,37,87,0.425,11,37,0.297,14,18,0.778,11,30,41,18,9,4,20,20,-13.0
22017,1610612742,DAL,Dallas Mavericks,0021700181,2017-11-11,DAL vs. CLE,L,240,104,39,92,0.424,10,34,0.294,16,21,0.762,9,33,42,21,7,3,10,26,-7.0
22017,1610612742,DAL,Dallas Mavericks,0021700151,2017-11-07,DAL @ WAS,W,240,113,43,91,0.473,11,30,0.367,16,20,0.8,11,42,53,26,6,8,11,23,14.0
22017,1610612742,DAL,Dallas Mavericks,0021700134,2017-11-04,DAL @ MIN,L,240,99,40,87,0.46,10,27,0.37,9,12,0.75,7,24,31,18,7,2,15,19,-13.0
22017,1610612742,DAL,Dallas Mavericks,0021700125,2017-11-03,DAL vs. NOP,L,241,94,34,88,0.386,9,34,0.265,17,22,0.773,9,38,47,19,4,7,15,24,-5.0
22017,1610612742,DAL,Dallas Mavericks,0021700116,2017-11-01,DAL @ LAC,L,240,98,35,89,0.393,12,36,0.333,16,20,0.8,9,29,38,20,8,5,14,22,-21.0
22017,1610612742,DAL,Dallas Mavericks,0021700098,2017-10-30,DAL @ UTA,L,242,89,34,76,0.447,12,24,0.5,9,11,0.818,9,33,42,17,4,3,24,16,-15.0
22017,1610612742,DAL,Dallas Mavericks,0021700081,2017-10-28,DAL vs. PHI,L,241,110,38,74,0.514,19,40,0.475,15,19,0.789,3,30,33,22,7,2,17,15,-2.0
22017,1610612742,DAL,Dallas Mavericks,0021700066,2017-10-26,DAL @ MEM,L,240,91,32,94,0.34,10,34,0.294,17,20,0.85,18,35,53,20,10,3,14,22,-5.0
22017,1610612742,DAL,Dallas Mavericks,0021700061,2017-10-25,DAL vs. MEM,W,239,103,36,74,0.486,11,26,0.423,20,29,0.69,4,31,35,20,6,4,11,20,9.0
22017,1610612742,DAL,Dallas Mavericks,0021700045,2017-10-23,DAL vs. GSW,L,240,103,38,96,0.396,9,29,0.31,18,30,0.6,14,28,42,21,11,0,12,20,-23.8
22017,1610612742,DAL,Dallas Mavericks,0021700032,2017-10-21,DAL @ HOU,L,241,91,31,84,0.369,13,31,0.419,16,21,0.762,8,33,41,19,6,0,14,19,-16.0
22017,1610612742,DAL,Dallas Mavericks,0021700024,2017-10-20,DAL vs. SAC,L,240,88,31,75,0.413,11,33,0.333,15,21,0.714,7,29,36,19,8,7,12,13,-5.0
22017,1610612742,DAL,Dallas Mavericks,0021700009,2017-10-18,DAL vs. ATL,L,240,111,38,86,0.442,17,45,0.378,18,21,0.857,9,32,41,27,5,4,15,19,-6.0
12017,1610612742,DAL,Dallas Mavericks,0011700067,2017-10-13,DAL @ CHA,L,240,96,35,85,0.412,12,31,0.387,14,17,0.824,6,31,37,25,11,6,15,15,-15.0
12017,1610612742,DAL,Dallas Mavericks,0011700065,2017-10-12,DAL @ ATL,W,239,108,41,83,0.494,19,48,0.396,7,9,0.778,11,35,46,28,10,5,19,29,14.0
12017,1610612742,DAL,Dallas Mavericks,0011700052,2017-10-09,DAL vs. ORL,W,240,99,39,89,0.438,11,33,0.333,10,16,0.625,7,41,48,24,9,6,11,18,3.0
12017,1610612742,DAL,Dallas Mavericks,0011700025,2017-10-05,DAL @ ORL,L,240,89,30,91,0.33,12,41,0.293,17,25,0.68,16,39,55,9,5,3,16,19,-23.0
12017,1610612742,DAL,Dallas Mavericks,0011700023,2017-10-04,DAL vs. CHI,W,242,118,41,82,0.5,18,40,0.45,18,28,0.643,3,46,49,26,9,2,16,14,47.0
12017,1610612742,DAL,Dallas Mavericks,0011700009,2017-10-02,DAL vs. MIL,W,241,106,39,83,0.47,13,32,0.406,15,27,0.556,12,30,42,24,12,3,18,16,2.0
22016,1610612742,DAL,Dallas Mavericks,0021601223,2017-04-12,DAL @ MEM,W,241,100,33,75,0.44,9,34,0.265,25,31,0.806,8,29,37,21,9,5,12,19,7.0
22016,1610612742,DAL,Dallas Mavericks,0021601214,2017-04-11,DAL vs. DEN,L,240,91,35,88,0.398,12,40,0.3,9,11,0.818,8,34,42,24,8,4,13,11,-18.0
22016,1610612742,DAL,Dallas Mavericks,0021601199,2017-04-09,DAL @ PHX,L,239,111,41,97,0.423,16,45,0.356,13,19,0.684,17,27,44,23,5,2,10,23,-13.0
22016,1610612742,DAL,Dallas Mavericks,0021601183,2017-04-07,DAL vs. SAS,L,241,89,38,88,0.432,8,26,0.308,5,8,0.625,6,38,44,26,1,8,9,17,-13.0
22016,1610612742,DAL,Dallas Mavericks,0021601172,2017-04-05,DAL @ LAC,L,241,101,38,86,0.442,11,31,0.355,14,18,0.778,11,33,44,24,5,3,16,26,-11.0
22016,1610612742,DAL,Dallas Mavericks,0021601163,2017-04-04,DAL @ SAC,L,241,87,32,80,0.4,12,43,0.279,11,14,0.786,8,31,39,21,9,9,16,13,-11.0
22016,1610612742,DAL,Dallas Mavericks,0021601144,2017-04-02,DAL @ MIL,W,240,109,38,73,0.521,14,36,0.389,19,20,0.95,4,26,30,25,7,1,13,18,4.0
22016,1610612742,DAL,Dallas Mavericks,0021601131,2017-03-31,DAL @ MEM,L,240,90,29,76,0.382,12,34,0.353,20,25,0.8,6,32,38,15,7,4,8,21,-9.0
22016,1610612742,DAL,Dallas Mavericks,0021601117,2017-03-29,DAL @ NOP,L,240,118,44,91,0.484,14,27,0.519,16,17,0.941,8,30,38,25,3,4,5,21,-3.0
22016,1610612742,DAL,Dallas Mavericks,0021601100,2017-03-27,DAL vs. OKC,L,240,91,33,80,0.413,10,29,0.345,15,19,0.789,8,31,39,23,12,4,14,16,-1.0
22016,1610612742,DAL,Dallas Mavericks,0021601084,2017-03-25,DAL vs. TOR,L,240,86,31,82,0.378,7,28,0.25,17,20,0.85,12,28,40,20,10,4,12,16,-8.0
22016,1610612742,DAL,Dallas Mavericks,0021601069,2017-03-23,DAL vs. LAC,W,240,97,38,82,0.463,9,26,0.346,12,18,0.667,4,30,34,26,11,4,9,18,2.0
22016,1610612742,DAL,Dallas Mavericks,0021601055,2017-03-21,DAL vs. GSW,L,239,87,33,92,0.359,11,34,0.324,10,12,0.833,13,26,39,24,8,2,11,14,-25.0
22016,1610612742,DAL,Dallas Mavericks,0021601036,2017-03-19,DAL @ BKN,W,241,111,41,76,0.539,10,25,0.4,19,25,0.76,2,31,33,20,8,3,10,24,7.0
22016,1610612742,DAL,Dallas Mavericks,0021601020,2017-03-17,DAL @ PHI,L,240,74,30,87,0.345,5,23,0.217,9,17,0.529,5,29,34,21,6,4,12,20,-42.0
22016,1610612742,DAL,Dallas Mavericks,0021601004,2017-03-15,DAL @ WAS,W,241,112,40,79,0.506,14,32,0.438,18,25,0.72,5,35,40,24,5,1,10,22,5.0
22016,1610612742,DAL,Dallas Mavericks,0021600992,2017-03-13,DAL @ TOR,L,240,78,31,85,0.365,7,25,0.28,9,13,0.692,7,27,34,21,4,6,7,19,-22.0
22016,1610612742,DAL,Dallas Mavericks,0021600982,2017-03-11,DAL vs. PHX,L,241,98,28,74,0.378,9,26,0.346,33,36,0.917,10,38,48,17,2,4,13,17,-2.0
22016,1610612742,DAL,Dallas Mavericks,0021600971,2017-03-10,DAL vs. BKN,W,241,105,33,78,0.423,14,33,0.424,25,28,0.893,7,40,47,16,5,0,15,18,9.0
22016,1610612742,DAL,Dallas Mavericks,0021600947,2017-03-07,DAL vs. LAL,W,240,122,45,83,0.542,17,31,0.548,15,19,0.789,6,35,41,25,5,5,14,17,11.0
22016,1610612742,DAL,Dallas Mavericks,0021600932,2017-03-05,DAL vs. OKC,W,241,104,42,86,0.488,7,25,0.28,13,16,0.813,5,32,37,24,6,2,8,20,15.0
22016,1610612742,DAL,Dallas Mavericks,0021600914,2017-03-03,DAL vs. MEM,W,239,104,39,82,0.476,5,27,0.185,21,27,0.778,8,37,45,23,5,3,8,20,4.0
22016,1610612742,DAL,Dallas Mavericks,0021600897,2017-03-01,DAL @ ATL,L,239,95,35,77,0.455,14,33,0.424,11,13,0.846,10,23,33,22,10,5,20,20,-5.0
22016,1610612742,DAL,Dallas Mavericks,0021600887,2017-02-27,DAL vs. MIA,W,239,96,33,76,0.434,9,18,0.5,21,23,0.913,11,31,42,18,5,2,13,13,7.0
22016,1610612742,DAL,Dallas Mavericks,0021600870,2017-02-25,DAL vs. NOP,W,240,96,36,78,0.462,12,26,0.462,12,16,0.75,7,36,43,24,12,4,17,25,13.0
22016,1610612742,DAL,Dallas Mavericks,0021600862,2017-02-24,DAL @ MIN,L,240,84,35,83,0.422,8,33,0.242,6,9,0.667,8,27,35,16,9,5,15,19,-13.0
22016,1610612742,DAL,Dallas Mavericks,0021600839,2017-02-15,DAL @ DET,L,240,91,35,92,0.38,10,37,0.27,11,11,1.0,5,34,39,22,10,2,6,21,-7.0
22016,1610612742,DAL,Dallas Mavericks,0021600826,2017-02-13,DAL vs. BOS,L,240,98,35,77,0.455,9,27,0.333,19,25,0.76,4,33,37,21,7,2,12,16,-13.0
22016,1610612742,DAL,Dallas Mavericks,0021600814,2017-02-11,DAL vs. ORL,W,240,112,45,91,0.495,17,35,0.486,5,6,0.833,12,39,51,32,10,3,14,17,32.0
22016,1610612742,DAL,Dallas Mavericks,0021600797,2017-02-09,DAL vs. UTA,W,266,112,44,87,0.506,5,20,0.25,19,25,0.76,6,31,37,21,12,3,11,19,7.0
22016,1610612742,DAL,Dallas Mavericks,0021600781,2017-02-07,DAL vs. POR,L,240,113,37,75,0.493,12,28,0.429,27,32,0.844,2,28,30,16,6,6,7,22,-1.0
22016,1610612742,DAL,Dallas Mavericks,0021600776,2017-02-06,DAL @ DEN,L,240,87,34,79,0.43,8,26,0.308,11,17,0.647,3,26,29,25,8,3,10,18,-23.0
22016,1610612742,DAL,Dallas Mavericks,0021600754,2017-02-03,DAL @ POR,W,240,108,36,76,0.474,17,31,0.548,19,23,0.826,2,34,36,15,3,4,4,24,4.0
22016,1610612742,DAL,Dallas Mavericks,0021600736,2017-02-01,DAL vs. PHI,W,241,113,40,86,0.465,10,26,0.385,23,28,0.821,15,36,51,22,10,4,11,19,18.0
22016,1610612742,DAL,Dallas Mavericks,0021600722,2017-01-30,DAL vs. CLE,W,242,104,39,86,0.453,9,32,0.281,17,18,0.944,9,31,40,19,11,2,9,17,7.0
22016,1610612742,DAL,Dallas Mavericks,0021600717,2017-01-29,DAL @ SAS,W,241,105,39,87,0.448,12,34,0.353,15,16,0.938,6,35,41,20,6,5,6,19,4.0
22016,1610612742,DAL,Dallas Mavericks,0021600690,2017-01-26,DAL @ OKC,L,241,98,38,84,0.452,11,26,0.423,11,13,0.846,8,28,36,17,10,2,12,26,-11.0
22016,1610612742,DAL,Dallas Mavericks,0021600688,2017-01-25,DAL vs. NYK,W,240,103,39,83,0.47,6,26,0.231,19,24,0.792,7,29,36,19,10,7,7,12,8.0
22016,1610612742,DAL,Dallas Mavericks,0021600662,2017-01-22,DAL vs. LAL,W,240,122,43,87,0.494,17,39,0.436,19,19,1.0,13,36,49,27,9,4,10,15,49.0
22016,1610612742,DAL,Dallas Mavericks,0021600648,2017-01-20,DAL vs. UTA,L,265,107,39,87,0.448,8,23,0.348,21,28,0.75,9,34,43,21,4,2,12,26,-5.0
22016,1610612742,DAL,Dallas Mavericks,0021600637,2017-01-19,DAL @ MIA,L,240,95,37,82,0.451,14,36,0.389,7,11,0.636,5,28,33,17,4,3,9,20,-4.0
22016,1610612742,DAL,Dallas Mavericks,0021600624,2017-01-17,DAL @ CHI,W,240,99,37,78,0.474,11,28,0.393,14,18,0.778,6,30,36,27,5,2,12,21,1.0
22016,1610612742,DAL,Dallas Mavericks,0021600608,2017-01-15,DAL vs. MIN,W,239,98,36,77,0.468,12,29,0.414,14,19,0.737,6,35,41,21,8,8,11,18,11.0
22016,1610612742,DAL,Dallas Mavericks,0021600591,2017-01-12,DAL @ PHX,W,238,113,43,89,0.483,15,34,0.441,12,17,0.706,8,24,32,29,11,7,9,20,5.0
22016,1610612742,DAL,Dallas Mavericks,0021600570,2017-01-09,DAL @ MIN,L,240,92,36,78,0.462,13,28,0.464,7,9,0.778,5,20,25,24,3,2,14,21,-9.0
22016,1610612742,DAL,Dallas Mavericks,0021600557,2017-01-07,DAL vs. ATL,L,241,82,32,82,0.39,9,36,0.25,9,10,0.9,6,35,41,18,7,3,14,25,-15.0
22016,1610612742,DAL,Dallas Mavericks,0021600541,2017-01-05,DAL vs. PHX,L,240,95,36,79,0.456,9,29,0.31,14,17,0.824,7,24,31,18,6,7,10,20,-7.0
22016,1610612742,DAL,Dallas Mavericks,0021600524,2017-01-03,DAL vs. WAS,W,239,113,37,78,0.474,17,32,0.531,22,24,0.917,2,40,42,20,4,3,12,21,8.0
22016,1610612742,DAL,Dallas Mavericks,0021600501,2016-12-30,DAL @ GSW,L,240,99,39,93,0.419,8,32,0.25,13,15,0.867,11,29,40,22,11,7,10,12,-9.0
22016,1610612742,DAL,Dallas Mavericks,0021600491,2016-12-29,DAL @ LAL,W,240,101,38,77,0.494,14,31,0.452,11,14,0.786,10,32,42,24,8,2,15,17,12.0
22016,1610612742,DAL,Dallas Mavericks,0021600474,2016-12-27,DAL vs. HOU,L,239,107,36,87,0.414,15,38,0.395,20,25,0.8,12,26,38,22,6,5,9,18,-16.0
22016,1610612742,DAL,Dallas Mavericks,0021600466,2016-12-26,DAL @ NOP,L,238,104,37,75,0.493,13,32,0.406,17,22,0.773,4,28,32,27,4,1,10,22,-7.0
22016,1610612742,DAL,Dallas Mavericks,0021600455,2016-12-23,DAL @ LAC,W,241,90,37,87,0.425,7,29,0.241,9,15,0.6,14,28,42,21,13,4,12,14,2.0
22016,1610612742,DAL,Dallas Mavericks,0021600436,2016-12-21,DAL @ POR,W,240,96,35,83,0.422,7,31,0.226,19,23,0.826,10,28,38,14,12,5,10,20,1.0
22016,1610612742,DAL,Dallas Mavericks,0021600417,2016-12-19,DAL @ DEN,L,239,107,43,80,0.538,14,25,0.56,7,9,0.778,4,25,29,21,4,4,12,17,-10.0
22016,1610612742,DAL,Dallas Mavericks,0021600411,2016-12-18,DAL vs. SAC,W,241,99,34,77,0.442,13,33,0.394,18,22,0.818,6,38,44,20,10,6,11,13,20.0
22016,1610612742,DAL,Dallas Mavericks,0021600398,2016-12-16,DAL @ UTA,L,241,100,35,77,0.455,12,28,0.429,18,21,0.857,7,20,27,18,9,0,6,24,-3.0
22016,1610612742,DAL,Dallas Mavericks,0021600381,2016-12-14,DAL vs. DET,L,240,85,32,78,0.41,8,25,0.32,13,16,0.813,6,24,30,19,13,3,11,22,-10.0
22016,1610612742,DAL,Dallas Mavericks,0021600365,2016-12-12,DAL vs. DEN,W,238,112,45,77,0.584,12,26,0.462,10,12,0.833,8,26,34,22,9,7,9,15,20.0
22016,1610612742,DAL,Dallas Mavericks,0021600352,2016-12-10,DAL @ HOU,L,240,87,32,79,0.405,11,34,0.324,12,14,0.857,6,26,32,18,7,3,9,18,-22.0
22016,1610612742,DAL,Dallas Mavericks,0021600343,2016-12-09,DAL vs. IND,W,240,111,39,80,0.488,15,32,0.469,18,24,0.75,5,28,33,23,8,1,8,19,8.0
22016,1610612742,DAL,Dallas Mavericks,0021600328,2016-12-07,DAL vs. SAC,L,240,89,32,78,0.41,10,30,0.333,15,20,0.75,9,31,40,17,7,5,20,22,-31.0
22016,1610612742,DAL,Dallas Mavericks,0021600312,2016-12-05,DAL vs. CHA,L,240,101,37,89,0.416,13,36,0.361,14,18,0.778,9,26,35,23,4,2,7,19,-8.0
22016,1610612742,DAL,Dallas Mavericks,0021600296,2016-12-03,DAL vs. CHI,W,239,107,40,87,0.46,13,31,0.419,14,18,0.778,13,29,42,31,11,2,10,19,25.0
22016,1610612742,DAL,Dallas Mavericks,0021600276,2016-12-01,DAL @ CHA,L,239,87,32,86,0.372,9,31,0.29,14,18,0.778,9,32,41,18,6,2,11,25,-10.0
22016,1610612742,DAL,Dallas Mavericks,0021600272,2016-11-30,DAL vs. SAS,L,241,87,33,77,0.429,10,30,0.333,11,14,0.786,8,29,37,16,5,3,11,18,-7.0
22016,1610612742,DAL,Dallas Mavericks,0021600250,2016-11-27,DAL vs. NOP,W,240,91,32,77,0.416,10,27,0.37,17,20,0.85,11,35,46,19,7,3,12,18,10.0
22016,1610612742,DAL,Dallas Mavericks,0021600227,2016-11-25,DAL @ CLE,L,239,90,37,91,0.407,8,35,0.229,8,12,0.667,11,28,39,29,5,4,13,21,-38.0
22016,1610612742,DAL,Dallas Mavericks,0021600220,2016-11-23,DAL vs. LAC,L,238,104,38,84,0.452,11,24,0.458,17,18,0.944,10,34,44,23,7,3,16,24,-20.0
22016,1610612742,DAL,Dallas Mavericks,0021600206,2016-11-21,DAL @ SAS,L,240,91,35,74,0.473,8,27,0.296,13,20,0.65,10,30,40,16,10,3,17,23,-5.0
22016,1610612742,DAL,Dallas Mavericks,0021600187,2016-11-19,DAL @ ORL,L,241,87,26,77,0.338,13,28,0.464,22,27,0.815,5,29,34,13,8,5,13,16,-8.0
22016,1610612742,DAL,Dallas Mavericks,0021600180,2016-11-18,DAL vs. MEM,L,239,64,21,73,0.288,5,25,0.2,17,22,0.773,10,35,45,9,3,7,17,14,-16.0
22016,1610612742,DAL,Dallas Mavericks,0021600161,2016-11-16,DAL @ BOS,L,240,83,34,83,0.41,8,23,0.348,7,10,0.7,5,27,32,16,9,3,9,19,-7.0
22016,1610612742,DAL,Dallas Mavericks,0021600146,2016-11-14,DAL @ NYK,L,239,77,32,84,0.381,5,27,0.185,8,11,0.727,11,29,40,15,8,7,11,16,-16.0
22016,1610612742,DAL,Dallas Mavericks,0021600116,2016-11-09,DAL @ GSW,L,239,95,34,86,0.395,6,28,0.214,21,28,0.75,13,29,42,20,10,2,7,20,-21.0
22016,1610612742,DAL,Dallas Mavericks,0021600104,2016-11-08,DAL @ LAL,W,240,109,43,82,0.524,10,23,0.435,13,15,0.867,8,29,37,24,11,4,11,12,12.0
22016,1610612742,DAL,Dallas Mavericks,0021600090,2016-11-06,DAL vs. MIL,W,264,86,33,88,0.375,9,38,0.237,11,12,0.917,10,36,46,14,12,2,15,20,11.0
22016,1610612742,DAL,Dallas Mavericks,0021600076,2016-11-04,DAL vs. POR,L,241,95,34,83,0.41,10,28,0.357,17,20,0.85,7,37,44,18,5,3,12,21,-10.0
22016,1610612742,DAL,Dallas Mavericks,0021600062,2016-11-02,DAL @ UTA,L,241,81,33,77,0.429,7,26,0.269,8,10,0.8,6,30,36,18,4,4,12,20,-16.0
22016,1610612742,DAL,Dallas Mavericks,0021600041,2016-10-30,DAL @ HOU,L,239,92,32,86,0.372,11,31,0.355,17,20,0.85,13,30,43,17,8,3,9,17,-1.0
22016,1610612742,DAL,Dallas Mavericks,0021600023,2016-10-28,DAL vs. HOU,L,238,98,35,80,0.438,8,29,0.276,20,24,0.833,6,28,34,13,11,2,9,21,-8.0
22016,1610612742,DAL,Dallas Mavericks,0021600005,2016-10-26,DAL @ IND,L,265,121,45,104,0.433,18,48,0.375,13,18,0.722,10,39,49,26,8,8,15,27,-9.0
12016,1610612742,DAL,Dallas Mavericks,0011600098,2016-10-21,DAL @ DEN,L,240,75,30,79,0.38,5,21,0.238,10,14,0.714,6,22,28,17,5,3,16,23,-26.0
12016,1610612742,DAL,Dallas Mavericks,0011600091,2016-10-19,DAL vs. HOU,L,242,91,31,83,0.373,7,32,0.219,22,24,0.917,10,32,42,20,6,5,15,24,-15.0
12016,1610612742,DAL,Dallas Mavericks,0011600064,2016-10-14,DAL @ PHX,L,240,107,39,91,0.429,8,16,0.5,21,28,0.75,15,41,56,16,6,8,18,30,-5.0
12016,1610612742,DAL,Dallas Mavericks,0011600046,2016-10-11,DAL vs. OKC,W,241,114,40,86,0.465,9,28,0.321,25,31,0.806,12,40,52,25,7,4,15,19,5.0
12016,1610612742,DAL,Dallas Mavericks,0011600034,2016-10-08,DAL @ MIL,L,239,74,29,86,0.337,6,32,0.188,10,15,0.667,17,33,50,16,8,5,18,18,-14.0
12016,1610612742,DAL,Dallas Mavericks,0011600009,2016-10-03,DAL vs. CHA,W,239,95,38,90,0.422,13,33,0.394,6,10,0.6,9,40,49,21,7,3,12,27,7.0
12016,1610612742,DAL,Dallas Mavericks,0011600002,2016-10-01,DAL @ NOP,L,239,102,36,84,0.429,12,28,0.429,18,25,0.72,13,23,36,23,9,5,9,20,-14.0
42015,1610612742,DAL,Dallas Mavericks,0041500165,2016-04-25,DAL @ OKC,L,240,104,38,81,0.469,8,24,0.333,20,24,0.833,13,22,35,24,5,3,9,24,-14.0
42015,1610612742,DAL,Dallas Mavericks,0041500164,2016-04-23,DAL vs. OKC,L,241,108,43,83,0.518,8,23,0.348,14,17,0.824,7,26,33,25,3,2,11,27,-11.0
42015,1610612742,DAL,Dallas Mavericks,0041500163,2016-04-21,DAL vs. OKC,L,239,102,36,76,0.474,6,23,0.261,24,35,0.686,6,23,29,24,9,3,12,27,-29.0
42015,1610612742,DAL,Dallas Mavericks,0041500162,2016-04-18,DAL @ OKC,W,240,85,35,82,0.427,5,19,0.263,10,19,0.526,11,34,45,14,8,4,12,17,1.0
42015,1610612742,DAL,Dallas Mavericks,0041500161,2016-04-16,DAL @ OKC,L,238,70,25,84,0.298,4,18,0.222,16,26,0.615,9,24,33,16,5,0,12,25,-38.0
22015,1610612742,DAL,Dallas Mavericks,0021501223,2016-04-13,DAL vs. SAS,L,240,91,31,77,0.403,12,39,0.308,17,21,0.81,11,30,41,20,8,2,12,23,-5.0
22015,1610612742,DAL,Dallas Mavericks,0021501210,2016-04-11,DAL @ UTA,W,239,101,36,81,0.444,11,32,0.344,18,22,0.818,10,37,47,19,7,2,9,15,9.0
22015,1610612742,DAL,Dallas Mavericks,0021501196,2016-04-10,DAL @ LAC,L,242,91,30,74,0.405,8,30,0.267,23,33,0.697,5,42,47,18,6,5,14,29,-7.0
22015,1610612742,DAL,Dallas Mavericks,0021501185,2016-04-08,DAL vs. MEM,W,240,103,30,60,0.5,12,31,0.387,31,39,0.795,6,32,38,18,7,6,17,17,10.0
22015,1610612742,DAL,Dallas Mavericks,0021501170,2016-04-06,DAL vs. HOU,W,240,88,33,80,0.413,10,33,0.303,12,14,0.857,13,27,40,19,9,4,12,20,2.0
22015,1610612742,DAL,Dallas Mavericks,0021501146,2016-04-03,DAL @ MIN,W,240,88,32,83,0.386,14,40,0.35,10,17,0.588,15,29,44,19,6,4,10,17,10.0
22015,1610612742,DAL,Dallas Mavericks,0021501129,2016-04-01,DAL @ DET,W,240,98,39,85,0.459,8,24,0.333,12,14,0.857,8,40,48,18,4,5,10,18,9.0
22015,1610612742,DAL,Dallas Mavericks,0021501117,2016-03-30,DAL vs. NYK,W,240,91,35,85,0.412,8,25,0.32,13,17,0.765,14,28,42,18,7,1,15,15,2.0
22015,1610612742,DAL,Dallas Mavericks,0021501103,2016-03-28,DAL @ DEN,W,241,97,36,88,0.409,11,32,0.344,14,15,0.933,9,25,34,23,14,6,3,20,9.0
22015,1610612742,DAL,Dallas Mavericks,0021501095,2016-03-27,DAL @ SAC,L,239,111,42,88,0.477,8,24,0.333,19,24,0.792,12,29,41,22,6,2,13,24,-22.0
22015,1610612742,DAL,Dallas Mavericks,0021501080,2016-03-25,DAL @ GSW,L,241,120,43,96,0.448,18,35,0.514,16,21,0.762,15,36,51,31,3,6,11,19,-8.0
22015,1610612742,DAL,Dallas Mavericks,0021501067,2016-03-23,DAL @ POR,L,238,103,42,96,0.438,9,30,0.3,10,11,0.909,11,36,47,21,8,6,17,17,-6.0
22015,1610612742,DAL,Dallas Mavericks,0021501037,2016-03-20,DAL vs. POR,W,266,132,49,89,0.551,15,25,0.6,19,23,0.826,8,42,50,31,7,8,16,21,12.0
22015,1610612742,DAL,Dallas Mavericks,0021501026,2016-03-18,DAL vs. GSW,L,238,112,41,93,0.441,9,29,0.31,21,22,0.955,11,35,46,25,4,8,12,15,-18.0
22015,1610612742,DAL,Dallas Mavericks,0021501005,2016-03-16,DAL @ CLE,L,240,98,37,79,0.468,7,22,0.318,17,19,0.895,4,28,32,24,6,7,10,18,-1.0
22015,1610612742,DAL,Dallas Mavericks,0021500988,2016-03-14,DAL @ CHA,W,240,107,42,87,0.483,9,30,0.3,14,18,0.778,6,36,42,30,9,6,14,26,11.0
22015,1610612742,DAL,Dallas Mavericks,0021500973,2016-03-12,DAL vs. IND,L,239,105,41,85,0.482,8,22,0.364,15,18,0.833,7,33,40,30,7,1,13,21,-7.0
22015,1610612742,DAL,Dallas Mavericks,0021500954,2016-03-09,DAL vs. DET,L,239,96,39,86,0.453,9,30,0.3,9,11,0.818,7,33,40,25,6,2,8,19,-6.0
22015,1610612742,DAL,Dallas Mavericks,0021500942,2016-03-07,DAL vs. LAC,L,241,90,30,81,0.37,4,25,0.16,26,32,0.813,12,39,51,15,5,1,15,19,-19.0
22015,1610612742,DAL,Dallas Mavericks,0021500933,2016-03-06,DAL @ DEN,L,268,114,41,93,0.441,16,41,0.39,16,20,0.8,8,38,46,29,5,8,12,19,-2.0
22015,1610612742,DAL,Dallas Mavericks,0021500910,2016-03-03,DAL vs. SAC,L,239,101,45,94,0.479,7,29,0.241,4,6,0.667,13,34,47,25,5,3,15,25,-3.0
22015,1610612742,DAL,Dallas Mavericks,0021500894,2016-03-01,DAL vs. ORL,W,241,121,43,77,0.558,9,19,0.474,26,31,0.839,6,30,36,27,7,4,15,19,13.0
22015,1610612742,DAL,Dallas Mavericks,0021500882,2016-02-28,DAL vs. MIN,W,240,128,47,89,0.528,13,36,0.361,21,21,1.0,8,35,43,34,9,6,8,26,27.0
22015,1610612742,DAL,Dallas Mavericks,0021500866,2016-02-26,DAL vs. DEN,W,265,122,45,88,0.511,11,29,0.379,21,27,0.778,10,35,45,25,9,1,14,25,6.0
22015,1610612742,DAL,Dallas Mavericks,0021500852,2016-02-24,DAL vs. OKC,L,237,103,35,86,0.407,9,28,0.321,24,30,0.8,13,29,42,26,10,4,10,21,-13.0
22015,1610612742,DAL,Dallas Mavericks,0021500830,2016-02-21,DAL vs. PHI,W,238,129,41,85,0.482,13,34,0.382,34,36,0.944,14,34,48,23,8,3,10,19,26.0
22015,1610612742,DAL,Dallas Mavericks,0021500805,2016-02-19,DAL @ ORL,L,265,104,37,89,0.416,19,41,0.463,11,18,0.611,6,39,45,23,8,6,18,12,-6.0
22015,1610612742,DAL,Dallas Mavericks,0021500787,2016-02-09,DAL vs. UTA,L,266,119,36,75,0.48,11,29,0.379,36,41,0.878,6,30,36,24,5,1,11,21,-2.0
22015,1610612742,DAL,Dallas Mavericks,0021500765,2016-02-06,DAL @ MEM,W,264,114,38,88,0.432,15,38,0.395,23,33,0.697,9,33,42,26,6,1,5,21,4.0
22015,1610612742,DAL,Dallas Mavericks,0021500759,2016-02-05,DAL vs. SAS,L,240,90,33,73,0.452,3,15,0.2,21,27,0.778,5,31,36,17,7,2,15,23,-26.0
22015,1610612742,DAL,Dallas Mavericks,0021500741,2016-02-03,DAL vs. MIA,L,239,90,34,87,0.391,8,20,0.4,14,19,0.737,8,38,46,18,4,5,4,16,-3.0
22015,1610612742,DAL,Dallas Mavericks,0021500723,2016-02-01,DAL @ ATL,L,239,97,31,85,0.365,7,26,0.269,28,38,0.737,10,27,37,14,5,2,6,18,-15.0
22015,1610612742,DAL,Dallas Mavericks,0021500717,2016-01-31,DAL vs. PHX,W,241,91,31,78,0.397,8,29,0.276,21,23,0.913,13,29,42,15,9,1,14,19,13.0
22015,1610612742,DAL,Dallas Mavericks,0021500702,2016-01-29,DAL vs. BKN,W,239,91,37,80,0.463,8,21,0.381,9,15,0.6,10,39,49,22,6,5,12,17,12.0
22015,1610612742,DAL,Dallas Mavericks,0021500691,2016-01-27,DAL @ GSW,L,240,107,44,87,0.506,11,31,0.355,8,12,0.667,8,26,34,20,4,0,10,21,-20.0
22015,1610612742,DAL,Dallas Mavericks,0021500683,2016-01-26,DAL @ LAL,W,239,92,33,76,0.434,6,25,0.24,20,26,0.769,5,30,35,21,5,1,6,20,2.0
22015,1610612742,DAL,Dallas Mavericks,0021500665,2016-01-24,DAL @ HOU,L,240,104,36,79,0.456,15,30,0.5,17,22,0.773,8,28,36,17,4,4,14,20,-11.0
22015,1610612742,DAL,Dallas Mavericks,0021500651,2016-01-22,DAL vs. OKC,L,239,106,40,87,0.46,10,33,0.303,16,18,0.889,7,26,33,24,9,6,8,15,-3.0
22015,1610612742,DAL,Dallas Mavericks,0021500637,2016-01-20,DAL vs. MIN,W,265,106,42,97,0.433,5,25,0.2,17,22,0.773,9,37,46,18,11,2,11,15,12.0
22015,1610612742,DAL,Dallas Mavericks,0021500623,2016-01-18,DAL vs. BOS,W,265,118,40,93,0.43,16,34,0.471,22,24,0.917,11,40,51,23,4,2,14,21,5.0
22015,1610612742,DAL,Dallas Mavericks,0021500612,2016-01-17,DAL @ SAS,L,240,83,29,81,0.358,6,23,0.261,19,25,0.76,5,40,45,20,4,6,13,23,-29.0
22015,1610612742,DAL,Dallas Mavericks,0021500597,2016-01-15,DAL @ CHI,W,240,83,30,77,0.39,8,22,0.364,15,17,0.882,7,36,43,20,1,6,9,16,6.0
22015,1610612742,DAL,Dallas Mavericks,0021500582,2016-01-13,DAL @ OKC,L,240,89,32,82,0.39,6,31,0.194,19,25,0.76,8,33,41,18,7,3,16,20,-19.0
22015,1610612742,DAL,Dallas Mavericks,0021500575,2016-01-12,DAL vs. CLE,L,265,107,39,79,0.494,11,28,0.393,18,22,0.818,7,37,44,25,4,7,16,16,-3.0
22015,1610612742,DAL,Dallas Mavericks,0021500557,2016-01-10,DAL @ MIN,W,240,93,36,77,0.468,6,20,0.3,15,21,0.714,11,28,39,20,7,3,13,19,6.0
22015,1610612742,DAL,Dallas Mavericks,0021500545,2016-01-08,DAL @ MIL,L,239,95,35,84,0.417,14,44,0.318,11,16,0.688,16,26,42,27,6,5,16,21,-1.0
22015,1610612742,DAL,Dallas Mavericks,0021500531,2016-01-06,DAL @ NOP,W,239,100,37,87,0.425,7,28,0.25,19,22,0.864,11,41,52,22,7,6,10,18,9.0
22015,1610612742,DAL,Dallas Mavericks,0021500523,2016-01-05,DAL vs. SAC,W,290,117,45,98,0.459,12,29,0.414,15,23,0.652,13,42,55,22,13,2,17,18,1.0
22015,1610612742,DAL,Dallas Mavericks,0021500501,2016-01-02,DAL vs. NOP,L,239,98,36,83,0.434,10,26,0.385,16,19,0.842,3,30,33,20,10,2,13,17,-7.0
22015,1610612742,DAL,Dallas Mavericks,0021500491,2016-01-01,DAL @ MIA,L,239,82,32,88,0.364,7,31,0.226,11,14,0.786,13,27,40,22,6,3,9,11,-24.0
22015,1610612742,DAL,Dallas Mavericks,0021500480,2015-12-30,DAL vs. GSW,W,237,114,42,82,0.512,14,27,0.519,16,20,0.8,12,40,52,20,6,4,15,19,23.0
22015,1610612742,DAL,Dallas Mavericks,0021500464,2015-12-28,DAL vs. MIL,W,242,103,38,84,0.452,10,22,0.455,17,26,0.654,6,28,34,25,9,2,4,15,10.0
22015,1610612742,DAL,Dallas Mavericks,0021500449,2015-12-26,DAL vs. CHI,W,241,118,40,87,0.46,16,33,0.485,22,28,0.786,16,26,42,24,10,1,11,25,7.0
22015,1610612742,DAL,Dallas Mavericks,0021500428,2015-12-23,DAL @ BKN,W,263,119,45,82,0.549,16,34,0.471,13,15,0.867,5,29,34,27,3,4,17,18,1.0
22015,1610612742,DAL,Dallas Mavericks,0021500421,2015-12-22,DAL @ TOR,L,238,99,40,92,0.435,11,29,0.379,8,11,0.727,4,30,34,23,8,7,6,25,-4.0
22015,1610612742,DAL,Dallas Mavericks,0021500394,2015-12-18,DAL vs. MEM,W,240,97,34,78,0.436,10,29,0.345,19,21,0.905,11,39,50,27,7,4,19,17,9.0
22015,1610612742,DAL,Dallas Mavericks,0021500371,2015-12-16,DAL @ IND,L,241,81,33,90,0.367,8,33,0.242,7,10,0.7,11,36,47,16,2,3,11,16,-26.0
22015,1610612742,DAL,Dallas Mavericks,0021500363,2015-12-14,DAL vs. PHX,W,239,104,38,77,0.494,12,32,0.375,16,21,0.762,5,36,41,17,12,1,16,22,10.0
22015,1610612742,DAL,Dallas Mavericks,0021500350,2015-12-12,DAL vs. WAS,L,240,111,38,89,0.427,14,33,0.424,21,24,0.875,11,35,46,23,5,3,12,12,-3.0
22015,1610612742,DAL,Dallas Mavericks,0021500328,2015-12-09,DAL vs. ATL,L,241,95,36,100,0.36,7,31,0.226,16,19,0.842,20,31,51,18,7,3,9,15,-3.0
22015,1610612742,DAL,Dallas Mavericks,0021500307,2015-12-07,DAL @ NYK,W,241,104,37,82,0.451,13,31,0.419,17,20,0.85,7,36,43,21,7,3,9,14,7.0
22015,1610612742,DAL,Dallas Mavericks,0021500302,2015-12-06,DAL @ WAS,W,238,116,38,76,0.5,16,31,0.516,24,27,0.889,6,44,50,25,5,4,16,17,12.0
22015,1610612742,DAL,Dallas Mavericks,0021500287,2015-12-04,DAL vs. HOU,L,239,96,37,81,0.457,8,29,0.276,14,20,0.7,11,31,42,23,8,5,17,17,-4.0
22015,1610612742,DAL,Dallas Mavericks,0021500267,2015-12-01,DAL @ POR,W,267,115,43,94,0.457,9,29,0.31,20,24,0.833,12,37,49,23,7,5,12,17,3.0
22015,1610612742,DAL,Dallas Mavericks,0021500260,2015-11-30,DAL @ SAC,L,240,98,36,84,0.429,9,37,0.243,17,22,0.773,9,31,40,22,8,3,16,30,-14.0
22015,1610612742,DAL,Dallas Mavericks,0021500241,2015-11-28,DAL vs. DEN,W,240,92,33,77,0.429,7,26,0.269,19,27,0.704,10,32,42,18,13,3,13,14,11.0
22015,1610612742,DAL,Dallas Mavericks,0021500224,2015-11-25,DAL @ SAS,L,240,83,34,83,0.41,6,22,0.273,9,12,0.75,9,37,46,21,7,1,13,21,-5.0
22015,1610612742,DAL,Dallas Mavericks,0021500211,2015-11-24,DAL @ MEM,L,240,96,30,77,0.39,11,34,0.324,25,28,0.893,4,44,48,22,4,6,19,25,-14.0
22015,1610612742,DAL,Dallas Mavericks,0021500199,2015-11-22,DAL @ OKC,L,240,114,44,83,0.53,10,19,0.526,16,28,0.571,9,27,36,26,8,4,17,17,-3.0
22015,1610612742,DAL,Dallas Mavericks,0021500184,2015-11-20,DAL vs. UTA,W,240,102,39,83,0.47,8,28,0.286,16,17,0.941,8,26,34,24,10,5,8,19,9.0
22015,1610612742,DAL,Dallas Mavericks,0021500168,2015-11-18,DAL @ BOS,W,240,106,37,72,0.514,7,20,0.35,25,35,0.714,7,32,39,22,7,7,17,22,4.0
22015,1610612742,DAL,Dallas Mavericks,0021500152,2015-11-16,DAL @ PHI,W,241,92,30,76,0.395,7,24,0.292,25,30,0.833,6,33,39,16,12,2,19,23,6.0
22015,1610612742,DAL,Dallas Mavericks,0021500140,2015-11-14,DAL @ HOU,W,239,110,43,89,0.483,8,28,0.286,16,21,0.762,8,37,45,24,6,7,11,21,12.0
22015,1610612742,DAL,Dallas Mavericks,0021500135,2015-11-13,DAL vs. LAL,W,240,90,30,82,0.366,7,27,0.259,23,29,0.793,7,41,48,19,9,4,15,15,8.0
22015,1610612742,DAL,Dallas Mavericks,0021500118,2015-11-11,DAL vs. LAC,W,240,118,42,76,0.553,11,24,0.458,23,30,0.767,8,36,44,23,8,3,13,29,9.8
22015,1610612742,DAL,Dallas Mavericks,0021500112,2015-11-10,DAL @ NOP,L,240,105,39,88,0.443,5,20,0.25,22,26,0.846,8,36,44,20,4,4,13,17,-15.0
22015,1610612742,DAL,Dallas Mavericks,0021500088,2015-11-07,DAL vs. NOP,W,241,107,40,84,0.476,9,24,0.375,18,22,0.818,6,36,42,20,5,2,9,17,9.0
22015,1610612742,DAL,Dallas Mavericks,0021500072,2015-11-05,DAL vs. CHA,L,241,94,32,82,0.39,6,29,0.207,24,27,0.889,8,36,44,17,8,2,13,13,-14.0
22015,1610612742,DAL,Dallas Mavericks,0021500057,2015-11-03,DAL vs. TOR,L,240,91,33,86,0.384,7,23,0.304,18,25,0.72,14,30,44,20,5,3,15,25,-11.0
22015,1610612742,DAL,Dallas Mavericks,0021500045,2015-11-01,DAL @ LAL,W,240,103,40,87,0.46,11,30,0.367,12,16,0.75,8,41,49,28,5,4,11,22,10.0
22015,1610612742,DAL,Dallas Mavericks,0021500020,2015-10-29,DAL @ LAC,L,238,88,35,97,0.361,6,30,0.2,12,15,0.8,14,41,55,22,4,2,12,26,-16.0
22015,1610612742,DAL,Dallas Mavericks,0021500014,2015-10-28,DAL @ PHX,W,240,111,40,85,0.471,10,21,0.476,21,31,0.677,6,42,48,24,7,3,8,25,16.0
12015,1610612742,DAL,Dallas Mavericks,0011500103,2015-10-23,DAL @ CHI,L,241,102,37,88,0.42,6,18,0.333,22,25,0.88,7,43,50,25,7,0,12,16,-1.0
12015,1610612742,DAL,Dallas Mavericks,0011500094,2015-10-21,DAL vs. PHX,L,240,87,31,85,0.365,2,23,0.087,23,32,0.719,16,35,51,16,8,5,20,20,-12.0
12015,1610612742,DAL,Dallas Mavericks,0011500083,2015-10-19,DAL @ CLE,L,241,97,33,76,0.434,7,28,0.25,24,27,0.889,7,38,45,24,4,5,18,29,-6.0
12015,1610612742,DAL,Dallas Mavericks,0011500068,2015-10-16,DAL vs. ATL,L,241,84,31,85,0.365,9,33,0.273,13,17,0.765,8,41,49,18,8,6,18,19,-7.0
12015,1610612742,DAL,Dallas Mavericks,0011500053,2015-10-13,DAL @ OKC,L,239,88,31,80,0.388,4,22,0.182,22,31,0.71,6,32,38,16,14,5,17,20,-12.0
12015,1610612742,DAL,Dallas Mavericks,0011500019,2015-10-07,DAL @ HOU,L,241,82,29,81,0.358,7,29,0.241,17,23,0.739,7,32,39,15,5,6,8,21,-27.0
12015,1610612742,DAL,Dallas Mavericks,0011500015,2015-10-06,DAL vs. DEN,L,243,86,34,86,0.395,9,37,0.243,9,11,0.818,11,31,42,23,8,8,21,18,-10.0
42014,1610612742,DAL,Dallas Mavericks,0041400155,2015-04-28,DAL @ HOU,L,239,94,35,92,0.38,5,26,0.192,19,25,0.76,10,37,47,21,14,2,18,29,-9.0
42014,1610612742,DAL,Dallas Mavericks,0041400154,2015-04-26,DAL vs. HOU,W,240,121,51,94,0.543,10,28,0.357,9,21,0.429,16,36,52,25,3,5,15,28,12.0
42014,1610612742,DAL,Dallas Mavericks,0041400153,2015-04-24,DAL vs. HOU,L,239,128,45,86,0.523,11,29,0.379,27,35,0.771,14,29,43,27,9,6,10,28,-2.0
42014,1610612742,DAL,Dallas Mavericks,0041400152,2015-04-21,DAL @ HOU,L,242,99,33,89,0.371,6,22,0.273,27,28,0.964,14,32,46,14,4,6,8,23,-12.0
42014,1610612742,DAL,Dallas Mavericks,0041400151,2015-04-18,DAL @ HOU,L,241,108,44,99,0.444,6,17,0.353,14,17,0.824,14,35,49,19,5,4,17,28,-10.0
22014,1610612742,DAL,Dallas Mavericks,0021401218,2015-04-15,DAL vs. POR,W,240,114,39,86,0.453,9,25,0.36,27,34,0.794,12,42,54,18,9,5,14,17,16.0
22014,1610612742,DAL,Dallas Mavericks,0021401210,2015-04-13,DAL @ UTA,L,241,92,34,82,0.415,9,20,0.45,15,23,0.652,12,29,41,18,4,4,16,21,-17.0
22014,1610612742,DAL,Dallas Mavericks,0021401201,2015-04-12,DAL @ LAL,W,240,120,45,83,0.542,10,21,0.476,20,26,0.769,7,35,42,31,7,9,12,20,14.0
22014,1610612742,DAL,Dallas Mavericks,0021401184,2015-04-10,DAL @ DEN,W,290,144,57,109,0.523,11,29,0.379,19,24,0.792,11,38,49,39,8,6,17,23,1.0
22014,1610612742,DAL,Dallas Mavericks,0021401171,2015-04-08,DAL vs. PHX,W,240,107,45,94,0.479,4,18,0.222,13,16,0.813,15,32,47,18,3,3,8,17,3.0
22014,1610612742,DAL,Dallas Mavericks,0021401142,2015-04-04,DAL vs. GSW,L,240,110,34,80,0.425,3,16,0.188,39,54,0.722,10,34,44,14,6,2,16,23,-13.0
22014,1610612742,DAL,Dallas Mavericks,0021401125,2015-04-02,DAL vs. HOU,L,240,101,37,84,0.44,8,26,0.308,19,27,0.704,9,32,41,23,6,5,13,29,-7.0
22014,1610612742,DAL,Dallas Mavericks,0021401120,2015-04-01,DAL @ OKC,W,239,135,56,91,0.615,4,15,0.267,19,24,0.792,4,30,34,35,8,1,6,23,4.0
22014,1610612742,DAL,Dallas Mavericks,0021401099,2015-03-29,DAL @ IND,L,240,99,40,90,0.444,6,15,0.4,13,19,0.684,9,32,41,20,5,3,12,25,-5.0
22014,1610612742,DAL,Dallas Mavericks,0021401084,2015-03-27,DAL @ SAS,L,238,76,31,82,0.378,4,18,0.222,10,15,0.667,15,32,47,15,9,4,18,21,-18.0
22014,1610612742,DAL,Dallas Mavericks,0021401057,2015-03-24,DAL vs. SAS,W,241,101,42,87,0.483,7,22,0.318,10,13,0.769,10,39,49,21,6,2,16,19,7.0
22014,1610612742,DAL,Dallas Mavericks,0021401046,2015-03-22,DAL @ PHX,L,240,92,37,96,0.385,5,19,0.263,13,22,0.591,15,25,40,21,9,1,12,22,-6.0
22014,1610612742,DAL,Dallas Mavericks,0021401027,2015-03-20,DAL vs. MEM,L,241,101,34,76,0.447,8,22,0.364,25,36,0.694,9,32,41,14,6,3,17,29,-11.0
22014,1610612742,DAL,Dallas Mavericks,0021401012,2015-03-18,DAL vs. ORL,W,240,107,39,80,0.488,13,31,0.419,16,24,0.667,8,32,40,28,7,6,20,16,5.0
22014,1610612742,DAL,Dallas Mavericks,0021400996,2015-03-16,DAL vs. OKC,W,239,119,42,89,0.472,10,25,0.4,25,35,0.714,8,29,37,27,9,2,12,27,4.0
22014,1610612742,DAL,Dallas Mavericks,0021400972,2015-03-13,DAL vs. LAC,W,239,129,51,84,0.607,16,28,0.571,11,16,0.688,12,31,43,31,11,2,15,16,30.0
22014,1610612742,DAL,Dallas Mavericks,0021400948,2015-03-10,DAL vs. CLE,L,240,94,33,81,0.407,5,20,0.25,23,33,0.697,15,27,42,18,6,6,16,22,-33.0
22014,1610612742,DAL,Dallas Mavericks,0021400937,2015-03-08,DAL @ LAL,W,240,100,38,78,0.487,9,26,0.346,15,22,0.682,6,27,33,21,10,7,7,20,7.0
22014,1610612742,DAL,Dallas Mavericks,0021400922,2015-03-06,DAL @ GSW,L,240,89,32,87,0.368,6,20,0.3,19,26,0.731,3,31,34,17,15,1,11,20,-15.0
22014,1610612742,DAL,Dallas Mavericks,0021400910,2015-03-05,DAL @ POR,L,240,75,33,88,0.375,2,16,0.125,7,8,0.875,6,35,41,17,10,3,13,16,-19.0
22014,1610612742,DAL,Dallas Mavericks,0021400889,2015-03-02,DAL vs. NOP,W,240,102,38,79,0.481,6,16,0.375,20,22,0.909,9,29,38,11,7,6,5,14,9.0
22014,1610612742,DAL,Dallas Mavericks,0021400874,2015-02-28,DAL vs. BKN,L,240,94,35,82,0.427,9,28,0.321,15,18,0.833,8,29,37,23,10,3,12,19,-10.0
22014,1610612742,DAL,Dallas Mavericks,0021400843,2015-02-25,DAL @ ATL,L,239,87,34,80,0.425,5,31,0.161,14,18,0.778,13,31,44,20,0,3,15,18,-17.0
22014,1610612742,DAL,Dallas Mavericks,0021400841,2015-02-24,DAL vs. TOR,W,240,99,38,79,0.481,8,19,0.421,15,18,0.833,8,32,40,17,13,4,19,13,7.0
22014,1610612742,DAL,Dallas Mavericks,0021400827,2015-02-22,DAL vs. CHA,W,240,92,36,78,0.462,5,18,0.278,15,19,0.789,6,43,49,20,7,6,15,16,11.0
22014,1610612742,DAL,Dallas Mavericks,0021400810,2015-02-20,DAL vs. HOU,W,241,111,44,93,0.473,9,24,0.375,14,18,0.778,12,38,50,26,10,2,17,19,11.0
22014,1610612742,DAL,Dallas Mavericks,0021400801,2015-02-19,DAL @ OKC,L,241,89,33,91,0.363,9,27,0.333,14,17,0.824,14,25,39,16,14,3,17,20,-15.0
22014,1610612742,DAL,Dallas Mavericks,0021400797,2015-02-11,DAL vs. UTA,W,240,87,28,75,0.373,10,28,0.357,21,26,0.808,7,31,38,18,11,3,11,21,5.0
22014,1610612742,DAL,Dallas Mavericks,0021400781,2015-02-09,DAL vs. LAC,L,240,98,33,81,0.407,10,34,0.294,22,30,0.733,14,33,47,19,2,3,12,26,-17.0
22014,1610612742,DAL,Dallas Mavericks,0021400762,2015-02-07,DAL vs. POR,W,264,111,43,105,0.41,14,36,0.389,11,16,0.688,20,35,55,21,11,7,15,20,10.0
22014,1610612742,DAL,Dallas Mavericks,0021400744,2015-02-05,DAL @ SAC,W,239,101,41,96,0.427,12,34,0.353,7,10,0.7,8,40,48,25,9,7,9,19,23.0
22014,1610612742,DAL,Dallas Mavericks,0021400741,2015-02-04,DAL @ GSW,L,240,114,41,98,0.418,10,30,0.333,22,28,0.786,14,28,42,24,8,1,8,19,-14.0
22014,1610612742,DAL,Dallas Mavericks,0021400724,2015-02-02,DAL vs. MIN,W,240,100,39,84,0.464,10,31,0.323,12,18,0.667,12,31,43,27,11,10,15,18,6.0
22014,1610612742,DAL,Dallas Mavericks,0021400706,2015-01-31,DAL @ ORL,W,240,108,42,74,0.568,11,21,0.524,13,22,0.591,3,33,36,26,9,4,12,20,15.0
22014,1610612742,DAL,Dallas Mavericks,0021400702,2015-01-30,DAL @ MIA,W,241,93,34,82,0.415,13,29,0.448,12,20,0.6,13,36,49,24,10,4,10,13,21.0
22014,1610612742,DAL,Dallas Mavericks,0021400685,2015-01-28,DAL @ HOU,L,239,94,35,82,0.427,10,25,0.4,14,16,0.875,10,36,46,16,10,7,23,16,-5.0
22014,1610612742,DAL,Dallas Mavericks,0021400678,2015-01-27,DAL vs. MEM,L,240,90,38,78,0.487,7,26,0.269,7,10,0.7,8,27,35,20,8,3,16,20,-19.0
22014,1610612742,DAL,Dallas Mavericks,0021400660,2015-01-25,DAL @ NOP,L,240,106,39,81,0.481,9,24,0.375,19,25,0.76,13,25,38,20,5,6,9,19,-3.0
22014,1610612742,DAL,Dallas Mavericks,0021400646,2015-01-23,DAL vs. CHI,L,240,98,37,82,0.451,6,18,0.333,18,18,1.0,9,21,30,16,12,8,12,16,-4.0
22014,1610612742,DAL,Dallas Mavericks,0021400631,2015-01-21,DAL @ MIN,W,241,98,39,76,0.513,11,27,0.407,9,14,0.643,6,36,42,26,6,3,10,13,23.0
22014,1610612742,DAL,Dallas Mavericks,0021400616,2015-01-19,DAL @ MEM,W,241,103,34,76,0.447,10,25,0.4,25,33,0.758,12,30,42,17,6,3,13,22,8.0
22014,1610612742,DAL,Dallas Mavericks,0021400594,2015-01-16,DAL vs. DEN,W,241,97,33,79,0.418,8,25,0.32,23,29,0.793,10,42,52,22,7,2,14,23,8.0
22014,1610612742,DAL,Dallas Mavericks,0021400581,2015-01-14,DAL @ DEN,L,241,107,41,100,0.41,9,37,0.243,16,20,0.8,10,29,39,24,8,5,8,25,-7.0
22014,1610612742,DAL,Dallas Mavericks,0021400572,2015-01-13,DAL @ SAC,W,265,108,43,100,0.43,6,24,0.25,16,23,0.696,12,32,44,23,12,4,10,25,4.0
22014,1610612742,DAL,Dallas Mavericks,0021400550,2015-01-10,DAL @ LAC,L,241,100,38,86,0.442,12,30,0.4,12,17,0.706,8,32,40,29,4,2,11,18,-20.0
22014,1610612742,DAL,Dallas Mavericks,0021400529,2015-01-07,DAL vs. DET,L,240,95,38,87,0.437,6,22,0.273,13,18,0.722,9,34,43,24,9,4,14,15,-13.0
22014,1610612742,DAL,Dallas Mavericks,0021400511,2015-01-05,DAL @ BKN,W,266,96,37,94,0.394,10,27,0.37,12,19,0.632,14,37,51,24,8,6,10,17,8.0
22014,1610612742,DAL,Dallas Mavericks,0021400503,2015-01-04,DAL @ CLE,W,241,109,44,78,0.564,12,26,0.462,9,11,0.818,4,32,36,30,7,8,10,20,19.0
22014,1610612742,DAL,Dallas Mavericks,0021400486,2015-01-02,DAL @ BOS,W,237,119,45,96,0.469,13,27,0.481,16,17,0.941,16,36,52,24,8,1,11,21,18.0
22014,1610612742,DAL,Dallas Mavericks,0021400470,2014-12-30,DAL vs. WAS,W,243,114,43,82,0.524,8,15,0.533,20,29,0.69,3,31,34,21,11,5,7,22,27.0
22014,1610612742,DAL,Dallas Mavericks,0021400455,2014-12-28,DAL vs. OKC,W,241,112,39,88,0.443,10,31,0.323,24,28,0.857,7,30,37,26,8,6,12,16,5.0
22014,1610612742,DAL,Dallas Mavericks,0021400439,2014-12-26,DAL vs. LAL,W,241,102,42,83,0.506,5,18,0.278,13,24,0.542,6,34,40,20,9,6,13,21,4.0
22014,1610612742,DAL,Dallas Mavericks,0021400425,2014-12-23,DAL @ PHX,L,241,115,41,88,0.466,9,25,0.36,24,29,0.828,14,35,49,22,4,1,20,27,-9.0
22014,1610612742,DAL,Dallas Mavericks,0021400413,2014-12-22,DAL vs. ATL,L,239,102,39,90,0.433,11,28,0.393,13,20,0.65,13,34,47,23,12,5,15,23,-3.0
22014,1610612742,DAL,Dallas Mavericks,0021400397,2014-12-20,DAL vs. SAS,W,240,99,37,86,0.43,9,26,0.346,16,20,0.8,13,27,40,18,10,3,12,24,6.0
22014,1610612742,DAL,Dallas Mavericks,0021400372,2014-12-17,DAL @ DET,W,239,117,40,79,0.506,10,22,0.455,27,35,0.771,9,36,45,29,9,4,14,15,11.0
22014,1610612742,DAL,Dallas Mavericks,0021400367,2014-12-16,DAL @ NYK,W,240,107,42,83,0.506,15,33,0.455,8,8,1.0,10,31,41,30,9,4,17,14,20.0
22014,1610612742,DAL,Dallas Mavericks,0021400340,2014-12-13,DAL vs. GSW,L,242,98,36,89,0.404,5,25,0.2,21,30,0.7,17,36,53,14,11,0,15,23,-7.0
22014,1610612742,DAL,Dallas Mavericks,0021400323,2014-12-10,DAL vs. NOP,W,241,112,44,83,0.53,9,21,0.429,15,17,0.882,5,24,29,17,5,5,8,18,5.0
22014,1610612742,DAL,Dallas Mavericks,0021400310,2014-12-09,DAL @ MEM,L,241,105,38,85,0.447,18,40,0.45,11,14,0.786,12,31,43,19,4,7,16,22,-9.0
22014,1610612742,DAL,Dallas Mavericks,0021400298,2014-12-07,DAL vs. MIL,W,241,125,49,84,0.583,12,31,0.387,15,19,0.789,8,28,36,29,14,8,11,14,23.0
22014,1610612742,DAL,Dallas Mavericks,0021400284,2014-12-05,DAL vs. PHX,L,241,106,40,88,0.455,4,19,0.211,22,30,0.733,16,28,44,13,5,1,11,16,-12.0
22014,1610612742,DAL,Dallas Mavericks,0021400269,2014-12-03,DAL @ MIL,W,240,107,42,92,0.457,8,27,0.296,15,22,0.682,17,29,46,20,8,6,16,23,2.0
22014,1610612742,DAL,Dallas Mavericks,0021400257,2014-12-02,DAL @ CHI,W,290,132,47,102,0.461,15,30,0.5,23,27,0.852,12,34,46,30,9,6,14,28,3.0
22014,1610612742,DAL,Dallas Mavericks,0021400235,2014-11-29,DAL @ PHI,W,242,110,40,89,0.449,8,30,0.267,22,30,0.733,13,27,40,28,13,5,12,22,7.0
22014,1610612742,DAL,Dallas Mavericks,0021400227,2014-11-28,DAL @ TOR,W,239,106,40,86,0.465,11,26,0.423,15,22,0.682,6,31,37,27,7,9,8,17,4.0
22014,1610612742,DAL,Dallas Mavericks,0021400214,2014-11-26,DAL vs. NYK,W,267,109,38,95,0.4,4,31,0.129,29,38,0.763,20,36,56,20,12,5,11,16,7.0
22014,1610612742,DAL,Dallas Mavericks,0021400203,2014-11-24,DAL vs. IND,L,240,100,40,80,0.5,8,24,0.333,12,21,0.571,6,31,37,21,6,6,12,28,-11.0
22014,1610612742,DAL,Dallas Mavericks,0021400188,2014-11-22,DAL @ HOU,L,240,92,35,88,0.398,6,35,0.171,16,22,0.727,16,34,50,17,6,5,14,22,-3.0
22014,1610612742,DAL,Dallas Mavericks,0021400180,2014-11-21,DAL vs. LAL,W,241,140,51,82,0.622,18,35,0.514,20,28,0.714,11,28,39,37,4,2,9,16,34.0
22014,1610612742,DAL,Dallas Mavericks,0021400163,2014-11-19,DAL @ WAS,W,239,105,34,82,0.415,12,28,0.429,25,29,0.862,10,34,44,18,5,5,12,19,3.0
22014,1610612742,DAL,Dallas Mavericks,0021400146,2014-11-17,DAL @ CHA,W,239,107,43,84,0.512,10,28,0.357,11,16,0.688,10,40,50,32,7,4,7,18,27.0
22014,1610612742,DAL,Dallas Mavericks,0021400137,2014-11-15,DAL vs. MIN,W,241,131,52,94,0.553,8,26,0.308,19,23,0.826,12,28,40,31,5,10,7,24,14.0
22014,1610612742,DAL,Dallas Mavericks,0021400120,2014-11-13,DAL vs. PHI,W,239,123,41,80,0.513,11,32,0.344,30,36,0.833,9,42,51,33,14,5,15,25,53.0
22014,1610612742,DAL,Dallas Mavericks,0021400106,2014-11-11,DAL vs. SAC,W,240,106,38,80,0.475,10,27,0.37,20,24,0.833,9,24,33,23,8,8,11,29,8.0
22014,1610612742,DAL,Dallas Mavericks,0021400094,2014-11-09,DAL vs. MIA,L,240,96,35,83,0.422,9,29,0.31,17,24,0.708,15,26,41,22,8,7,13,15,-9.0
22014,1610612742,DAL,Dallas Mavericks,0021400080,2014-11-07,DAL @ UTA,W,241,105,42,88,0.477,9,24,0.375,12,14,0.857,13,29,42,23,12,3,8,22,23.0
22014,1610612742,DAL,Dallas Mavericks,0021400070,2014-11-06,DAL @ POR,L,239,87,33,90,0.367,5,23,0.217,16,16,1.0,8,26,34,14,6,4,7,17,-21.0
22014,1610612742,DAL,Dallas Mavericks,0021400046,2014-11-03,DAL vs. BOS,W,242,118,44,82,0.537,14,25,0.56,16,20,0.8,7,29,36,24,5,9,17,17,5.0
22014,1610612742,DAL,Dallas Mavericks,0021400027,2014-11-01,DAL @ NOP,W,240,109,46,89,0.517,6,25,0.24,11,19,0.579,11,33,44,25,4,6,12,25,5.0
22014,1610612742,DAL,Dallas Mavericks,0021400019,2014-10-30,DAL vs. UTA,W,241,120,47,85,0.553,8,21,0.381,18,23,0.783,13,31,44,25,8,5,9,15,18.0
22014,1610612742,DAL,Dallas Mavericks,0021400002,2014-10-28,DAL @ SAS,L,239,100,38,78,0.487,8,21,0.381,16,19,0.842,9,24,33,17,9,3,10,20,-1.0
12014,1610612742,DAL,Dallas Mavericks,0011400110,2014-10-24,DAL @ ORL,W,242,117,43,78,0.551,12,30,0.4,19,24,0.792,6,30,36,30,14,3,19,23,25.0
12014,1610612742,DAL,Dallas Mavericks,0011400108,2014-10-23,DAL @ NOP,L,240,85,33,84,0.393,4,23,0.174,15,19,0.789,11,39,50,16,4,3,14,25,-3.0
12014,1610612742,DAL,Dallas Mavericks,0011400090,2014-10-20,DAL vs. MEM,W,240,108,42,87,0.483,10,28,0.357,14,18,0.778,13,36,49,29,6,6,12,26,5.0
12014,1610612742,DAL,Dallas Mavericks,0011400074,2014-10-18,DAL @ IND,L,239,93,37,85,0.435,7,20,0.35,12,19,0.632,7,34,41,20,7,5,16,32,-5.0
12014,1610612742,DAL,Dallas Mavericks,0011400072,2014-10-17,DAL @ CLE,W,239,108,39,85,0.459,14,34,0.412,16,22,0.727,10,27,37,27,13,1,11,18,6.0
12014,1610612742,DAL,Dallas Mavericks,0011400041,2014-10-12,DAL vs. IND,W,240,106,41,90,0.456,12,37,0.324,12,26,0.462,15,33,48,27,9,4,12,20,8.0
12014,1610612742,DAL,Dallas Mavericks,0011400032,2014-10-10,DAL vs. OKC,L,240,109,33,80,0.413,11,36,0.306,32,45,0.711,11,34,45,24,6,3,20,32,-9.0
12014,1610612742,DAL,Dallas Mavericks,0011400014,2014-10-07,DAL vs. HOU,L,239,108,26,64,0.406,9,28,0.321,47,64,0.734,15,25,40,14,6,9,23,36,-3.0
42013,1610612742,DAL,Dallas Mavericks,0041300147,2014-05-04,DAL @ SAS,L,240,96,36,88,0.409,9,25,0.36,15,17,0.882,11,28,39,21,6,2,13,21,-23.0
42013,1610612742,DAL,Dallas Mavericks,0041300146,2014-05-02,DAL vs. SAS,W,240,113,45,87,0.517,8,18,0.444,15,24,0.625,13,27,40,18,8,2,15,20,2.0
42013,1610612742,DAL,Dallas Mavericks,0041300145,2014-04-30,DAL @ SAS,L,240,103,39,89,0.438,12,28,0.429,13,15,0.867,9,38,47,18,2,8,8,21,-6.0
42013,1610612742,DAL,Dallas Mavericks,0041300144,2014-04-28,DAL vs. SAS,L,239,89,32,84,0.381,7,24,0.292,18,28,0.643,16,33,49,18,8,3,9,23,-4.0
42013,1610612742,DAL,Dallas Mavericks,0041300143,2014-04-26,DAL vs. SAS,W,239,109,42,82,0.512,9,23,0.391,16,19,0.842,10,25,35,25,4,6,16,19,1.0
42013,1610612742,DAL,Dallas Mavericks,0041300142,2014-04-23,DAL @ SAS,W,240,113,45,92,0.489,8,21,0.381,15,16,0.938,14,21,35,19,13,3,7,19,21.0
42013,1610612742,DAL,Dallas Mavericks,0041300141,2014-04-20,DAL @ SAS,L,239,85,35,85,0.412,6,18,0.333,9,13,0.692,9,31,40,15,5,5,8,19,-5.0
22013,1610612742,DAL,Dallas Mavericks,0021301216,2014-04-16,DAL @ MEM,L,265,105,44,92,0.478,8,30,0.267,9,11,0.818,15,24,39,22,11,4,13,23,-1.0
22013,1610612742,DAL,Dallas Mavericks,0021301195,2014-04-12,DAL vs. PHX,W,239,101,39,79,0.494,11,24,0.458,12,15,0.8,9,33,42,21,11,5,19,18,3.0
22013,1610612742,DAL,Dallas Mavericks,0021301174,2014-04-10,DAL vs. SAS,L,240,100,39,83,0.47,5,12,0.417,17,21,0.81,8,34,42,16,5,5,10,17,-9.0
22013,1610612742,DAL,Dallas Mavericks,0021301159,2014-04-08,DAL @ UTA,W,239,95,40,72,0.556,9,23,0.391,6,11,0.545,6,30,36,24,3,5,9,12,12.0
22013,1610612742,DAL,Dallas Mavericks,0021301151,2014-04-06,DAL @ SAC,W,239,93,36,89,0.404,13,31,0.419,8,14,0.571,16,29,45,23,7,5,10,16,2.0
22013,1610612742,DAL,Dallas Mavericks,0021301142,2014-04-04,DAL @ LAL,W,241,107,44,92,0.478,5,21,0.238,14,15,0.933,15,37,52,28,8,4,16,17,12.0
22013,1610612742,DAL,Dallas Mavericks,0021301128,2014-04-03,DAL @ LAC,W,240,113,41,82,0.5,14,29,0.483,17,20,0.85,8,38,46,24,4,9,11,21,6.0
22013,1610612742,DAL,Dallas Mavericks,0021301112,2014-04-01,DAL vs. GSW,L,265,120,47,96,0.49,14,30,0.467,12,16,0.75,15,28,43,27,7,5,8,12,-2.0
22013,1610612742,DAL,Dallas Mavericks,0021301090,2014-03-29,DAL vs. SAC,W,239,103,34,70,0.486,7,23,0.304,28,35,0.8,6,29,35,28,6,7,12,18,3.0
22013,1610612742,DAL,Dallas Mavericks,0021301074,2014-03-27,DAL vs. LAC,L,239,103,37,79,0.468,10,20,0.5,19,27,0.704,11,32,43,21,12,4,17,21,-6.0
22013,1610612742,DAL,Dallas Mavericks,0021301059,2014-03-25,DAL vs. OKC,W,266,128,45,90,0.5,15,38,0.395,23,28,0.821,12,36,48,27,14,4,20,22,9.0
22013,1610612742,DAL,Dallas Mavericks,0021301044,2014-03-23,DAL vs. BKN,L,264,104,35,91,0.385,10,31,0.323,24,31,0.774,18,34,52,21,2,9,13,25,-3.0
22013,1610612742,DAL,Dallas Mavericks,0021301028,2014-03-21,DAL vs. DEN,W,240,122,48,89,0.539,12,22,0.545,14,17,0.824,15,33,48,28,11,5,16,18,16.0
22013,1610612742,DAL,Dallas Mavericks,0021301014,2014-03-19,DAL vs. MIN,L,266,122,47,95,0.495,9,27,0.333,19,25,0.76,10,41,51,26,9,4,16,25,-1.0
22013,1610612742,DAL,Dallas Mavericks,0021301001,2014-03-17,DAL vs. BOS,W,240,94,33,78,0.423,9,27,0.333,19,21,0.905,6,30,36,20,7,4,13,17,5.0
22013,1610612742,DAL,Dallas Mavericks,0021300992,2014-03-16,DAL @ OKC,W,240,109,40,75,0.533,13,24,0.542,16,20,0.8,8,34,42,26,9,4,18,17,23.0
22013,1610612742,DAL,Dallas Mavericks,0021300964,2014-03-12,DAL @ UTA,W,239,108,42,79,0.532,13,21,0.619,11,12,0.917,5,34,39,26,2,2,13,23,7.0
22013,1610612742,DAL,Dallas Mavericks,0021300956,2014-03-11,DAL @ GSW,L,241,85,30,82,0.366,5,18,0.278,20,31,0.645,11,29,40,18,10,3,17,16,-23.0
22013,1610612742,DAL,Dallas Mavericks,0021300941,2014-03-09,DAL vs. IND,W,241,105,36,81,0.444,8,20,0.4,25,31,0.806,15,27,42,23,10,2,10,23,11.0
22013,1610612742,DAL,Dallas Mavericks,0021300924,2014-03-07,DAL vs. POR,W,241,103,37,79,0.468,4,13,0.308,25,34,0.735,9,29,38,17,10,4,9,22,5.0
22013,1610612742,DAL,Dallas Mavericks,0021300912,2014-03-05,DAL @ DEN,L,241,110,46,87,0.529,9,20,0.45,9,9,1.0,8,25,33,24,6,4,15,27,-5.0
22013,1610612742,DAL,Dallas Mavericks,0021300888,2014-03-02,DAL @ SAS,L,241,106,45,97,0.464,7,18,0.389,9,14,0.643,14,29,43,24,10,5,7,23,-6.0
22013,1610612742,DAL,Dallas Mavericks,0021300870,2014-02-28,DAL vs. CHI,L,239,91,34,85,0.4,11,31,0.355,12,17,0.706,13,24,37,17,12,5,13,20,-9.0
22013,1610612742,DAL,Dallas Mavericks,0021300856,2014-02-26,DAL vs. NOP,W,238,108,41,79,0.519,10,22,0.455,16,17,0.941,4,30,34,28,15,4,9,14,19.0
22013,1610612742,DAL,Dallas Mavericks,0021300843,2014-02-24,DAL @ NYK,W,240,110,41,86,0.477,15,36,0.417,13,16,0.813,11,23,34,27,5,3,10,19,2.0
22013,1610612742,DAL,Dallas Mavericks,0021300828,2014-02-22,DAL @ DET,W,242,113,44,90,0.489,8,23,0.348,17,22,0.773,16,34,50,31,8,6,14,19,11.0
22013,1610612742,DAL,Dallas Mavericks,0021300817,2014-02-21,DAL @ PHI,W,240,124,48,77,0.623,9,23,0.391,19,25,0.76,8,40,48,39,9,7,23,24,12.0
22013,1610612742,DAL,Dallas Mavericks,0021300798,2014-02-18,DAL vs. MIA,L,240,106,34,85,0.4,9,27,0.333,29,32,0.906,21,29,50,20,6,1,16,16,-11.0
22013,1610612742,DAL,Dallas Mavericks,0021300777,2014-02-12,DAL @ IND,W,239,81,30,84,0.357,5,19,0.263,16,21,0.762,10,37,47,21,7,10,13,19,8.0
22013,1610612742,DAL,Dallas Mavericks,0021300770,2014-02-11,DAL @ CHA,L,240,89,37,82,0.451,5,14,0.357,10,12,0.833,7,26,33,20,5,4,8,15,-25.0
22013,1610612742,DAL,Dallas Mavericks,0021300758,2014-02-09,DAL @ BOS,W,241,102,37,82,0.451,10,23,0.435,18,20,0.9,10,38,48,21,6,4,9,12,11.0
22013,1610612742,DAL,Dallas Mavericks,0021300746,2014-02-07,DAL vs. UTA,W,242,103,38,81,0.469,10,18,0.556,17,22,0.773,11,37,48,24,10,2,9,20,22.0
22013,1610612742,DAL,Dallas Mavericks,0021300730,2014-02-05,DAL @ MEM,W,239,110,42,78,0.538,8,18,0.444,18,25,0.72,11,24,35,24,7,3,13,20,14.0
22013,1610612742,DAL,Dallas Mavericks,0021300717,2014-02-03,DAL vs. CLE,W,241,124,44,80,0.55,12,26,0.462,24,26,0.923,10,35,45,30,4,5,13,23,17.0
22013,1610612742,DAL,Dallas Mavericks,0021300693,2014-01-31,DAL vs. SAC,W,242,107,38,80,0.475,2,19,0.105,29,36,0.806,12,25,37,21,10,2,4,18,4.0
22013,1610612742,DAL,Dallas Mavericks,0021300681,2014-01-29,DAL vs. HOU,L,241,115,40,86,0.465,5,19,0.263,30,36,0.833,13,28,41,20,5,4,14,29,-2.0
22013,1610612742,DAL,Dallas Mavericks,0021300659,2014-01-26,DAL vs. DET,W,240,116,43,74,0.581,7,21,0.333,23,28,0.821,7,32,39,23,6,7,17,19,10.0
22013,1610612742,DAL,Dallas Mavericks,0021300637,2014-01-24,DAL @ BKN,L,242,106,34,78,0.436,10,20,0.5,28,33,0.848,15,28,43,22,6,0,15,21,-1.0
22013,1610612742,DAL,Dallas Mavericks,0021300624,2014-01-22,DAL @ TOR,L,239,85,34,73,0.466,7,20,0.35,10,14,0.714,7,26,33,22,5,1,21,24,-8.0
22013,1610612742,DAL,Dallas Mavericks,0021300606,2014-01-20,DAL @ CLE,W,241,102,38,83,0.458,4,20,0.2,22,28,0.786,8,31,39,22,7,3,8,25,5.0
22013,1610612742,DAL,Dallas Mavericks,0021300600,2014-01-18,DAL vs. POR,L,240,111,42,90,0.467,7,18,0.389,20,25,0.8,4,26,30,15,5,3,8,23,-16.0
22013,1610612742,DAL,Dallas Mavericks,0021300591,2014-01-17,DAL @ PHX,W,241,110,44,83,0.53,9,24,0.375,13,19,0.684,7,37,44,22,8,4,16,21,3.0
22013,1610612742,DAL,Dallas Mavericks,0021300577,2014-01-15,DAL @ LAC,L,240,127,51,97,0.526,12,25,0.48,13,21,0.619,17,30,47,37,7,2,9,24,-2.0
22013,1610612742,DAL,Dallas Mavericks,0021300560,2014-01-13,DAL vs. ORL,W,240,107,40,79,0.506,13,27,0.481,14,15,0.933,9,31,40,21,6,6,12,16,19.0
22013,1610612742,DAL,Dallas Mavericks,0021300549,2014-01-11,DAL vs. NOP,W,240,110,30,67,0.448,11,27,0.407,39,45,0.867,5,25,30,20,11,3,14,23,3.0
22013,1610612742,DAL,Dallas Mavericks,0021300536,2014-01-10,DAL @ NOP,W,240,107,41,78,0.526,14,28,0.5,11,16,0.688,11,28,39,32,9,7,12,17,17.0
22013,1610612742,DAL,Dallas Mavericks,0021300520,2014-01-08,DAL @ SAS,L,240,90,39,93,0.419,7,19,0.368,5,8,0.625,9,23,32,20,10,3,7,19,-22.0
22013,1610612742,DAL,Dallas Mavericks,0021300516,2014-01-07,DAL vs. LAL,W,241,110,48,90,0.533,5,17,0.294,9,15,0.6,6,34,40,32,17,3,12,17,13.0
22013,1610612742,DAL,Dallas Mavericks,0021300503,2014-01-05,DAL vs. NYK,L,240,80,32,78,0.41,6,26,0.231,10,18,0.556,7,27,34,13,6,1,10,17,-12.0
22013,1610612742,DAL,Dallas Mavericks,0021300486,2014-01-03,DAL vs. LAC,L,241,112,45,88,0.511,12,28,0.429,10,14,0.714,11,28,39,29,8,1,11,25,-7.0
22013,1610612742,DAL,Dallas Mavericks,0021300468,2014-01-01,DAL @ WAS,W,240,87,30,78,0.385,6,24,0.25,21,23,0.913,12,32,44,18,12,3,15,12,9.0
22013,1610612742,DAL,Dallas Mavericks,0021300455,2013-12-30,DAL @ MIN,W,240,100,41,86,0.477,6,24,0.25,12,14,0.857,9,30,39,33,12,5,11,20,2.0
22013,1610612742,DAL,Dallas Mavericks,0021300441,2013-12-28,DAL @ CHI,W,241,105,41,78,0.526,13,26,0.5,10,11,0.909,7,32,39,26,8,7,16,20,22.0
22013,1610612742,DAL,Dallas Mavericks,0021300425,2013-12-26,DAL vs. SAS,L,239,107,39,85,0.459,5,17,0.294,24,31,0.774,9,32,41,18,12,6,14,26,-9.0
22013,1610612742,DAL,Dallas Mavericks,0021300412,2013-12-23,DAL @ HOU,W,240,111,40,79,0.506,11,22,0.5,20,23,0.87,9,24,33,23,13,4,11,22,7.0
22013,1610612742,DAL,Dallas Mavericks,0021300400,2013-12-21,DAL @ PHX,L,241,108,44,91,0.484,3,17,0.176,17,23,0.739,13,23,36,25,10,8,11,15,-15.0
22013,1610612742,DAL,Dallas Mavericks,0021300389,2013-12-20,DAL vs. TOR,L,265,108,46,91,0.505,10,21,0.476,6,10,0.6,11,34,45,31,13,3,15,17,-1.0
22013,1610612742,DAL,Dallas Mavericks,0021300377,2013-12-18,DAL vs. MEM,W,240,105,40,73,0.548,5,15,0.333,20,23,0.87,11,31,42,25,11,10,15,16,14.0
22013,1610612742,DAL,Dallas Mavericks,0021300348,2013-12-14,DAL vs. MIL,W,242,106,42,88,0.477,10,24,0.417,12,18,0.667,12,33,45,25,9,3,16,18,13.0
22013,1610612742,DAL,Dallas Mavericks,0021300326,2013-12-11,DAL @ GSW,L,240,93,37,88,0.42,8,23,0.348,11,14,0.786,8,35,43,24,9,4,11,15,-2.0
22013,1610612742,DAL,Dallas Mavericks,0021300309,2013-12-09,DAL @ SAC,L,240,97,37,95,0.389,5,27,0.185,18,20,0.9,9,30,39,22,14,4,16,25,-15.0
22013,1610612742,DAL,Dallas Mavericks,0021300298,2013-12-07,DAL @ POR,W,239,108,46,87,0.529,8,16,0.5,8,11,0.727,7,29,36,26,7,3,12,21,2.0
22013,1610612742,DAL,Dallas Mavericks,0021300273,2013-12-04,DAL @ NOP,W,239,100,37,86,0.43,11,24,0.458,15,22,0.682,8,30,38,25,8,8,7,16,3.0
22013,1610612742,DAL,Dallas Mavericks,0021300266,2013-12-03,DAL vs. CHA,W,240,89,33,82,0.402,8,21,0.381,15,17,0.882,7,38,45,16,3,3,9,18,7.0
22013,1610612742,DAL,Dallas Mavericks,0021300244,2013-11-30,DAL vs. MIN,L,239,106,45,92,0.489,7,24,0.292,9,11,0.818,13,24,37,29,9,4,11,26,-6.0
22013,1610612742,DAL,Dallas Mavericks,0021300231,2013-11-29,DAL @ ATL,L,241,87,29,77,0.377,9,24,0.375,20,21,0.952,10,34,44,17,9,4,18,21,-1.0
22013,1610612742,DAL,Dallas Mavericks,0021300225,2013-11-27,DAL vs. GSW,W,240,103,44,99,0.444,7,18,0.389,8,10,0.8,12,31,43,27,9,4,6,22,4.0
22013,1610612742,DAL,Dallas Mavericks,0021300207,2013-11-25,DAL vs. DEN,L,242,96,38,82,0.463,5,19,0.263,15,19,0.789,10,26,36,18,5,3,13,22,-14.0
22013,1610612742,DAL,Dallas Mavericks,0021300195,2013-11-23,DAL @ DEN,L,239,100,35,87,0.402,7,21,0.333,23,25,0.92,7,32,39,17,8,2,11,19,-2.0
22013,1610612742,DAL,Dallas Mavericks,0021300184,2013-11-22,DAL vs. UTA,W,240,103,38,75,0.507,7,17,0.412,20,27,0.741,13,28,41,19,10,4,16,17,10.0
22013,1610612742,DAL,Dallas Mavericks,0021300172,2013-11-20,DAL vs. HOU,W,240,123,42,72,0.583,11,22,0.5,28,33,0.848,7,29,36,26,9,5,15,26,3.0
22013,1610612742,DAL,Dallas Mavericks,0021300153,2013-11-18,DAL vs. PHI,W,241,97,34,78,0.436,9,29,0.31,20,26,0.769,10,43,53,26,8,11,20,20,3.0
22013,1610612742,DAL,Dallas Mavericks,0021300137,2013-11-16,DAL @ ORL,W,240,108,43,84,0.512,10,27,0.37,12,18,0.667,5,25,30,27,12,3,8,22,8.0
22013,1610612742,DAL,Dallas Mavericks,0021300130,2013-11-15,DAL @ MIA,L,240,104,37,74,0.5,12,28,0.429,18,21,0.857,6,28,34,22,11,6,24,20,-6.0
22013,1610612742,DAL,Dallas Mavericks,0021300108,2013-11-12,DAL vs. WAS,W,240,105,41,84,0.488,10,26,0.385,13,19,0.684,11,31,42,25,9,2,15,20,10.0
22013,1610612742,DAL,Dallas Mavericks,0021300092,2013-11-09,DAL @ MIL,W,240,91,33,78,0.423,6,19,0.316,19,21,0.905,12,35,47,17,11,5,19,18,8.0
22013,1610612742,DAL,Dallas Mavericks,0021300080,2013-11-08,DAL @ MIN,L,240,108,44,90,0.489,10,22,0.455,10,15,0.667,14,26,40,21,9,7,17,21,-8.0
22013,1610612742,DAL,Dallas Mavericks,0021300069,2013-11-06,DAL @ OKC,L,241,93,36,85,0.424,9,23,0.391,12,14,0.857,11,25,36,17,12,2,21,16,-14.0
22013,1610612742,DAL,Dallas Mavericks,0021300056,2013-11-05,DAL vs. LAL,W,240,123,49,94,0.521,13,27,0.481,12,14,0.857,10,40,50,34,10,3,12,14,19.0
22013,1610612742,DAL,Dallas Mavericks,0021300036,2013-11-02,DAL vs. MEM,W,240,111,32,80,0.4,7,19,0.368,40,46,0.87,14,31,45,18,12,4,11,20,12.0
22013,1610612742,DAL,Dallas Mavericks,0021300025,2013-11-01,DAL @ HOU,L,240,105,38,100,0.38,9,27,0.333,20,25,0.8,16,27,43,20,9,7,14,37,-8.0
22013,1610612742,DAL,Dallas Mavericks,0021300012,2013-10-30,DAL vs. ATL,W,241,118,44,77,0.571,11,24,0.458,19,24,0.792,7,35,42,31,7,2,20,22,9.0
12013,1610612742,DAL,Dallas Mavericks,0011300115,2013-10-25,DAL vs. IND,L,241,77,27,73,0.37,4,14,0.286,19,26,0.731,10,33,43,17,8,7,24,16,-21.0
12013,1610612742,DAL,Dallas Mavericks,0011300101,2013-10-23,DAL vs. ATL,W,239,98,41,86,0.477,9,26,0.346,7,9,0.778,9,31,40,26,4,3,14,21,10.0
12013,1610612742,DAL,Dallas Mavericks,0011300087,2013-10-21,DAL @ HOU,L,239,95,38,94,0.404,9,27,0.333,10,13,0.769,12,30,42,27,13,12,18,22,-5.0
12013,1610612742,DAL,Dallas Mavericks,0011300075,2013-10-19,DAL @ CHA,W,242,89,35,85,0.412,9,24,0.375,10,13,0.769,9,29,38,26,12,4,15,24,6.0
12013,1610612742,DAL,Dallas Mavericks,0011300059,2013-10-16,DAL @ IND,W,241,92,39,91,0.429,4,16,0.25,10,14,0.714,14,34,48,24,6,9,11,30,7.0
12013,1610612742,DAL,Dallas Mavericks,0011300050,2013-10-14,DAL vs. ORL,L,239,94,33,87,0.379,5,16,0.313,23,27,0.852,11,21,32,23,14,7,12,22,-8.0
12013,1610612742,DAL,Dallas Mavericks,0011300024,2013-10-09,DAL @ MEM,W,238,95,36,79,0.456,7,17,0.412,16,26,0.615,8,37,45,20,9,7,16,24,5.0
12013,1610612742,DAL,Dallas Mavericks,0011300013,2013-10-07,DAL vs. NOP,L,241,92,36,72,0.5,8,17,0.471,12,17,0.706,7,36,43,26,2,3,28,21,-2.0
22012,1610612742,DAL,Dallas Mavericks,0021201224,2013-04-17,DAL vs. NOH,W,238,99,42,82,0.512,6,16,0.375,9,11,0.818,7,30,37,24,12,5,11,23,12.0
22012,1610612742,DAL,Dallas Mavericks,0021201208,2013-04-15,DAL vs. MEM,L,241,97,34,76,0.447,9,19,0.474,20,25,0.8,8,28,36,18,7,3,15,22,-6.0
22012,1610612742,DAL,Dallas Mavericks,0021201199,2013-04-14,DAL @ NOH,W,242,107,45,86,0.523,9,21,0.429,8,8,1.0,9,32,41,27,6,6,8,16,18.0
22012,1610612742,DAL,Dallas Mavericks,0021201185,2013-04-12,DAL vs. DEN,W,264,108,43,95,0.453,11,23,0.478,11,19,0.579,15,37,52,29,7,9,19,16,3.0
22012,1610612742,DAL,Dallas Mavericks,0021201169,2013-04-10,DAL vs. PHX,L,241,91,34,85,0.4,6,17,0.353,17,21,0.81,14,36,50,21,6,8,13,17,-11.0
22012,1610612742,DAL,Dallas Mavericks,0021201153,2013-04-07,DAL @ POR,W,241,96,42,90,0.467,3,13,0.231,9,12,0.75,13,35,48,28,9,7,12,11,5.0
22012,1610612742,DAL,Dallas Mavericks,0021201135,2013-04-05,DAL @ SAC,W,241,117,46,90,0.511,6,20,0.3,19,19,1.0,9,34,43,30,7,4,9,20,9.0
22012,1610612742,DAL,Dallas Mavericks,0021201124,2013-04-04,DAL @ DEN,L,240,94,41,88,0.466,4,18,0.222,8,10,0.8,9,32,41,26,6,7,10,24,-1.0
22012,1610612742,DAL,Dallas Mavericks,0021201110,2013-04-02,DAL @ LAL,L,241,81,34,81,0.42,7,19,0.368,6,12,0.5,8,29,37,23,11,6,13,24,-20.0
22012,1610612742,DAL,Dallas Mavericks,0021201085,2013-03-30,DAL vs. CHI,W,241,100,40,79,0.506,6,18,0.333,14,18,0.778,9,30,39,24,3,9,11,17,2.0
22012,1610612742,DAL,Dallas Mavericks,0021201072,2013-03-28,DAL vs. IND,L,240,78,32,83,0.386,4,14,0.286,10,14,0.714,7,27,34,18,8,7,11,24,-25.0
22012,1610612742,DAL,Dallas Mavericks,0021201056,2013-03-26,DAL vs. LAC,W,263,109,40,82,0.488,6,23,0.261,23,27,0.852,8,34,42,23,12,7,15,21,7.0
22012,1610612742,DAL,Dallas Mavericks,0021201045,2013-03-24,DAL vs. UTA,W,241,113,38,70,0.543,9,18,0.5,28,33,0.848,7,27,34,23,8,7,19,18,5.0
22012,1610612742,DAL,Dallas Mavericks,0021201029,2013-03-22,DAL vs. BOS,W,239,104,38,82,0.463,6,19,0.316,22,28,0.786,13,35,48,26,7,3,14,22,10.0
22012,1610612742,DAL,Dallas Mavericks,0021201015,2013-03-20,DAL vs. BKN,L,241,96,40,80,0.5,7,19,0.368,9,15,0.6,7,27,34,19,5,3,11,20,-17.0
22012,1610612742,DAL,Dallas Mavericks,0021200996,2013-03-18,DAL @ ATL,W,240,127,51,89,0.573,13,22,0.591,12,14,0.857,10,29,39,33,7,3,12,20,14.0
22012,1610612742,DAL,Dallas Mavericks,0021200990,2013-03-17,DAL vs. OKC,L,241,101,38,83,0.458,9,21,0.429,16,16,1.0,8,26,34,18,13,2,14,20,-6.0
22012,1610612742,DAL,Dallas Mavericks,0021200976,2013-03-15,DAL vs. CLE,W,241,96,41,82,0.5,7,21,0.333,7,11,0.636,8,38,46,25,7,6,16,19,10.0
22012,1610612742,DAL,Dallas Mavericks,0021200967,2013-03-14,DAL @ SAS,L,239,91,37,83,0.446,8,19,0.421,9,10,0.9,6,29,35,21,10,10,11,23,-1.0
22012,1610612742,DAL,Dallas Mavericks,0021200953,2013-03-12,DAL @ MIL,W,239,115,41,82,0.5,11,29,0.379,22,27,0.815,3,38,41,23,5,5,9,19,7.0
22012,1610612742,DAL,Dallas Mavericks,0021200940,2013-03-10,DAL @ MIN,W,239,100,42,92,0.457,8,21,0.381,8,10,0.8,15,44,59,27,7,5,12,15,23.0
22012,1610612742,DAL,Dallas Mavericks,0021200919,2013-03-08,DAL @ DET,W,241,102,41,78,0.526,11,22,0.5,9,15,0.6,4,37,41,29,6,5,12,15,3.0
22012,1610612742,DAL,Dallas Mavericks,0021200908,2013-03-06,DAL vs. HOU,W,239,112,45,83,0.542,11,26,0.423,11,14,0.786,5,28,33,35,5,3,11,22,4.0
22012,1610612742,DAL,Dallas Mavericks,0021200885,2013-03-03,DAL @ HOU,L,242,103,38,80,0.475,12,27,0.444,15,24,0.625,9,23,32,19,8,3,18,33,-33.0
22012,1610612742,DAL,Dallas Mavericks,0021200870,2013-03-01,DAL @ BKN,W,240,98,39,78,0.5,9,21,0.429,11,14,0.786,5,26,31,18,13,6,13,18,8.0
22012,1610612742,DAL,Dallas Mavericks,0021200855,2013-02-27,DAL @ MEM,L,239,84,33,76,0.434,3,12,0.25,15,19,0.789,6,29,35,20,9,9,21,23,-6.0
22012,1610612742,DAL,Dallas Mavericks,0021200848,2013-02-26,DAL vs. MIL,L,239,90,36,85,0.424,1,17,0.059,17,21,0.81,16,40,56,20,7,4,20,21,-5.0
22012,1610612742,DAL,Dallas Mavericks,0021200830,2013-02-24,DAL vs. LAL,L,241,99,39,87,0.448,8,18,0.444,13,19,0.684,12,32,44,19,11,1,12,23,-4.0
22012,1610612742,DAL,Dallas Mavericks,0021200818,2013-02-22,DAL @ NOH,W,239,104,40,84,0.476,8,20,0.4,16,19,0.842,13,31,44,26,9,17,12,18,4.0
22012,1610612742,DAL,Dallas Mavericks,0021200806,2013-02-20,DAL vs. ORL,W,239,111,42,88,0.477,11,29,0.379,16,18,0.889,7,37,44,32,6,8,9,19,15.0
22012,1610612742,DAL,Dallas Mavericks,0021200785,2013-02-13,DAL vs. SAC,W,239,123,43,92,0.467,13,34,0.382,24,26,0.923,15,36,51,27,12,10,12,27,23.0
22012,1610612742,DAL,Dallas Mavericks,0021200768,2013-02-11,DAL vs. ATL,L,239,101,38,89,0.427,9,21,0.429,16,20,0.8,8,29,37,25,9,3,11,20,-4.0
22012,1610612742,DAL,Dallas Mavericks,0021200750,2013-02-09,DAL vs. GSW,W,239,116,38,77,0.494,11,20,0.55,29,38,0.763,6,38,44,25,9,6,10,23,25.0
22012,1610612742,DAL,Dallas Mavericks,0021200730,2013-02-06,DAL vs. POR,W,241,105,41,86,0.477,10,20,0.5,13,19,0.684,11,35,46,22,5,3,8,16,6.0
22012,1610612742,DAL,Dallas Mavericks,0021200712,2013-02-04,DAL @ OKC,L,239,91,36,87,0.414,3,16,0.188,16,20,0.8,6,34,40,21,7,9,14,18,-21.0
22012,1610612742,DAL,Dallas Mavericks,0021200694,2013-02-01,DAL @ PHX,W,241,109,40,88,0.455,8,21,0.381,21,25,0.84,12,39,51,25,10,12,15,18,10.0
22012,1610612742,DAL,Dallas Mavericks,0021200683,2013-01-31,DAL @ GSW,L,240,97,36,81,0.444,8,25,0.32,17,24,0.708,12,35,47,25,8,5,15,18,-3.0
22012,1610612742,DAL,Dallas Mavericks,0021200668,2013-01-29,DAL @ POR,L,240,104,42,84,0.5,8,15,0.533,12,15,0.8,10,30,40,31,8,2,16,21,-2.0
22012,1610612742,DAL,Dallas Mavericks,0021200657,2013-01-27,DAL vs. PHX,W,238,110,45,88,0.511,5,11,0.455,15,18,0.833,12,32,44,26,8,0,13,24,15.0
22012,1610612742,DAL,Dallas Mavericks,0021200639,2013-01-25,DAL vs. SAS,L,241,107,42,91,0.462,6,18,0.333,17,18,0.944,10,37,47,20,8,7,14,19,-6.0
22012,1610612742,DAL,Dallas Mavericks,0021200602,2013-01-20,DAL @ ORL,W,241,111,45,90,0.5,8,15,0.533,13,15,0.867,10,33,43,29,9,7,8,13,6.0
22012,1610612742,DAL,Dallas Mavericks,0021200592,2013-01-18,DAL vs. OKC,L,265,114,41,91,0.451,7,20,0.35,25,30,0.833,11,35,46,24,11,3,16,23,-3.0
22012,1610612742,DAL,Dallas Mavericks,0021200575,2013-01-16,DAL vs. HOU,W,240,105,33,86,0.384,5,22,0.227,34,43,0.791,11,36,47,22,7,5,10,19,5.0
22012,1610612742,DAL,Dallas Mavericks,0021200560,2013-01-14,DAL vs. MIN,W,240,113,46,77,0.597,6,13,0.462,15,16,0.938,4,29,33,33,7,1,9,23,15.0
22012,1610612742,DAL,Dallas Mavericks,0021200547,2013-01-12,DAL vs. MEM,W,240,104,39,80,0.488,11,17,0.647,15,21,0.714,11,37,48,26,6,5,9,22,21.0
22012,1610612742,DAL,Dallas Mavericks,0021200528,2013-01-10,DAL @ SAC,W,265,117,41,96,0.427,5,21,0.238,30,35,0.857,15,37,52,20,6,6,12,24,5.0
22012,1610612742,DAL,Dallas Mavericks,0021200525,2013-01-09,DAL @ LAC,L,239,93,36,84,0.429,6,18,0.333,15,18,0.833,10,24,34,21,10,3,13,17,-6.0
22012,1610612742,DAL,Dallas Mavericks,0021200508,2013-01-07,DAL @ UTA,L,239,94,35,81,0.432,6,19,0.316,18,20,0.9,6,40,46,20,5,5,10,26,-6.0
22012,1610612742,DAL,Dallas Mavericks,0021200495,2013-01-05,DAL vs. NOH,L,266,96,39,85,0.459,7,19,0.368,11,13,0.846,6,36,42,21,6,10,9,20,-3.0
22012,1610612742,DAL,Dallas Mavericks,0021200469,2013-01-02,DAL @ MIA,L,264,109,41,94,0.436,10,28,0.357,17,20,0.85,8,39,47,19,7,5,13,24,-10.0
22012,1610612742,DAL,Dallas Mavericks,0021200458,2013-01-01,DAL @ WAS,W,240,103,41,82,0.5,10,22,0.455,11,17,0.647,8,34,42,25,6,4,10,25,9.0
22012,1610612742,DAL,Dallas Mavericks,0021200449,2012-12-30,DAL vs. SAS,L,243,86,38,95,0.4,1,16,0.063,9,10,0.9,14,32,46,23,6,6,11,21,-25.0
22012,1610612742,DAL,Dallas Mavericks,0021200431,2012-12-28,DAL vs. DEN,L,240,85,33,88,0.375,5,25,0.2,14,21,0.667,13,30,43,17,9,5,14,15,-21.0
22012,1610612742,DAL,Dallas Mavericks,0021200423,2012-12-27,DAL @ OKC,L,265,105,40,95,0.421,11,24,0.458,14,16,0.875,10,36,46,22,9,5,13,19,-6.0
22012,1610612742,DAL,Dallas Mavericks,0021200402,2012-12-23,DAL @ SAS,L,241,91,34,74,0.459,5,14,0.357,18,29,0.621,9,30,39,22,10,1,20,18,-38.0
22012,1610612742,DAL,Dallas Mavericks,0021200386,2012-12-21,DAL @ MEM,L,239,82,31,76,0.408,6,21,0.286,14,17,0.824,11,31,42,20,7,6,22,19,-10.0
22012,1610612742,DAL,Dallas Mavericks,0021200378,2012-12-20,DAL vs. MIA,L,241,95,37,96,0.385,3,22,0.136,18,21,0.857,13,23,36,23,10,6,9,17,-15.0
22012,1610612742,DAL,Dallas Mavericks,0021200362,2012-12-18,DAL vs. PHI,W,239,107,39,72,0.542,4,11,0.364,25,29,0.862,6,29,35,19,9,4,11,13,7.0
22012,1610612742,DAL,Dallas Mavericks,0021200342,2012-12-15,DAL @ MIN,L,267,106,39,84,0.464,7,14,0.5,21,25,0.84,11,30,41,24,10,8,19,29,-8.0
22012,1610612742,DAL,Dallas Mavericks,0021200325,2012-12-14,DAL @ TOR,L,239,74,27,69,0.391,0,13,0.0,20,23,0.87,4,34,38,17,4,1,17,17,-21.0
22012,1610612742,DAL,Dallas Mavericks,0021200315,2012-12-12,DAL @ BOS,L,291,115,47,92,0.511,8,23,0.348,13,17,0.765,7,43,50,27,8,7,27,27,-2.0
22012,1610612742,DAL,Dallas Mavericks,0021200302,2012-12-10,DAL vs. SAC,W,240,119,48,87,0.552,7,20,0.35,16,21,0.762,7,31,38,26,10,7,8,14,23.0
22012,1610612742,DAL,Dallas Mavericks,0021200290,2012-12-08,DAL @ HOU,W,241,116,43,91,0.473,10,24,0.417,20,25,0.8,11,29,40,24,7,2,12,24,7.0
22012,1610612742,DAL,Dallas Mavericks,0021200269,2012-12-06,DAL @ PHX,W,238,97,37,78,0.474,4,12,0.333,19,24,0.792,11,33,44,15,8,4,16,23,3.0
22012,1610612742,DAL,Dallas Mavericks,0021200267,2012-12-05,DAL @ LAC,L,242,90,34,84,0.405,5,19,0.263,17,19,0.895,11,30,41,20,8,6,22,18,-22.0
22012,1610612742,DAL,Dallas Mavericks,0021200240,2012-12-01,DAL vs. DET,W,240,92,38,93,0.409,11,25,0.44,5,8,0.625,13,36,49,28,8,9,13,18,15.0
22012,1610612742,DAL,Dallas Mavericks,0021200214,2012-11-28,DAL @ CHI,L,241,78,28,81,0.346,4,18,0.222,18,20,0.9,11,19,30,18,10,6,14,26,-23.0
22012,1610612742,DAL,Dallas Mavericks,0021200204,2012-11-27,DAL @ PHI,L,241,98,37,81,0.457,5,19,0.263,19,22,0.864,9,28,37,23,11,1,15,22,-2.0
22012,1610612742,DAL,Dallas Mavericks,0021200187,2012-11-24,DAL vs. LAL,L,239,89,34,92,0.37,10,28,0.357,11,20,0.55,9,30,39,22,9,6,15,28,-26.0
22012,1610612742,DAL,Dallas Mavericks,0021200167,2012-11-21,DAL vs. NYK,W,242,114,42,85,0.494,13,29,0.448,17,21,0.81,11,31,42,22,8,1,13,18,3.0
22012,1610612742,DAL,Dallas Mavericks,0021200151,2012-11-19,DAL vs. GSW,L,266,101,37,86,0.43,10,21,0.476,17,24,0.708,7,36,43,24,12,11,16,22,-4.0
22012,1610612742,DAL,Dallas Mavericks,0021200135,2012-11-17,DAL @ CLE,W,241,103,38,74,0.514,10,23,0.435,17,20,0.85,8,34,42,26,6,14,20,19,8.0
22012,1610612742,DAL,Dallas Mavericks,0021200124,2012-11-16,DAL @ IND,L,239,83,30,81,0.37,2,13,0.154,21,25,0.84,8,36,44,16,3,5,11,23,-20.0
22012,1610612742,DAL,Dallas Mavericks,0021200115,2012-11-14,DAL vs. WAS,W,240,107,39,78,0.5,3,11,0.273,26,33,0.788,14,26,40,20,6,4,13,15,6.0
22012,1610612742,DAL,Dallas Mavericks,0021200100,2012-11-12,DAL vs. MIN,L,239,82,29,80,0.363,4,16,0.25,20,25,0.8,7,28,35,16,7,2,8,20,-8.0
22012,1610612742,DAL,Dallas Mavericks,0021200083,2012-11-10,DAL @ CHA,L,265,97,32,79,0.405,9,19,0.474,24,30,0.8,8,35,43,21,9,7,19,24,-4.0
22012,1610612742,DAL,Dallas Mavericks,0021200071,2012-11-09,DAL @ NYK,L,241,94,33,81,0.407,8,28,0.286,20,23,0.87,9,41,50,17,4,3,20,28,-10.0
22012,1610612742,DAL,Dallas Mavericks,0021200061,2012-11-07,DAL vs. TOR,W,239,109,39,84,0.464,8,21,0.381,23,35,0.657,16,31,47,21,4,6,11,23,5.0
22012,1610612742,DAL,Dallas Mavericks,0021200046,2012-11-05,DAL vs. POR,W,239,114,48,78,0.615,10,20,0.5,8,13,0.615,2,35,37,29,12,5,9,15,23.0
22012,1610612742,DAL,Dallas Mavericks,0021200034,2012-11-03,DAL vs. CHA,W,240,126,49,80,0.613,16,25,0.64,12,15,0.8,8,35,43,31,6,7,22,23,27.0
22012,1610612742,DAL,Dallas Mavericks,0021200009,2012-10-31,DAL @ UTA,L,241,94,32,85,0.376,11,22,0.5,19,26,0.731,8,32,40,20,8,5,16,32,-19.0
22012,1610612742,DAL,Dallas Mavericks,0021200003,2012-10-30,DAL @ LAL,W,240,99,40,85,0.471,5,15,0.333,14,18,0.778,9,31,40,22,9,5,11,25,8.0
12012,1610612742,DAL,Dallas Mavericks,0011200115,2012-10-26,DAL vs. CHA,W,240,99,34,79,0.43,8,28,0.286,23,26,0.885,12,40,52,25,5,13,21,24,17.0
12012,1610612742,DAL,Dallas Mavericks,0011200101,2012-10-24,DAL @ OKC,L,241,76,31,83,0.373,3,16,0.188,11,18,0.611,9,31,40,18,12,5,14,11,-12.0
12012,1610612742,DAL,Dallas Mavericks,0011200093,2012-10-22,DAL vs. NOH,W,240,87,27,75,0.36,7,26,0.269,26,30,0.867,4,36,40,23,9,6,10,16,13.0
12012,1610612742,DAL,Dallas Mavericks,0011200078,2012-10-20,DAL @ ATL,L,239,94,30,81,0.37,4,19,0.211,30,39,0.769,12,29,41,17,13,2,18,33,-16.0
12012,1610612742,DAL,Dallas Mavericks,0011200065,2012-10-17,DAL vs. PHX,L,238,94,38,82,0.463,8,26,0.308,10,13,0.769,9,28,37,24,10,6,21,20,-6.0
12012,1610612742,DAL,Dallas Mavericks,0011200052,2012-10-15,DAL vs. HOU,W,241,123,48,93,0.516,9,21,0.429,18,29,0.621,14,40,54,31,12,10,16,17,19.0
12012,1610612742,DAL,Dallas Mavericks,0011200018,2012-10-09,DAL @ FCB,L,241,85,32,80,0.4,3,8,0.375,18,32,0.563,8,32,40,14,9,2,13,24,-14.0
12012,1610612742,DAL,Dallas Mavericks,0011200002,2012-10-06,DAL @ ALB,W,239,89,35,66,0.53,8,20,0.4,11,15,0.733,6,34,40,19,10,5,26,22,5.0
42011,1610612742,DAL,Dallas Mavericks,0041100154,2012-05-05,DAL vs. OKC,L,239,97,33,79,0.418,10,19,0.526,21,24,0.875,11,28,39,19,6,4,13,21,-6.0
42011,1610612742,DAL,Dallas Mavericks,0041100153,2012-05-03,DAL vs. OKC,L,240,79,26,76,0.342,7,22,0.318,20,26,0.769,9,37,46,15,6,4,15,16,-16.0
42011,1610612742,DAL,Dallas Mavericks,0041100152,2012-04-30,DAL @ OKC,L,239,99,33,79,0.418,5,23,0.217,28,32,0.875,12,23,35,13,9,3,13,26,-3.0
42011,1610612742,DAL,Dallas Mavericks,0041100151,2012-04-28,DAL @ OKC,L,239,98,34,78,0.436,10,22,0.455,20,25,0.8,10,32,42,15,11,3,15,20,-1.0
22011,1610612742,DAL,Dallas Mavericks,0021100983,2012-04-26,DAL @ ATL,L,241,89,33,78,0.423,5,15,0.333,18,23,0.783,9,31,40,20,9,3,16,11,-17.0
22011,1610612742,DAL,Dallas Mavericks,0021100946,2012-04-21,DAL @ CHI,L,241,83,31,79,0.392,4,15,0.267,17,19,0.895,10,33,43,12,7,3,12,15,-10.0
22011,1610612742,DAL,Dallas Mavericks,0021100940,2012-04-20,DAL vs. GSW,W,239,104,38,81,0.469,3,19,0.158,25,26,0.962,13,39,52,19,9,5,18,16,10.0
22011,1610612742,DAL,Dallas Mavericks,0021100926,2012-04-18,DAL vs. HOU,W,242,117,41,79,0.519,11,26,0.423,24,26,0.923,10,29,39,21,6,1,12,16,7.0
22011,1610612742,DAL,Dallas Mavericks,0021100909,2012-04-16,DAL @ UTA,L,316,121,42,98,0.429,14,34,0.412,23,25,0.92,7,34,41,21,13,5,15,31,-2.0
22011,1610612742,DAL,Dallas Mavericks,0021100894,2012-04-15,DAL @ LAL,L,265,108,41,88,0.466,12,21,0.571,14,15,0.933,6,36,42,19,4,4,6,22,-4.0
22011,1610612742,DAL,Dallas Mavericks,0021100885,2012-04-13,DAL @ POR,W,240,97,40,83,0.482,9,20,0.45,8,10,0.8,16,35,51,17,8,7,20,21,3.0
22011,1610612742,DAL,Dallas Mavericks,0021100873,2012-04-12,DAL @ GSW,W,240,112,44,88,0.5,9,24,0.375,15,20,0.75,14,28,42,30,12,5,10,18,9.0
22011,1610612742,DAL,Dallas Mavericks,0021100856,2012-04-10,DAL vs. SAC,W,239,110,41,92,0.446,7,14,0.5,21,28,0.75,17,39,56,24,7,11,16,17,10.0
22011,1610612742,DAL,Dallas Mavericks,0021100829,2012-04-07,DAL @ MEM,L,239,89,34,73,0.466,9,21,0.429,12,17,0.706,8,34,42,23,5,5,15,15,-5.0
22011,1610612742,DAL,Dallas Mavericks,0021100821,2012-04-06,DAL vs. POR,L,265,97,42,93,0.452,7,24,0.292,6,8,0.75,9,35,44,19,6,5,10,13,-2.0
22011,1610612742,DAL,Dallas Mavericks,0021100807,2012-04-04,DAL vs. MEM,W,240,95,40,80,0.5,4,15,0.267,11,16,0.688,9,36,45,19,7,8,12,11,10.0
22011,1610612742,DAL,Dallas Mavericks,0021100788,2012-04-02,DAL vs. LAC,L,240,75,30,77,0.39,5,23,0.217,10,17,0.588,8,30,38,14,4,4,12,10,-19.0
22011,1610612742,DAL,Dallas Mavericks,0021100762,2012-03-30,DAL @ ORL,W,241,100,38,80,0.475,7,22,0.318,17,21,0.81,5,32,37,21,9,3,9,18,2.0
22011,1610612742,DAL,Dallas Mavericks,0021100754,2012-03-29,DAL @ MIA,L,240,85,33,78,0.423,9,24,0.375,10,13,0.769,6,23,29,21,7,1,15,19,-21.0
22011,1610612742,DAL,Dallas Mavericks,0021100739,2012-03-27,DAL vs. HOU,W,239,90,34,73,0.466,6,19,0.316,16,20,0.8,3,40,43,18,7,2,13,14,9.0
22011,1610612742,DAL,Dallas Mavericks,0021100716,2012-03-24,DAL @ HOU,W,264,101,37,80,0.463,6,22,0.273,21,24,0.875,5,33,38,17,3,15,7,20,2.0
22011,1610612742,DAL,Dallas Mavericks,0021100707,2012-03-23,DAL @ SAS,L,240,87,31,81,0.383,11,26,0.423,14,17,0.824,4,30,34,13,7,7,10,10,-17.0
22011,1610612742,DAL,Dallas Mavericks,0021100692,2012-03-21,DAL vs. LAL,L,242,93,35,82,0.427,8,26,0.308,15,22,0.682,7,22,29,15,13,2,7,15,-16.0
22011,1610612742,DAL,Dallas Mavericks,0021100674,2012-03-19,DAL @ DEN,W,241,112,45,84,0.536,10,25,0.4,12,15,0.8,5,40,45,33,11,4,14,19,17.0
22011,1610612742,DAL,Dallas Mavericks,0021100659,2012-03-17,DAL vs. SAS,W,240,106,37,79,0.468,11,24,0.458,21,25,0.84,9,39,48,21,5,2,11,15,7.0
22011,1610612742,DAL,Dallas Mavericks,0021100639,2012-03-15,DAL vs. CHA,W,239,101,38,84,0.452,9,25,0.36,16,21,0.762,13,33,46,20,6,8,12,17,5.0
22011,1610612742,DAL,Dallas Mavericks,0021100623,2012-03-13,DAL vs. WAS,W,240,107,44,87,0.506,6,22,0.273,13,15,0.867,11,40,51,22,8,3,11,31,9.0
22011,1610612742,DAL,Dallas Mavericks,0021100602,2012-03-10,DAL @ GSW,L,240,87,28,75,0.373,10,23,0.435,21,26,0.808,8,31,39,20,7,3,21,18,-24.0
22011,1610612742,DAL,Dallas Mavericks,0021100593,2012-03-09,DAL @ SAC,L,240,97,39,86,0.453,6,22,0.273,13,18,0.722,17,27,44,21,7,6,17,17,-13.0
22011,1610612742,DAL,Dallas Mavericks,0021100583,2012-03-08,DAL @ PHX,L,240,94,38,87,0.437,8,22,0.364,10,13,0.769,8,30,38,19,5,4,10,16,-2.0
22011,1610612742,DAL,Dallas Mavericks,0021100568,2012-03-06,DAL vs. NYK,W,240,95,31,80,0.388,7,26,0.269,26,30,0.867,10,36,46,14,9,6,13,20,10.0
22011,1610612742,DAL,Dallas Mavericks,0021100559,2012-03-05,DAL @ OKC,L,240,91,36,84,0.429,9,21,0.429,10,10,1.0,9,27,36,19,12,5,12,23,-4.0
22011,1610612742,DAL,Dallas Mavericks,0021100544,2012-03-03,DAL vs. UTA,W,240,102,36,75,0.48,10,23,0.435,20,24,0.833,10,30,40,24,11,5,15,20,6.0
22011,1610612742,DAL,Dallas Mavericks,0021100533,2012-03-02,DAL @ NOH,L,238,92,37,83,0.446,11,29,0.379,7,10,0.7,9,25,34,25,9,5,12,16,-5.0
22011,1610612742,DAL,Dallas Mavericks,0021100518,2012-02-29,DAL @ MEM,L,241,85,35,79,0.443,4,23,0.174,11,14,0.786,8,26,34,16,8,5,18,16,-11.0
22011,1610612742,DAL,Dallas Mavericks,0021100509,2012-02-28,DAL vs. NJN,L,239,92,32,89,0.36,8,25,0.32,20,28,0.714,17,32,49,19,13,7,13,12,-1.0
22011,1610612742,DAL,Dallas Mavericks,0021100497,2012-02-22,DAL vs. LAL,L,241,91,36,90,0.4,8,32,0.25,11,16,0.688,21,29,50,22,10,3,12,20,-5.0
22011,1610612742,DAL,Dallas Mavericks,0021100474,2012-02-20,DAL vs. BOS,W,241,89,36,89,0.404,7,25,0.28,10,14,0.714,12,39,51,26,9,6,8,15,16.0
22011,1610612742,DAL,Dallas Mavericks,0021100460,2012-02-19,DAL @ NYK,L,240,97,36,81,0.444,12,33,0.364,13,17,0.765,14,27,41,24,12,3,19,20,-7.0
22011,1610612742,DAL,Dallas Mavericks,0021100446,2012-02-17,DAL @ PHI,W,240,82,31,81,0.383,5,14,0.357,15,18,0.833,11,40,51,20,5,4,15,15,7.0
22011,1610612742,DAL,Dallas Mavericks,0021100438,2012-02-15,DAL vs. DEN,W,241,102,37,80,0.463,10,26,0.385,18,22,0.818,13,32,45,28,9,5,12,23,18.0
22011,1610612742,DAL,Dallas Mavericks,0021100418,2012-02-13,DAL vs. LAC,W,240,96,35,79,0.443,6,18,0.333,20,28,0.714,8,28,36,21,11,1,11,21,4.0
22011,1610612742,DAL,Dallas Mavericks,0021100405,2012-02-11,DAL vs. POR,W,291,97,39,84,0.464,6,19,0.316,13,19,0.684,10,47,57,21,5,4,23,24,3.0
22011,1610612742,DAL,Dallas Mavericks,0021100398,2012-02-10,DAL @ MIN,W,241,104,39,90,0.433,9,21,0.429,17,23,0.739,8,30,38,25,16,8,18,28,7.0
22011,1610612742,DAL,Dallas Mavericks,0021100382,2012-02-08,DAL @ DEN,W,240,105,44,90,0.489,9,28,0.321,8,9,0.889,11,35,46,30,9,6,12,22,10.0
22011,1610612742,DAL,Dallas Mavericks,0021100347,2012-02-04,DAL @ CLE,L,238,88,32,67,0.478,6,13,0.462,18,27,0.667,4,35,39,22,6,8,21,16,-3.0
22011,1610612742,DAL,Dallas Mavericks,0021100340,2012-02-03,DAL vs. IND,L,241,87,35,83,0.422,6,16,0.375,11,13,0.846,13,29,42,20,8,10,16,14,-11.0
22011,1610612742,DAL,Dallas Mavericks,0021100321,2012-02-01,DAL vs. OKC,L,241,86,30,84,0.357,4,19,0.211,22,25,0.88,10,34,44,16,8,10,14,18,-9.0
22011,1610612742,DAL,Dallas Mavericks,0021100306,2012-01-30,DAL @ PHX,W,240,122,48,87,0.552,14,27,0.519,12,18,0.667,10,34,44,31,7,3,10,16,23.0
22011,1610612742,DAL,Dallas Mavericks,0021100295,2012-01-29,DAL vs. SAS,W,266,101,44,100,0.44,4,20,0.2,9,12,0.75,16,39,55,15,7,12,8,18,1.0
22011,1610612742,DAL,Dallas Mavericks,0021100281,2012-01-27,DAL vs. UTA,W,240,116,45,82,0.549,11,19,0.579,15,22,0.682,13,31,44,26,6,6,9,16,15.0
22011,1610612742,DAL,Dallas Mavericks,0021100264,2012-01-25,DAL vs. MIN,L,239,90,39,95,0.411,6,22,0.273,6,10,0.6,16,30,46,22,7,7,13,24,-15.0
22011,1610612742,DAL,Dallas Mavericks,0021100249,2012-01-23,DAL vs. PHX,W,240,93,33,81,0.407,8,25,0.32,19,29,0.655,12,30,42,23,11,5,12,17,6.0
22011,1610612742,DAL,Dallas Mavericks,0021100234,2012-01-21,DAL @ NOH,W,241,83,32,79,0.405,4,26,0.154,15,20,0.75,9,40,49,17,7,7,11,25,2.0
22011,1610612742,DAL,Dallas Mavericks,0021100215,2012-01-19,DAL @ UTA,W,239,94,37,71,0.521,5,20,0.25,15,19,0.789,4,29,33,23,4,6,15,20,3.0
22011,1610612742,DAL,Dallas Mavericks,0021100212,2012-01-18,DAL @ LAC,L,241,89,34,81,0.42,9,20,0.45,12,18,0.667,15,27,42,22,8,7,15,18,-2.0
22011,1610612742,DAL,Dallas Mavericks,0021100194,2012-01-16,DAL @ LAL,L,240,70,28,80,0.35,4,26,0.154,10,16,0.625,11,38,49,16,7,5,15,15,-3.0
22011,1610612742,DAL,Dallas Mavericks,0021100178,2012-01-14,DAL vs. SAC,W,239,99,37,81,0.457,7,16,0.438,18,25,0.72,12,47,59,19,10,6,16,16,39.0
22011,1610612742,DAL,Dallas Mavericks,0021100165,2012-01-13,DAL vs. MIL,W,241,102,39,75,0.52,10,22,0.455,14,18,0.778,8,35,43,20,13,6,17,17,26.0
22011,1610612742,DAL,Dallas Mavericks,0021100146,2012-01-11,DAL @ BOS,W,239,90,35,79,0.443,6,16,0.375,14,25,0.56,12,31,43,18,11,3,14,21,5.0
22011,1610612742,DAL,Dallas Mavericks,0021100135,2012-01-10,DAL @ DET,W,240,100,38,69,0.551,4,15,0.267,20,27,0.741,5,31,36,28,13,4,14,23,14.0
22011,1610612742,DAL,Dallas Mavericks,0021100117,2012-01-07,DAL vs. NOH,W,238,96,32,74,0.432,8,19,0.421,24,29,0.828,6,29,35,22,12,2,14,21,15.0
22011,1610612742,DAL,Dallas Mavericks,0021100095,2012-01-05,DAL @ SAS,L,240,71,27,77,0.351,1,19,0.053,16,21,0.762,11,41,52,11,5,8,15,13,-22.0
22011,1610612742,DAL,Dallas Mavericks,0021100090,2012-01-04,DAL vs. PHX,W,241,98,38,91,0.418,8,22,0.364,14,21,0.667,19,34,53,30,10,2,13,19,9.0
22011,1610612742,DAL,Dallas Mavericks,0021100073,2012-01-02,DAL vs. OKC,W,239,100,39,80,0.488,5,16,0.313,17,20,0.85,11,30,41,21,8,4,12,23,13.0
22011,1610612742,DAL,Dallas Mavericks,0021100061,2012-01-01,DAL @ MIN,L,239,82,29,77,0.377,7,24,0.292,17,21,0.81,6,29,35,17,11,9,17,22,-17.0
22011,1610612742,DAL,Dallas Mavericks,0021100047,2011-12-30,DAL vs. TOR,W,240,99,32,72,0.444,7,25,0.28,28,38,0.737,7,33,40,21,11,4,10,13,13.0
22011,1610612742,DAL,Dallas Mavericks,0021100035,2011-12-29,DAL @ OKC,L,241,102,38,90,0.422,9,26,0.346,17,21,0.81,14,24,38,25,14,1,12,24,-2.0
22011,1610612742,DAL,Dallas Mavericks,0021100012,2011-12-26,DAL vs. DEN,L,240,93,32,76,0.421,8,27,0.296,21,27,0.778,5,32,37,19,11,3,19,28,-22.0
22011,1610612742,DAL,Dallas Mavericks,0021100002,2011-12-25,DAL vs. MIA,L,240,94,31,82,0.378,9,28,0.321,23,30,0.767,8,23,31,23,10,0,17,29,-11.0
12011,1610612742,DAL,Dallas Mavericks,0011100019,2011-12-20,DAL @ OKC,L,241,83,33,79,0.418,6,21,0.286,11,13,0.846,8,31,39,22,7,2,17,20,-4.0
12011,1610612742,DAL,Dallas Mavericks,0011100011,2011-12-18,DAL vs. OKC,L,239,92,30,79,0.38,8,20,0.4,24,32,0.75,13,20,33,21,15,4,14,32,-14.0
42010,1610612742,DAL,Dallas Mavericks,0041000406,2011-06-12,DAL @ MIA,W,240,105,41,82,0.5,11,26,0.423,12,18,0.667,10,30,40,19,11,1,14,24,10.0
42010,1610612742,DAL,Dallas Mavericks,0041000405,2011-06-09,DAL vs. MIA,W,241,112,39,69,0.565,13,19,0.684,21,27,0.778,4,22,26,23,8,3,11,20,9.0
42010,1610612742,DAL,Dallas Mavericks,0041000404,2011-06-07,DAL vs. MIA,W,240,86,29,73,0.397,4,19,0.211,24,30,0.8,12,29,41,13,7,2,11,18,3.0
42010,1610612742,DAL,Dallas Mavericks,0041000403,2011-06-05,DAL vs. MIA,L,239,86,28,70,0.4,8,21,0.381,22,27,0.815,12,30,42,18,3,8,14,14,-2.0
42010,1610612742,DAL,Dallas Mavericks,0041000402,2011-06-02,DAL @ MIA,W,240,95,36,75,0.48,6,17,0.353,17,21,0.81,11,30,41,18,8,2,18,20,2.0
42010,1610612742,DAL,Dallas Mavericks,0041000401,2011-05-31,DAL @ MIA,L,239,84,25,67,0.373,9,22,0.409,25,32,0.781,6,30,36,18,6,8,11,22,-8.0
42010,1610612742,DAL,Dallas Mavericks,0041000315,2011-05-25,DAL vs. OKC,W,241,100,32,78,0.41,5,20,0.25,31,36,0.861,14,30,44,19,8,5,12,17,4.0
42010,1610612742,DAL,Dallas Mavericks,0041000314,2011-05-23,DAL @ OKC,W,265,112,35,81,0.432,8,25,0.32,34,39,0.872,5,28,33,16,15,2,13,22,7.0
42010,1610612742,DAL,Dallas Mavericks,0041000313,2011-05-21,DAL @ OKC,W,241,93,36,82,0.439,7,21,0.333,14,18,0.778,9,28,37,21,11,4,12,24,6.0
42010,1610612742,DAL,Dallas Mavericks,0041000312,2011-05-19,DAL vs. OKC,L,241,100,35,80,0.438,9,27,0.333,21,24,0.875,14,23,37,18,7,2,12,22,-6.0
42010,1610612742,DAL,Dallas Mavericks,0041000311,2011-05-17,DAL vs. OKC,W,241,121,39,73,0.534,9,23,0.391,34,36,0.944,8,25,33,22,7,8,12,28,9.0
42010,1610612742,DAL,Dallas Mavericks,0041000234,2011-05-08,DAL vs. LAL,W,240,122,44,73,0.603,20,32,0.625,14,19,0.737,6,34,40,32,11,2,19,23,36.0
42010,1610612742,DAL,Dallas Mavericks,0041000233,2011-05-06,DAL vs. LAL,W,239,98,31,67,0.463,12,29,0.414,24,29,0.828,8,31,39,22,4,5,12,18,6.0
42010,1610612742,DAL,Dallas Mavericks,0041000232,2011-05-04,DAL @ LAL,W,240,93,34,81,0.42,8,25,0.32,17,21,0.81,11,28,39,20,4,4,11,16,12.0
42010,1610612742,DAL,Dallas Mavericks,0041000231,2011-05-02,DAL @ LAL,W,240,96,39,79,0.494,9,20,0.45,9,11,0.818,5,35,40,30,8,8,11,17,2.0
42010,1610612742,DAL,Dallas Mavericks,0041000166,2011-04-28,DAL @ POR,W,240,103,39,78,0.5,6,18,0.333,19,22,0.864,12,27,39,23,4,3,9,19,7.0
42010,1610612742,DAL,Dallas Mavericks,0041000165,2011-04-25,DAL vs. POR,W,240,93,32,78,0.41,3,17,0.176,26,35,0.743,20,29,49,22,8,4,12,19,11.0
42010,1610612742,DAL,Dallas Mavericks,0041000164,2011-04-23,DAL @ POR,L,240,82,31,76,0.408,10,26,0.385,10,10,1.0,9,28,37,19,4,2,14,21,-2.0
42010,1610612742,DAL,Dallas Mavericks,0041000163,2011-04-21,DAL @ POR,L,237,92,35,68,0.515,9,22,0.409,13,23,0.565,7,30,37,16,4,3,16,22,-5.0
42010,1610612742,DAL,Dallas Mavericks,0041000162,2011-04-19,DAL vs. POR,W,240,101,37,76,0.487,8,19,0.421,19,26,0.731,10,27,37,20,6,3,6,20,12.0
42010,1610612742,DAL,Dallas Mavericks,0041000161,2011-04-16,DAL vs. POR,W,240,89,27,66,0.409,10,19,0.526,25,29,0.862,10,29,39,14,5,7,13,16,8.0
22010,1610612742,DAL,Dallas Mavericks,0021001223,2011-04-13,DAL vs. NOH,W,240,121,40,73,0.548,13,28,0.464,28,34,0.824,6,36,42,32,7,1,14,17,32.0
22010,1610612742,DAL,Dallas Mavericks,0021001209,2011-04-11,DAL @ HOU,W,265,98,38,83,0.458,4,17,0.235,18,20,0.9,6,43,49,21,9,5,20,20,7.0
22010,1610612742,DAL,Dallas Mavericks,0021001199,2011-04-10,DAL vs. PHX,W,241,115,45,89,0.506,11,27,0.407,14,18,0.778,18,33,51,29,7,4,14,23,25.0
22010,1610612742,DAL,Dallas Mavericks,0021001186,2011-04-08,DAL vs. LAC,W,240,107,43,85,0.506,4,15,0.267,17,28,0.607,15,27,42,25,13,4,17,19,11.0
22010,1610612742,DAL,Dallas Mavericks,0021001172,2011-04-06,DAL vs. DEN,L,240,96,39,80,0.488,5,22,0.227,13,20,0.65,15,30,45,20,9,9,16,18,-8.0
22010,1610612742,DAL,Dallas Mavericks,0021001148,2011-04-03,DAL @ POR,L,239,96,34,70,0.486,9,24,0.375,19,26,0.731,5,28,33,21,5,2,13,21,-8.0
22010,1610612742,DAL,Dallas Mavericks,0021001136,2011-04-02,DAL @ GSW,L,239,92,37,90,0.411,5,25,0.2,13,20,0.65,11,32,43,25,5,4,11,21,-7.0
22010,1610612742,DAL,Dallas Mavericks,0021001119,2011-03-31,DAL @ LAL,L,239,82,30,83,0.361,6,26,0.231,16,23,0.696,11,36,47,18,3,4,13,27,-28.0
22010,1610612742,DAL,Dallas Mavericks,0021001117,2011-03-30,DAL @ LAC,W,241,106,41,85,0.482,9,21,0.429,15,26,0.577,6,25,31,30,11,5,11,19,6.0
22010,1610612742,DAL,Dallas Mavericks,0021001095,2011-03-27,DAL @ PHX,W,239,91,32,84,0.381,10,26,0.385,17,21,0.81,16,31,47,20,8,3,15,18,8.0
22010,1610612742,DAL,Dallas Mavericks,0021001085,2011-03-26,DAL @ UTA,W,240,94,30,66,0.455,8,19,0.421,26,32,0.813,5,35,40,20,9,6,16,26,17.0
22010,1610612742,DAL,Dallas Mavericks,0021001066,2011-03-24,DAL vs. MIN,W,240,104,42,85,0.494,8,27,0.296,12,15,0.8,10,33,43,31,10,6,15,17,8.0
22010,1610612742,DAL,Dallas Mavericks,0021001042,2011-03-20,DAL vs. GSW,W,238,101,34,79,0.43,12,33,0.364,21,25,0.84,11,40,51,24,10,3,15,22,28.0
22010,1610612742,DAL,Dallas Mavericks,0021001023,2011-03-18,DAL vs. SAS,L,241,91,36,73,0.493,6,23,0.261,13,17,0.765,7,34,41,20,3,5,19,21,-6.0
22010,1610612742,DAL,Dallas Mavericks,0021001012,2011-03-16,DAL @ GSW,W,241,112,40,77,0.519,8,19,0.421,24,27,0.889,10,31,41,28,6,1,14,16,6.0
22010,1610612742,DAL,Dallas Mavericks,0021001002,2011-03-15,DAL @ POR,L,239,101,40,67,0.597,9,21,0.429,12,13,0.923,6,27,33,30,5,4,15,17,-3.0
22010,1610612742,DAL,Dallas Mavericks,0021000982,2011-03-12,DAL vs. LAL,L,240,91,37,86,0.43,4,16,0.25,13,15,0.867,15,33,48,21,6,9,13,20,-5.0
22010,1610612742,DAL,Dallas Mavericks,0021000965,2011-03-10,DAL vs. NYK,W,241,127,48,94,0.511,11,24,0.458,20,24,0.833,17,30,47,26,9,5,11,25,18.0
22010,1610612742,DAL,Dallas Mavericks,0021000961,2011-03-09,DAL @ NOH,L,239,92,31,69,0.449,6,21,0.286,24,32,0.75,4,27,31,22,4,5,9,23,-1.0
22010,1610612742,DAL,Dallas Mavericks,0021000945,2011-03-07,DAL @ MIN,W,240,108,38,84,0.452,12,35,0.343,20,22,0.909,12,32,44,29,11,4,15,19,3.0
22010,1610612742,DAL,Dallas Mavericks,0021000938,2011-03-06,DAL vs. MEM,L,240,103,37,73,0.507,10,21,0.476,19,23,0.826,8,29,37,21,8,8,15,23,-1.0
22010,1610612742,DAL,Dallas Mavericks,0021000921,2011-03-04,DAL vs. IND,W,242,116,41,79,0.519,7,19,0.368,27,34,0.794,14,27,41,28,9,4,15,21,8.0
22010,1610612742,DAL,Dallas Mavericks,0021000896,2011-03-01,DAL @ PHI,W,241,101,41,77,0.532,6,18,0.333,13,24,0.542,5,38,43,26,5,2,15,16,8.0
22010,1610612742,DAL,Dallas Mavericks,0021000884,2011-02-27,DAL @ TOR,W,240,114,45,93,0.484,8,24,0.333,16,22,0.727,11,29,40,28,4,3,6,11,18.0
22010,1610612742,DAL,Dallas Mavericks,0021000873,2011-02-26,DAL @ WAS,W,240,105,39,81,0.481,6,17,0.353,21,31,0.677,8,43,51,28,4,3,12,15,6.0
22010,1610612742,DAL,Dallas Mavericks,0021000856,2011-02-23,DAL vs. UTA,W,240,118,44,76,0.579,10,20,0.5,20,28,0.714,11,32,43,30,7,2,19,25,19.0
22010,1610612742,DAL,Dallas Mavericks,0021000837,2011-02-17,DAL @ PHX,W,241,112,43,82,0.524,10,27,0.37,16,23,0.696,5,34,39,26,8,4,12,20,6.0
22010,1610612742,DAL,Dallas Mavericks,0021000831,2011-02-16,DAL vs. SAC,W,239,116,50,90,0.556,13,26,0.5,3,6,0.5,10,25,35,34,11,0,21,26,16.0
22010,1610612742,DAL,Dallas Mavericks,0021000801,2011-02-12,DAL @ HOU,W,240,106,43,78,0.551,8,15,0.533,12,15,0.8,9,33,42,26,6,4,15,13,4.0
22010,1610612742,DAL,Dallas Mavericks,0021000785,2011-02-10,DAL @ DEN,L,238,120,45,84,0.536,11,25,0.44,19,25,0.76,11,28,39,21,8,3,11,18,-1.0
22010,1610612742,DAL,Dallas Mavericks,0021000781,2011-02-09,DAL @ SAC,W,238,102,38,81,0.469,9,25,0.36,17,22,0.773,9,30,39,22,2,5,12,21,2.0
22010,1610612742,DAL,Dallas Mavericks,0021000761,2011-02-07,DAL vs. CLE,W,241,99,34,83,0.41,7,22,0.318,24,27,0.889,16,35,51,21,6,3,16,18,3.0
22010,1610612742,DAL,Dallas Mavericks,0021000745,2011-02-05,DAL @ CHA,W,239,101,40,86,0.465,7,22,0.318,14,17,0.824,14,30,44,20,3,14,10,20,9.0
22010,1610612742,DAL,Dallas Mavericks,0021000740,2011-02-04,DAL @ BOS,W,240,101,39,79,0.494,8,17,0.471,15,17,0.882,10,23,33,22,5,3,14,16,4.0
22010,1610612742,DAL,Dallas Mavericks,0021000723,2011-02-02,DAL @ NYK,W,241,113,42,84,0.5,11,25,0.44,18,21,0.857,10,44,54,24,3,4,15,18,16.0
22010,1610612742,DAL,Dallas Mavericks,0021000712,2011-01-31,DAL vs. WAS,W,239,102,34,71,0.479,9,22,0.409,25,37,0.676,13,37,50,27,2,4,14,21,10.0
22010,1610612742,DAL,Dallas Mavericks,0021000696,2011-01-29,DAL vs. ATL,W,240,102,36,73,0.493,8,21,0.381,22,27,0.815,8,33,41,28,6,4,13,17,11.0
22010,1610612742,DAL,Dallas Mavericks,0021000679,2011-01-27,DAL vs. HOU,W,239,111,41,82,0.5,6,16,0.375,23,25,0.92,7,33,40,25,6,4,9,24,5.0
22010,1610612742,DAL,Dallas Mavericks,0021000665,2011-01-25,DAL vs. LAC,W,239,112,37,74,0.5,10,24,0.417,28,30,0.933,11,19,30,18,5,4,14,24,7.0
22010,1610612742,DAL,Dallas Mavericks,0021000640,2011-01-22,DAL @ NJN,W,240,87,26,75,0.347,8,21,0.381,27,29,0.931,11,28,39,18,11,0,14,24,1.0
22010,1610612742,DAL,Dallas Mavericks,0021000627,2011-01-20,DAL @ CHI,L,240,77,26,73,0.356,7,22,0.318,18,22,0.818,9,32,41,16,5,9,14,17,-5.0
22010,1610612742,DAL,Dallas Mavericks,0021000621,2011-01-19,DAL vs. LAL,W,239,109,44,80,0.55,12,26,0.462,9,13,0.692,7,28,35,27,4,2,6,11,9.0
22010,1610612742,DAL,Dallas Mavericks,0021000604,2011-01-17,DAL @ DET,L,240,89,34,73,0.466,9,25,0.36,12,17,0.706,10,21,31,28,3,2,15,20,-14.0
22010,1610612742,DAL,Dallas Mavericks,0021000592,2011-01-15,DAL @ MEM,L,240,70,24,74,0.324,6,31,0.194,16,23,0.696,9,29,38,13,7,3,13,18,-19.0
22010,1610612742,DAL,Dallas Mavericks,0021000581,2011-01-14,DAL @ SAS,L,241,89,36,83,0.434,6,13,0.462,11,18,0.611,8,31,39,17,5,4,8,24,-12.0
22010,1610612742,DAL,Dallas Mavericks,0021000562,2011-01-12,DAL @ IND,L,239,89,33,80,0.413,9,22,0.409,14,19,0.737,11,30,41,21,4,9,11,17,-13.0
22010,1610612742,DAL,Dallas Mavericks,0021000542,2011-01-08,DAL vs. ORL,L,234,107,41,76,0.539,12,26,0.462,13,17,0.765,6,28,34,29,8,4,17,20,-10.0
22010,1610612742,DAL,Dallas Mavericks,0021000523,2011-01-06,DAL vs. OKC,L,241,95,37,79,0.468,6,20,0.3,15,20,0.75,12,35,47,18,4,2,14,17,-4.0
22010,1610612742,DAL,Dallas Mavericks,0021000509,2011-01-04,DAL vs. POR,W,240,84,33,77,0.429,8,22,0.364,10,13,0.769,12,34,46,22,3,2,13,16,3.0
22010,1610612742,DAL,Dallas Mavericks,0021000495,2011-01-02,DAL @ CLE,W,240,104,40,83,0.482,10,27,0.37,14,22,0.636,11,26,37,26,7,6,10,13,9.0
22010,1610612742,DAL,Dallas Mavericks,0021000489,2011-01-01,DAL @ MIL,L,241,87,30,80,0.375,9,32,0.281,18,22,0.818,6,25,31,16,12,2,12,23,-12.0
22010,1610612742,DAL,Dallas Mavericks,0021000474,2010-12-30,DAL vs. SAS,L,240,93,35,82,0.427,10,23,0.435,13,15,0.867,4,31,35,24,9,5,10,22,-6.0
22010,1610612742,DAL,Dallas Mavericks,0021000459,2010-12-28,DAL vs. TOR,L,241,76,31,75,0.413,5,22,0.227,9,12,0.75,11,24,35,19,6,6,17,17,-8.0
22010,1610612742,DAL,Dallas Mavericks,0021000450,2010-12-27,DAL @ OKC,W,240,103,41,84,0.488,11,23,0.478,10,11,0.909,6,37,43,29,7,2,14,20,10.0
22010,1610612742,DAL,Dallas Mavericks,0021000416,2010-12-21,DAL @ ORL,W,239,105,38,76,0.5,12,26,0.462,17,21,0.81,4,34,38,28,5,0,13,18,6.0
22010,1610612742,DAL,Dallas Mavericks,0021000410,2010-12-20,DAL @ MIA,W,241,98,33,74,0.446,8,21,0.381,24,28,0.857,10,38,48,19,6,1,13,23,2.0
22010,1610612742,DAL,Dallas Mavericks,0021000390,2010-12-17,DAL vs. PHX,W,239,106,39,86,0.453,8,18,0.444,20,31,0.645,11,43,54,27,9,4,9,18,15.0
22010,1610612742,DAL,Dallas Mavericks,0021000377,2010-12-15,DAL vs. POR,W,239,103,40,74,0.541,3,16,0.188,20,21,0.952,5,31,36,20,7,4,11,16,5.0
22010,1610612742,DAL,Dallas Mavericks,0021000358,2010-12-13,DAL vs. MIL,L,240,99,37,76,0.487,5,20,0.25,20,27,0.741,9,32,41,28,4,7,13,18,-4.0
22010,1610612742,DAL,Dallas Mavericks,0021000346,2010-12-11,DAL vs. UTA,W,239,103,33,66,0.5,14,26,0.538,23,28,0.821,8,32,40,24,7,5,18,19,6.0
22010,1610612742,DAL,Dallas Mavericks,0021000328,2010-12-09,DAL vs. NJN,W,241,102,41,75,0.547,4,16,0.25,16,19,0.842,5,33,38,31,11,4,15,17,13.0
22010,1610612742,DAL,Dallas Mavericks,0021000312,2010-12-07,DAL vs. GSW,W,239,105,39,87,0.448,7,20,0.35,20,27,0.741,16,29,45,22,12,10,16,10,5.0
22010,1610612742,DAL,Dallas Mavericks,0021000293,2010-12-04,DAL @ SAC,W,242,105,38,76,0.5,5,17,0.294,24,29,0.828,6,30,36,23,4,6,11,20,2.0
22010,1610612742,DAL,Dallas Mavericks,0021000286,2010-12-03,DAL @ UTA,W,238,93,40,76,0.526,6,19,0.316,7,11,0.636,3,34,37,25,11,4,13,20,12.0
22010,1610612742,DAL,Dallas Mavericks,0021000268,2010-12-01,DAL vs. MIN,W,240,100,36,87,0.414,10,24,0.417,18,23,0.783,11,39,50,21,12,1,14,20,14.0
22010,1610612742,DAL,Dallas Mavericks,0021000252,2010-11-29,DAL vs. HOU,W,240,101,39,79,0.494,6,16,0.375,17,19,0.895,9,38,47,23,4,5,15,18,10.0
22010,1610612742,DAL,Dallas Mavericks,0021000239,2010-11-27,DAL vs. MIA,W,238,106,40,87,0.46,7,17,0.412,19,22,0.864,13,33,46,25,8,3,11,23,11.0
22010,1610612742,DAL,Dallas Mavericks,0021000228,2010-11-26,DAL @ SAS,W,240,103,39,74,0.527,5,16,0.313,20,31,0.645,10,29,39,28,9,3,14,22,9.0
22010,1610612742,DAL,Dallas Mavericks,0021000216,2010-11-24,DAL @ OKC,W,240,111,36,81,0.444,9,27,0.333,30,34,0.882,13,36,49,23,7,2,12,17,8.0
22010,1610612742,DAL,Dallas Mavericks,0021000207,2010-11-23,DAL vs. DET,W,241,88,30,78,0.385,6,20,0.3,22,27,0.815,10,32,42,21,7,7,8,24,4.0
22010,1610612742,DAL,Dallas Mavericks,0021000184,2010-11-20,DAL @ ATL,W,240,98,39,82,0.476,6,13,0.462,14,16,0.875,10,30,40,27,5,2,13,11,5.0
22010,1610612742,DAL,Dallas Mavericks,0021000179,2010-11-19,DAL vs. CHI,L,239,83,30,75,0.4,5,20,0.25,18,25,0.72,9,25,34,22,6,5,8,20,-5.0
22010,1610612742,DAL,Dallas Mavericks,0021000163,2010-11-17,DAL @ NOH,L,239,97,35,69,0.507,7,18,0.389,20,23,0.87,4,31,35,27,4,6,15,22,-2.0
22010,1610612742,DAL,Dallas Mavericks,0021000146,2010-11-15,DAL vs. NOH,W,240,98,34,69,0.493,11,27,0.407,19,27,0.704,8,30,38,21,3,3,15,18,3.0
22010,1610612742,DAL,Dallas Mavericks,0021000126,2010-11-12,DAL vs. PHI,W,241,99,35,79,0.443,6,22,0.273,23,29,0.793,16,31,47,19,10,4,10,20,9.0
22010,1610612742,DAL,Dallas Mavericks,0021000114,2010-11-10,DAL @ MEM,W,240,106,46,85,0.541,9,25,0.36,5,11,0.455,11,38,49,30,8,5,9,19,15.0
22010,1610612742,DAL,Dallas Mavericks,0021000100,2010-11-08,DAL vs. BOS,W,239,89,33,66,0.5,6,15,0.4,17,20,0.85,4,34,38,20,6,8,17,12,2.0
22010,1610612742,DAL,Dallas Mavericks,0021000085,2010-11-06,DAL vs. DEN,L,241,92,34,76,0.447,4,15,0.267,20,26,0.769,11,35,46,12,7,5,21,16,-11.0
22010,1610612742,DAL,Dallas Mavericks,0021000060,2010-11-03,DAL @ DEN,W,240,102,39,84,0.464,7,15,0.467,17,19,0.895,12,33,45,22,6,5,13,17,1.0
22010,1610612742,DAL,Dallas Mavericks,0021000041,2010-10-31,DAL @ LAC,W,239,99,36,77,0.468,7,16,0.438,20,29,0.69,8,33,41,23,7,7,14,22,16.0
22010,1610612742,DAL,Dallas Mavericks,0021000028,2010-10-29,DAL vs. MEM,L,240,90,34,72,0.472,6,18,0.333,16,24,0.667,8,37,45,24,7,6,18,22,-1.0
22010,1610612742,DAL,Dallas Mavericks,0021000012,2010-10-27,DAL vs. CHA,W,239,101,41,75,0.547,4,15,0.267,15,18,0.833,7,34,41,29,12,5,16,18,15.0
12010,1610612742,DAL,Dallas Mavericks,0011000117,2010-10-22,DAL vs. HOU,W,241,97,40,82,0.488,7,18,0.389,10,13,0.769,12,30,42,28,6,5,16,23,1.0
12010,1610612742,DAL,Dallas Mavericks,0011000101,2010-10-20,DAL @ ORL,L,239,76,27,75,0.36,4,18,0.222,18,25,0.72,7,31,38,18,5,2,18,35,-25.0
12010,1610612742,DAL,Dallas Mavericks,0011000067,2010-10-15,DAL @ CHI,W,264,109,35,85,0.412,1,16,0.063,38,51,0.745,13,35,48,21,14,3,15,22,4.0
12010,1610612742,DAL,Dallas Mavericks,0011000053,2010-10-13,DAL @ DET,W,241,101,41,79,0.519,9,22,0.409,10,22,0.455,11,29,40,24,7,5,13,24,5.0
12010,1610612742,DAL,Dallas Mavericks,0011000042,2010-10-11,DAL vs. CLE,L,241,79,31,84,0.369,3,18,0.167,14,23,0.609,11,38,49,24,9,5,15,25,-6.0
12010,1610612742,DAL,Dallas Mavericks,0011000033,2010-10-09,DAL @ PHX,L,241,90,30,76,0.395,6,17,0.353,24,36,0.667,10,36,46,20,3,5,20,32,-8.0
12010,1610612742,DAL,Dallas Mavericks,0011000022,2010-10-07,DAL vs. CHI,W,239,88,29,75,0.387,3,10,0.3,27,31,0.871,18,36,54,16,5,3,17,20,5.0
12010,1610612742,DAL,Dallas Mavericks,0011000010,2010-10-05,DAL vs. WAS,L,241,94,35,80,0.438,5,18,0.278,19,26,0.731,11,35,46,26,12,4,20,18,-3.0
42009,1610612742,DAL,Dallas Mavericks,0040900156,2010-04-29,DAL @ SAS,L,238,87,35,80,0.438,5,20,0.25,12,15,0.8,11,29,40,15,4,4,11,27,-10.0
42009,1610612742,DAL,Dallas Mavericks,0040900155,2010-04-27,DAL vs. SAS,W,241,103,37,84,0.44,6,24,0.25,23,33,0.697,14,38,52,20,14,7,12,23,22.0
42009,1610612742,DAL,Dallas Mavericks,0040900154,2010-04-25,DAL @ SAS,L,240,89,32,77,0.416,7,19,0.368,18,23,0.783,12,36,48,17,5,5,14,22,-3.0
42009,1610612742,DAL,Dallas Mavericks,0040900153,2010-04-23,DAL @ SAS,L,241,90,34,76,0.447,8,20,0.4,14,15,0.933,8,28,36,17,5,4,12,25,-4.0
42009,1610612742,DAL,Dallas Mavericks,0040900152,2010-04-21,DAL vs. SAS,L,241,88,31,85,0.365,7,19,0.368,19,20,0.95,14,28,42,19,7,6,7,18,-14.0
42009,1610612742,DAL,Dallas Mavericks,0040900151,2010-04-18,DAL vs. SAS,W,239,100,35,74,0.473,5,14,0.357,25,34,0.735,13,32,45,23,10,4,15,20,6.0
22009,1610612742,DAL,Dallas Mavericks,0020901220,2010-04-14,DAL vs. SAS,W,241,96,35,85,0.412,6,14,0.429,20,28,0.714,10,37,47,22,8,7,11,15,7.0
22009,1610612742,DAL,Dallas Mavericks,0020901212,2010-04-12,DAL @ LAC,W,240,117,45,83,0.542,11,27,0.407,16,19,0.842,8,29,37,37,6,4,10,15,23.0
22009,1610612742,DAL,Dallas Mavericks,0020901193,2010-04-10,DAL @ SAC,W,240,126,42,79,0.532,13,21,0.619,29,34,0.853,7,29,36,27,9,7,11,20,18.0
22009,1610612742,DAL,Dallas Mavericks,0020901186,2010-04-09,DAL @ POR,W,240,83,24,71,0.338,5,20,0.25,30,35,0.857,11,32,43,11,8,4,12,19,6.0
22009,1610612742,DAL,Dallas Mavericks,0020901167,2010-04-07,DAL vs. MEM,W,239,110,42,76,0.553,8,14,0.571,18,21,0.857,7,30,37,28,11,4,12,21,26.0
22009,1610612742,DAL,Dallas Mavericks,0020901137,2010-04-03,DAL vs. OKC,L,241,116,43,81,0.531,5,19,0.263,25,29,0.862,12,27,39,20,8,6,18,28,-5.0
22009,1610612742,DAL,Dallas Mavericks,0020901120,2010-04-01,DAL vs. ORL,L,238,82,31,81,0.383,4,14,0.286,16,17,0.941,10,32,42,7,9,2,10,17,-15.0
22009,1610612742,DAL,Dallas Mavericks,0020901114,2010-03-31,DAL @ MEM,W,265,106,38,89,0.427,11,28,0.393,19,25,0.76,13,34,47,22,11,7,18,24,4.0
22009,1610612742,DAL,Dallas Mavericks,0020901100,2010-03-29,DAL vs. DEN,W,239,109,38,81,0.469,12,22,0.545,21,24,0.875,9,33,42,27,10,5,7,25,16.0
22009,1610612742,DAL,Dallas Mavericks,0020901086,2010-03-27,DAL @ GSW,W,242,111,44,91,0.484,16,30,0.533,7,10,0.7,4,48,52,34,15,6,14,15,21.0
22009,1610612742,DAL,Dallas Mavericks,0020901070,2010-03-25,DAL @ POR,L,240,89,36,81,0.444,9,22,0.409,8,9,0.889,7,32,39,20,6,6,11,18,-12.0
22009,1610612742,DAL,Dallas Mavericks,0020901056,2010-03-23,DAL vs. LAC,W,240,106,42,91,0.462,8,20,0.4,14,19,0.737,14,30,44,24,9,7,8,16,10.0
22009,1610612742,DAL,Dallas Mavericks,0020901048,2010-03-22,DAL @ NOH,L,240,99,42,81,0.519,8,16,0.5,7,13,0.538,11,25,36,22,4,6,18,18,-16.0
22009,1610612742,DAL,Dallas Mavericks,0020901033,2010-03-20,DAL vs. BOS,L,239,93,37,80,0.463,5,15,0.333,14,17,0.824,11,28,39,22,10,2,18,22,-9.0
22009,1610612742,DAL,Dallas Mavericks,0020901011,2010-03-17,DAL vs. CHI,W,240,113,41,78,0.526,6,18,0.333,25,33,0.758,10,27,37,22,6,5,13,16,7.0
22009,1610612742,DAL,Dallas Mavericks,0020900979,2010-03-13,DAL vs. NYK,L,241,94,34,80,0.425,7,21,0.333,19,26,0.731,13,30,43,14,5,5,15,15,-34.0
22009,1610612742,DAL,Dallas Mavericks,0020900959,2010-03-10,DAL vs. NJN,W,240,96,33,75,0.44,6,13,0.462,24,29,0.828,8,32,40,19,8,7,12,18,9.0
22009,1610612742,DAL,Dallas Mavericks,0020900943,2010-03-08,DAL @ MIN,W,240,125,48,96,0.5,7,21,0.333,22,26,0.846,9,30,39,29,11,3,8,24,13.0
22009,1610612742,DAL,Dallas Mavericks,0020900928,2010-03-06,DAL @ CHI,W,239,122,49,87,0.563,11,27,0.407,13,15,0.867,6,27,33,31,5,6,6,13,6.0
22009,1610612742,DAL,Dallas Mavericks,0020900921,2010-03-05,DAL vs. SAC,W,240,108,42,86,0.488,7,17,0.412,17,18,0.944,9,31,40,29,10,6,8,15,8.0
22009,1610612742,DAL,Dallas Mavericks,0020900906,2010-03-03,DAL vs. MIN,W,241,112,43,86,0.5,9,17,0.529,17,18,0.944,10,20,30,23,6,3,12,21,3.0
22009,1610612742,DAL,Dallas Mavericks,0020900886,2010-03-01,DAL @ CHA,W,240,89,37,80,0.463,3,16,0.188,12,15,0.8,5,31,36,19,11,8,12,20,5.0
22009,1610612742,DAL,Dallas Mavericks,0020900885,2010-02-28,DAL vs. NOH,W,240,108,45,87,0.517,4,15,0.267,14,17,0.824,12,31,43,31,9,3,13,20,8.0
22009,1610612742,DAL,Dallas Mavericks,0020900861,2010-02-26,DAL @ ATL,W,265,111,48,92,0.522,7,21,0.333,8,11,0.727,12,38,50,37,5,7,13,18,8.0
22009,1610612742,DAL,Dallas Mavericks,0020900852,2010-02-24,DAL vs. LAL,W,240,101,35,80,0.438,8,21,0.381,23,26,0.885,13,28,41,23,10,6,16,20,5.0
22009,1610612742,DAL,Dallas Mavericks,0020900834,2010-02-22,DAL vs. IND,W,240,91,32,83,0.386,4,14,0.286,23,31,0.742,7,46,53,20,6,5,13,17,9.0
22009,1610612742,DAL,Dallas Mavericks,0020900819,2010-02-20,DAL vs. MIA,W,241,97,33,73,0.452,3,16,0.188,28,33,0.848,9,27,36,24,7,3,7,14,6.0
22009,1610612742,DAL,Dallas Mavericks,0020900812,2010-02-19,DAL @ ORL,W,241,95,38,84,0.452,5,15,0.333,14,18,0.778,8,37,45,23,9,7,10,16,10.0
22009,1610612742,DAL,Dallas Mavericks,0020900799,2010-02-17,DAL vs. PHX,W,240,107,41,87,0.471,5,15,0.333,20,27,0.741,16,29,45,24,11,7,11,18,10.0
22009,1610612742,DAL,Dallas Mavericks,0020900786,2010-02-16,DAL @ OKC,L,240,86,30,93,0.323,7,21,0.333,19,23,0.826,15,38,53,21,4,7,12,21,-13.0
22009,1610612742,DAL,Dallas Mavericks,0020900766,2010-02-09,DAL @ DEN,L,240,91,29,76,0.382,7,21,0.333,26,28,0.929,6,22,28,16,9,1,15,17,-36.0
22009,1610612742,DAL,Dallas Mavericks,0020900756,2010-02-08,DAL @ GSW,W,240,127,37,71,0.521,12,22,0.545,41,46,0.891,6,33,39,33,8,1,16,19,10.0
22009,1610612742,DAL,Dallas Mavericks,0020900738,2010-02-05,DAL vs. MIN,L,239,108,35,82,0.427,9,19,0.474,29,35,0.829,14,28,42,20,9,5,14,22,-9.0
22009,1610612742,DAL,Dallas Mavericks,0020900724,2010-02-03,DAL vs. GSW,W,241,110,43,79,0.544,5,17,0.294,19,21,0.905,7,24,31,32,9,2,15,18,9.0
22009,1610612742,DAL,Dallas Mavericks,0020900709,2010-02-01,DAL @ UTA,L,239,92,36,78,0.462,4,11,0.364,16,18,0.889,9,25,34,20,8,7,15,20,-12.0
22009,1610612742,DAL,Dallas Mavericks,0020900692,2010-01-30,DAL vs. POR,L,265,112,42,89,0.472,7,14,0.5,21,22,0.955,10,32,42,23,5,4,13,19,-2.0
22009,1610612742,DAL,Dallas Mavericks,0020900676,2010-01-28,DAL @ PHX,L,239,106,41,82,0.5,5,16,0.313,19,23,0.826,8,26,34,21,6,5,9,26,-6.0
22009,1610612742,DAL,Dallas Mavericks,0020900660,2010-01-26,DAL vs. MIL,W,240,108,41,80,0.513,10,18,0.556,16,17,0.941,9,27,36,31,6,2,13,18,1.0
22009,1610612742,DAL,Dallas Mavericks,0020900646,2010-01-24,DAL @ NYK,W,239,128,50,86,0.581,12,22,0.545,16,17,0.941,10,35,45,25,10,2,10,17,50.0
22009,1610612742,DAL,Dallas Mavericks,0020900624,2010-01-22,DAL @ PHI,L,240,81,32,81,0.395,3,15,0.2,14,17,0.824,9,33,42,20,8,5,15,18,-11.0
22009,1610612742,DAL,Dallas Mavericks,0020900612,2010-01-20,DAL @ WAS,W,241,94,39,85,0.459,4,20,0.2,12,14,0.857,12,29,41,27,9,9,11,19,1.0
22009,1610612742,DAL,Dallas Mavericks,0020900604,2010-01-18,DAL @ BOS,W,240,99,39,68,0.574,4,7,0.571,17,24,0.708,4,31,35,28,3,7,14,16,9.0
22009,1610612742,DAL,Dallas Mavericks,0020900592,2010-01-17,DAL @ TOR,L,241,88,36,80,0.45,5,15,0.333,11,16,0.688,8,33,41,23,5,4,10,20,-22.0
22009,1610612742,DAL,Dallas Mavericks,0020900579,2010-01-15,DAL vs. OKC,W,238,99,31,70,0.443,4,14,0.286,33,39,0.846,6,28,34,19,11,7,14,26,1.0
22009,1610612742,DAL,Dallas Mavericks,0020900564,2010-01-13,DAL vs. LAL,L,240,95,36,85,0.424,8,24,0.333,15,21,0.714,13,31,44,24,4,4,5,18,-5.0
22009,1610612742,DAL,Dallas Mavericks,0020900535,2010-01-09,DAL vs. UTA,L,240,93,33,80,0.413,8,21,0.381,19,23,0.826,14,31,45,21,1,5,13,19,-18.0
22009,1610612742,DAL,Dallas Mavericks,0020900525,2010-01-08,DAL @ SAS,W,241,112,44,89,0.494,7,15,0.467,17,20,0.85,12,27,39,24,7,6,7,20,9.0
22009,1610612742,DAL,Dallas Mavericks,0020900502,2010-01-05,DAL vs. DET,W,241,98,38,86,0.442,5,17,0.294,17,18,0.944,13,34,47,24,5,5,8,17,5.0
22009,1610612742,DAL,Dallas Mavericks,0020900493,2010-01-03,DAL @ LAL,L,239,96,34,90,0.378,5,21,0.238,23,28,0.821,17,23,40,20,6,1,10,11,-35.0
22009,1610612742,DAL,Dallas Mavericks,0020900488,2010-01-02,DAL @ SAC,W,238,99,36,74,0.486,3,9,0.333,24,28,0.857,4,32,36,21,11,4,17,15,8.0
22009,1610612742,DAL,Dallas Mavericks,0020900470,2009-12-31,DAL @ HOU,L,240,94,37,82,0.451,2,12,0.167,18,22,0.818,8,34,42,15,9,9,11,14,-3.0
22009,1610612742,DAL,Dallas Mavericks,0020900443,2009-12-27,DAL @ DEN,W,240,104,41,82,0.5,4,13,0.308,18,26,0.692,8,43,51,25,5,6,15,19,8.0
22009,1610612742,DAL,Dallas Mavericks,0020900429,2009-12-26,DAL vs. MEM,W,240,106,43,82,0.524,6,17,0.353,14,20,0.7,10,30,40,25,7,8,9,24,5.0
22009,1610612742,DAL,Dallas Mavericks,0020900411,2009-12-22,DAL vs. POR,L,239,81,31,80,0.388,7,19,0.368,12,22,0.545,11,35,46,21,3,4,13,14,-4.0
22009,1610612742,DAL,Dallas Mavericks,0020900398,2009-12-20,DAL vs. CLE,W,241,102,38,80,0.475,7,19,0.368,19,20,0.95,6,33,39,25,3,4,6,20,7.0
22009,1610612742,DAL,Dallas Mavericks,0020900382,2009-12-18,DAL vs. HOU,L,264,108,40,95,0.421,8,20,0.4,20,27,0.741,17,33,50,20,7,8,16,23,-8.0
22009,1610612742,DAL,Dallas Mavericks,0020900366,2009-12-16,DAL @ OKC,W,241,100,36,73,0.493,7,13,0.538,21,26,0.808,7,33,40,20,7,5,12,16,14.0
22009,1610612742,DAL,Dallas Mavericks,0020900347,2009-12-14,DAL vs. NOH,W,238,94,38,69,0.551,6,15,0.4,12,13,0.923,6,34,40,23,5,4,23,13,4.0
22009,1610612742,DAL,Dallas Mavericks,0020900334,2009-12-12,DAL vs. CHA,W,265,98,37,93,0.398,3,18,0.167,21,26,0.808,20,30,50,17,14,8,13,22,1.0
22009,1610612742,DAL,Dallas Mavericks,0020900323,2009-12-11,DAL @ MIA,W,240,106,39,80,0.488,10,25,0.4,18,23,0.783,7,35,42,30,5,4,9,26,13.0
22009,1610612742,DAL,Dallas Mavericks,0020900306,2009-12-08,DAL vs. PHX,W,240,102,38,85,0.447,6,23,0.261,20,23,0.87,12,30,42,26,8,5,13,22,1.0
22009,1610612742,DAL,Dallas Mavericks,0020900286,2009-12-05,DAL vs. ATL,L,240,75,25,67,0.373,8,24,0.333,17,24,0.708,7,39,46,18,3,14,16,20,-5.0
22009,1610612742,DAL,Dallas Mavericks,0020900276,2009-12-04,DAL @ MEM,L,240,82,32,91,0.352,8,29,0.276,10,10,1.0,18,28,46,21,4,9,15,15,-16.0
22009,1610612742,DAL,Dallas Mavericks,0020900263,2009-12-02,DAL @ NJN,W,241,117,44,75,0.587,8,18,0.444,21,25,0.84,10,32,42,29,12,6,18,24,16.0
22009,1610612742,DAL,Dallas Mavericks,0020900250,2009-11-30,DAL vs. PHI,W,242,104,40,87,0.46,10,21,0.476,14,17,0.824,11,26,37,31,9,6,10,18,2.0
22009,1610612742,DAL,Dallas Mavericks,0020900235,2009-11-28,DAL @ CLE,L,241,95,34,72,0.472,8,19,0.421,19,24,0.792,5,19,24,20,5,2,9,18,-16.0
22009,1610612742,DAL,Dallas Mavericks,0020900227,2009-11-27,DAL @ IND,W,241,113,41,92,0.446,9,21,0.429,22,28,0.786,17,37,54,20,6,6,13,22,21.0
22009,1610612742,DAL,Dallas Mavericks,0020900215,2009-11-25,DAL @ HOU,W,240,130,55,84,0.655,9,17,0.529,11,14,0.786,7,29,36,33,14,8,12,18,31.0
22009,1610612742,DAL,Dallas Mavericks,0020900204,2009-11-24,DAL vs. GSW,L,239,103,38,82,0.463,4,15,0.267,23,25,0.92,9,32,41,26,12,6,18,20,-8.0
22009,1610612742,DAL,Dallas Mavericks,0020900179,2009-11-20,DAL vs. SAC,W,240,104,42,93,0.452,5,19,0.263,15,21,0.714,17,27,44,28,10,4,14,15,2.0
22009,1610612742,DAL,Dallas Mavericks,0020900168,2009-11-18,DAL vs. SAS,W,266,99,40,100,0.4,3,17,0.176,16,21,0.762,17,32,49,16,8,6,5,24,5.0
22009,1610612742,DAL,Dallas Mavericks,0020900149,2009-11-16,DAL @ MIL,W,264,115,44,86,0.512,10,20,0.5,17,22,0.773,9,39,48,28,5,3,15,19,2.0
22009,1610612742,DAL,Dallas Mavericks,0020900143,2009-11-15,DAL @ DET,W,239,95,36,82,0.439,7,16,0.438,16,21,0.762,11,27,38,25,11,7,7,15,5.0
22009,1610612742,DAL,Dallas Mavericks,0020900128,2009-11-13,DAL @ MIN,W,241,89,34,85,0.4,4,22,0.182,17,22,0.773,11,46,57,20,7,12,17,23,12.0
22009,1610612742,DAL,Dallas Mavericks,0020900119,2009-11-11,DAL @ SAS,L,239,83,28,79,0.354,5,15,0.333,22,27,0.815,11,36,47,15,6,2,11,19,-9.0
22009,1610612742,DAL,Dallas Mavericks,0020900107,2009-11-10,DAL vs. HOU,W,239,121,46,83,0.554,7,12,0.583,22,23,0.957,9,37,46,27,6,5,14,28,18.0
22009,1610612742,DAL,Dallas Mavericks,0020900088,2009-11-07,DAL vs. TOR,W,238,129,53,85,0.624,10,20,0.5,13,21,0.619,6,36,42,32,11,3,9,19,28.0
22009,1610612742,DAL,Dallas Mavericks,0020900067,2009-11-04,DAL @ NOH,L,265,107,39,85,0.459,11,26,0.423,18,24,0.75,12,28,40,19,4,6,17,25,-7.0
22009,1610612742,DAL,Dallas Mavericks,0020900058,2009-11-03,DAL vs. UTA,W,239,96,34,86,0.395,7,18,0.389,21,23,0.913,15,35,50,18,8,12,15,17,11.0
22009,1610612742,DAL,Dallas Mavericks,0020900038,2009-10-31,DAL @ LAC,W,241,93,35,84,0.417,3,14,0.214,20,23,0.87,9,35,44,25,11,8,11,16,9.0
22009,1610612742,DAL,Dallas Mavericks,0020900031,2009-10-30,DAL @ LAL,W,242,94,32,77,0.416,5,15,0.333,25,32,0.781,13,33,46,19,6,3,17,21,14.0
22009,1610612742,DAL,Dallas Mavericks,0020900002,2009-10-27,DAL vs. WAS,L,241,91,30,76,0.395,4,18,0.222,27,34,0.794,11,31,42,16,6,9,9,20,-11.0
12009,1610612742,DAL,Dallas Mavericks,0010900114,2009-10-23,DAL @ HOU,W,241,98,36,85,0.424,2,12,0.167,24,29,0.828,15,35,50,19,10,2,18,29,4.0
12009,1610612742,DAL,Dallas Mavericks,0010900095,2009-10-20,DAL @ CLE,L,241,66,26,77,0.338,4,18,0.222,10,13,0.769,8,33,41,14,4,8,15,20,-30.0
12009,1610612742,DAL,Dallas Mavericks,0010900078,2009-10-17,DAL vs. CLE,W,240,93,35,71,0.493,6,19,0.316,17,28,0.607,11,31,42,25,8,3,12,21,11.0
12009,1610612742,DAL,Dallas Mavericks,0010900066,2009-10-15,DAL vs. DET,W,241,113,43,77,0.558,6,11,0.545,21,28,0.75,6,37,43,29,8,4,18,25,25.0
12009,1610612742,DAL,Dallas Mavericks,0010900044,2009-10-11,DAL vs. MEM,W,239,114,39,78,0.5,4,15,0.267,32,41,0.78,13,26,39,23,17,0,17,23,7.0
12009,1610612742,DAL,Dallas Mavericks,0010900028,2009-10-09,DAL @ WAS,W,241,123,39,83,0.47,8,28,0.286,37,43,0.86,8,31,39,27,9,2,12,29,8.0
12009,1610612742,DAL,Dallas Mavericks,0010900008,2009-10-05,DAL vs. ORL,L,240,105,31,79,0.392,7,18,0.389,36,41,0.878,10,34,44,17,7,3,14,35,-5.0
42008,1610612742,DAL,Dallas Mavericks,0040800235,2009-05-13,DAL @ DEN,L,239,110,38,74,0.514,12,34,0.353,22,29,0.759,9,21,30,23,5,2,13,22,-14.0
42008,1610612742,DAL,Dallas Mavericks,0040800234,2009-05-11,DAL vs. DEN,W,240,119,40,79,0.506,3,14,0.214,36,43,0.837,9,41,50,17,9,3,14,29,2.0
42008,1610612742,DAL,Dallas Mavericks,0040800233,2009-05-09,DAL vs. DEN,L,240,105,30,75,0.4,5,15,0.333,40,49,0.816,11,35,46,15,1,7,10,27,-1.0
42008,1610612742,DAL,Dallas Mavericks,0040800232,2009-05-05,DAL @ DEN,L,240,105,37,78,0.474,8,23,0.348,23,30,0.767,9,28,37,23,4,1,11,28,-12.0
42008,1610612742,DAL,Dallas Mavericks,0040800231,2009-05-03,DAL @ DEN,L,241,95,40,82,0.488,6,18,0.333,9,13,0.692,10,27,37,17,10,2,20,29,-14.0
42008,1610612742,DAL,Dallas Mavericks,0040800165,2009-04-28,DAL @ SAS,W,241,106,38,74,0.514,10,20,0.5,20,25,0.8,10,30,40,20,8,2,10,18,13.0
42008,1610612742,DAL,Dallas Mavericks,0040800164,2009-04-25,DAL vs. SAS,W,241,99,28,73,0.384,10,25,0.4,33,39,0.846,14,35,49,15,6,6,14,21,9.0
42008,1610612742,DAL,Dallas Mavericks,0040800163,2009-04-23,DAL vs. SAS,W,242,88,34,72,0.472,8,22,0.364,12,16,0.75,5,46,51,20,8,8,13,20,21.0
42008,1610612742,DAL,Dallas Mavericks,0040800162,2009-04-20,DAL @ SAS,L,240,84,29,72,0.403,6,18,0.333,20,23,0.87,5,23,28,17,9,4,10,17,-21.0
42008,1610612742,DAL,Dallas Mavericks,0040800161,2009-04-18,DAL @ SAS,W,241,105,42,78,0.538,5,17,0.294,16,17,0.941,10,29,39,14,5,3,7,17,8.0
22008,1610612742,DAL,Dallas Mavericks,0020801220,2009-04-15,DAL vs. HOU,W,241,95,37,77,0.481,6,13,0.462,15,19,0.789,6,35,41,24,3,4,11,23,11.0
22008,1610612742,DAL,Dallas Mavericks,0020801207,2009-04-13,DAL vs. MIN,W,240,96,32,71,0.451,8,20,0.4,24,27,0.889,7,33,40,19,7,5,11,12,2.0
22008,1610612742,DAL,Dallas Mavericks,0020801196,2009-04-12,DAL @ NOH,L,240,92,37,87,0.425,6,22,0.273,12,13,0.923,14,27,41,21,5,3,6,19,-10.0
22008,1610612742,DAL,Dallas Mavericks,0020801184,2009-04-10,DAL vs. NOH,W,240,100,34,85,0.4,5,24,0.208,27,33,0.818,20,34,54,24,5,2,8,18,8.0
22008,1610612742,DAL,Dallas Mavericks,0020801171,2009-04-08,DAL vs. UTA,W,238,130,45,82,0.549,11,24,0.458,29,33,0.879,12,35,47,26,16,5,14,28,29.0
22008,1610612742,DAL,Dallas Mavericks,0020801143,2009-04-05,DAL vs. PHX,W,241,140,51,85,0.6,15,25,0.6,23,25,0.92,12,25,37,34,6,7,16,29,24.0
22008,1610612742,DAL,Dallas Mavericks,0020801128,2009-04-03,DAL @ MEM,L,241,102,38,77,0.494,7,22,0.318,19,25,0.76,4,28,32,20,3,4,7,21,-5.0
22008,1610612742,DAL,Dallas Mavericks,0020801118,2009-04-01,DAL vs. MIA,W,239,98,33,72,0.458,9,26,0.346,23,26,0.885,7,30,37,21,7,5,11,22,2.0
22008,1610612742,DAL,Dallas Mavericks,0020801108,2009-03-31,DAL @ MIN,W,241,108,46,83,0.554,8,16,0.5,8,11,0.727,9,37,46,25,9,4,13,18,20.0
22008,1610612742,DAL,Dallas Mavericks,0020801091,2009-03-29,DAL @ CLE,L,242,74,29,80,0.363,5,17,0.294,11,17,0.647,9,34,43,23,3,8,13,16,-28.0
22008,1610612742,DAL,Dallas Mavericks,0020801080,2009-03-27,DAL vs. DEN,L,240,101,31,87,0.356,9,21,0.429,30,37,0.811,20,22,42,14,8,9,4,19,-2.0
22008,1610612742,DAL,Dallas Mavericks,0020801068,2009-03-25,DAL vs. GSW,W,240,128,48,82,0.585,4,15,0.267,28,32,0.875,8,36,44,27,11,2,14,20,22.0
22008,1610612742,DAL,Dallas Mavericks,0020801023,2009-03-20,DAL @ IND,W,239,94,35,83,0.422,5,14,0.357,19,25,0.76,6,37,43,18,7,7,4,19,2.0
22008,1610612742,DAL,Dallas Mavericks,0020801020,2009-03-19,DAL @ ATL,L,241,87,36,89,0.404,6,31,0.194,9,13,0.692,16,33,49,15,7,3,13,21,-8.0
22008,1610612742,DAL,Dallas Mavericks,0020801004,2009-03-17,DAL vs. DET,W,241,103,38,67,0.567,6,13,0.462,21,27,0.778,4,29,33,23,3,4,10,18,2.0
22008,1610612742,DAL,Dallas Mavericks,0020800991,2009-03-15,DAL @ LAL,L,240,100,33,83,0.398,13,34,0.382,21,30,0.7,13,27,40,21,11,4,11,20,-7.0
22008,1610612742,DAL,Dallas Mavericks,0020800978,2009-03-13,DAL @ GSW,L,240,110,44,103,0.427,9,27,0.333,13,16,0.813,17,33,50,27,4,5,10,25,-9.0
22008,1610612742,DAL,Dallas Mavericks,0020800964,2009-03-11,DAL @ POR,W,241,93,37,80,0.463,4,16,0.25,15,19,0.789,10,35,45,19,8,4,8,19,4.0
22008,1610612742,DAL,Dallas Mavericks,0020800952,2009-03-10,DAL @ PHX,W,240,122,47,88,0.534,10,27,0.37,18,20,0.9,13,33,46,15,7,4,13,19,5.0
22008,1610612742,DAL,Dallas Mavericks,0020800932,2009-03-07,DAL vs. WAS,W,239,119,43,79,0.544,8,17,0.471,25,31,0.806,9,26,35,29,12,4,13,23,16.0
22008,1610612742,DAL,Dallas Mavericks,0020800915,2009-03-05,DAL @ NOH,L,242,88,30,76,0.395,5,21,0.238,23,26,0.885,12,23,35,12,4,1,9,24,-16.0
22008,1610612742,DAL,Dallas Mavericks,0020800911,2009-03-04,DAL vs. SAS,W,241,107,37,69,0.536,9,19,0.474,24,27,0.889,6,29,35,25,3,9,9,19,5.0
22008,1610612742,DAL,Dallas Mavericks,0020800895,2009-03-02,DAL @ OKC,L,240,87,34,80,0.425,7,24,0.292,12,14,0.857,9,25,34,17,11,2,12,15,-9.0
22008,1610612742,DAL,Dallas Mavericks,0020800890,2009-03-01,DAL vs. TOR,W,238,109,41,93,0.441,7,23,0.304,20,24,0.833,20,37,57,28,5,3,14,23,11.0
22008,1610612742,DAL,Dallas Mavericks,0020800870,2009-02-27,DAL vs. OKC,W,263,110,42,94,0.447,4,21,0.19,22,27,0.815,15,37,52,28,7,6,12,21,2.0
22008,1610612742,DAL,Dallas Mavericks,0020800856,2009-02-25,DAL vs. MIL,W,241,116,39,73,0.534,8,16,0.5,30,32,0.938,13,38,51,23,9,11,22,18,20.0
22008,1610612742,DAL,Dallas Mavericks,0020800848,2009-02-24,DAL @ SAS,L,239,76,27,79,0.342,3,19,0.158,19,25,0.76,13,33,46,10,2,3,12,21,-17.0
22008,1610612742,DAL,Dallas Mavericks,0020800824,2009-02-21,DAL vs. SAC,W,241,116,44,82,0.537,5,13,0.385,23,32,0.719,8,41,49,28,13,6,16,14,21.0
22008,1610612742,DAL,Dallas Mavericks,0020800817,2009-02-20,DAL @ HOU,L,239,86,34,86,0.395,8,19,0.421,10,15,0.667,10,28,38,16,11,3,13,19,-7.0
22008,1610612742,DAL,Dallas Mavericks,0020800804,2009-02-18,DAL vs. NJN,W,239,113,42,77,0.545,10,14,0.714,19,26,0.731,8,28,36,30,6,4,9,16,15.0
22008,1610612742,DAL,Dallas Mavericks,0020800786,2009-02-12,DAL vs. BOS,L,241,92,32,81,0.395,7,17,0.412,21,24,0.875,8,23,31,16,8,6,8,26,-7.0
22008,1610612742,DAL,Dallas Mavericks,0020800770,2009-02-10,DAL vs. SAC,W,239,118,47,85,0.553,5,12,0.417,19,22,0.864,11,36,47,28,12,6,14,24,18.0
22008,1610612742,DAL,Dallas Mavericks,0020800747,2009-02-07,DAL vs. CHI,W,266,115,45,97,0.464,7,17,0.412,18,22,0.818,14,33,47,25,9,11,10,23,1.0
22008,1610612742,DAL,Dallas Mavericks,0020800733,2009-02-05,DAL @ UTA,L,238,87,34,85,0.4,3,13,0.231,16,19,0.842,8,24,32,21,12,3,14,16,-28.0
22008,1610612742,DAL,Dallas Mavericks,0020800729,2009-02-04,DAL vs. POR,W,240,104,43,78,0.551,5,14,0.357,13,14,0.929,5,28,33,28,7,7,12,21,5.0
22008,1610612742,DAL,Dallas Mavericks,0020800706,2009-02-02,DAL @ ORL,W,240,105,39,73,0.534,5,14,0.357,22,25,0.88,6,32,38,19,6,4,15,27,10.0
22008,1610612742,DAL,Dallas Mavericks,0020800694,2009-01-31,DAL @ MIA,W,240,111,47,78,0.603,7,16,0.438,10,12,0.833,4,31,35,22,9,4,15,22,15.0
22008,1610612742,DAL,Dallas Mavericks,0020800676,2009-01-28,DAL vs. GSW,W,239,117,44,89,0.494,8,14,0.571,21,26,0.808,14,39,53,25,6,8,16,18,24.0
22008,1610612742,DAL,Dallas Mavericks,0020800646,2009-01-25,DAL @ BOS,L,240,100,32,76,0.421,6,20,0.3,30,36,0.833,12,28,40,12,3,8,14,14,-24.0
22008,1610612742,DAL,Dallas Mavericks,0020800631,2009-01-23,DAL @ DET,W,240,112,45,82,0.549,6,14,0.429,16,21,0.762,9,26,35,28,10,8,8,21,21.0
22008,1610612742,DAL,Dallas Mavericks,0020800621,2009-01-21,DAL @ MIL,L,239,99,30,82,0.366,5,11,0.455,34,39,0.872,9,24,33,13,4,3,7,22,-34.0
22008,1610612742,DAL,Dallas Mavericks,0020800602,2009-01-19,DAL @ PHI,W,240,95,35,76,0.461,8,20,0.4,17,20,0.85,6,33,39,16,10,2,16,25,2.0
22008,1610612742,DAL,Dallas Mavericks,0020800596,2009-01-17,DAL vs. UTA,W,240,115,43,85,0.506,6,18,0.333,23,26,0.885,15,27,42,27,11,2,14,20,7.0
22008,1610612742,DAL,Dallas Mavericks,0020800573,2009-01-14,DAL vs. NOH,L,240,97,37,74,0.5,9,23,0.391,14,14,1.0,6,32,38,21,1,4,14,20,-7.0
22008,1610612742,DAL,Dallas Mavericks,0020800563,2009-01-13,DAL @ DEN,L,240,97,35,85,0.412,7,23,0.304,20,24,0.833,14,33,47,18,7,8,16,25,-2.0
22008,1610612742,DAL,Dallas Mavericks,0020800551,2009-01-11,DAL @ SAC,L,240,95,39,86,0.453,3,20,0.15,14,15,0.933,11,29,40,15,6,10,13,13,-7.0
22008,1610612742,DAL,Dallas Mavericks,0020800539,2009-01-09,DAL @ PHX,L,241,100,37,85,0.435,9,20,0.45,17,20,0.85,15,17,32,17,6,3,11,15,-28.0
22008,1610612742,DAL,Dallas Mavericks,0020800526,2009-01-08,DAL vs. NYK,W,239,99,38,81,0.469,10,27,0.37,13,19,0.684,11,32,43,24,14,8,17,14,5.0
22008,1610612742,DAL,Dallas Mavericks,0020800512,2009-01-06,DAL vs. LAC,W,240,107,41,87,0.471,8,28,0.286,17,19,0.895,8,29,37,29,8,6,9,27,5.0
22008,1610612742,DAL,Dallas Mavericks,0020800498,2009-01-04,DAL @ MEM,L,239,82,32,76,0.421,5,18,0.278,13,17,0.765,10,24,34,15,4,10,11,18,-20.0
22008,1610612742,DAL,Dallas Mavericks,0020800483,2009-01-02,DAL vs. PHI,W,240,96,36,79,0.456,8,22,0.364,16,18,0.889,8,32,40,27,7,6,10,17,10.0
22008,1610612742,DAL,Dallas Mavericks,0020800463,2008-12-30,DAL vs. MIN,W,240,107,40,85,0.471,10,24,0.417,17,24,0.708,17,25,42,26,8,8,8,7,7.0
22008,1610612742,DAL,Dallas Mavericks,0020800445,2008-12-28,DAL @ LAC,W,240,98,35,84,0.417,9,22,0.409,19,21,0.905,14,39,53,21,5,6,10,19,22.0
22008,1610612742,DAL,Dallas Mavericks,0020800433,2008-12-26,DAL @ UTA,L,240,88,33,81,0.407,7,24,0.292,15,17,0.882,12,27,39,18,10,5,15,22,-9.0
22008,1610612742,DAL,Dallas Mavericks,0020800425,2008-12-25,DAL @ POR,W,242,102,40,82,0.488,7,21,0.333,15,18,0.833,16,26,42,21,5,3,13,22,8.0
22008,1610612742,DAL,Dallas Mavericks,0020800418,2008-12-23,DAL vs. MEM,W,241,100,41,82,0.5,7,19,0.368,11,14,0.786,11,38,49,28,7,8,15,17,18.0
22008,1610612742,DAL,Dallas Mavericks,0020800401,2008-12-21,DAL @ WAS,W,239,97,40,87,0.46,5,30,0.167,12,14,0.857,17,29,46,23,10,5,13,15,11.0
22008,1610612742,DAL,Dallas Mavericks,0020800381,2008-12-19,DAL @ NJN,L,238,97,32,77,0.416,8,21,0.381,25,29,0.862,7,29,36,22,5,7,14,16,-24.0
22008,1610612742,DAL,Dallas Mavericks,0020800369,2008-12-17,DAL @ TOR,W,241,96,39,78,0.5,9,23,0.391,9,10,0.9,8,39,47,21,2,4,13,16,10.0
22008,1610612742,DAL,Dallas Mavericks,0020800356,2008-12-15,DAL vs. DEN,L,239,88,29,83,0.349,10,30,0.333,20,24,0.833,13,35,48,20,8,7,13,15,-10.0
22008,1610612742,DAL,Dallas Mavericks,0020800341,2008-12-13,DAL vs. OKC,W,239,103,41,81,0.506,7,20,0.35,14,20,0.7,9,29,38,24,4,6,12,16,4.0
22008,1610612742,DAL,Dallas Mavericks,0020800324,2008-12-11,DAL vs. CHA,W,241,95,36,80,0.45,8,20,0.4,15,16,0.938,9,29,38,25,6,1,7,11,5.0
22008,1610612742,DAL,Dallas Mavericks,0020800309,2008-12-09,DAL vs. SAS,L,290,126,48,93,0.516,9,24,0.375,21,28,0.75,9,39,48,28,3,4,13,20,-7.0
22008,1610612742,DAL,Dallas Mavericks,0020800293,2008-12-06,DAL vs. ATL,W,240,100,40,84,0.476,3,16,0.188,17,21,0.81,14,34,48,19,8,2,16,22,2.0
22008,1610612742,DAL,Dallas Mavericks,0020800274,2008-12-04,DAL vs. PHX,W,241,112,45,88,0.511,7,17,0.412,15,20,0.75,15,33,48,25,7,7,14,21,15.0
22008,1610612742,DAL,Dallas Mavericks,0020800259,2008-12-02,DAL vs. LAC,W,238,100,39,87,0.448,8,23,0.348,14,19,0.737,13,31,44,21,8,6,9,11,2.0
22008,1610612742,DAL,Dallas Mavericks,0020800245,2008-11-29,DAL @ SAC,W,242,101,36,83,0.434,7,17,0.412,22,26,0.846,12,34,46,20,7,4,12,18,23.0
22008,1610612742,DAL,Dallas Mavericks,0020800235,2008-11-28,DAL @ LAL,L,241,107,43,84,0.512,13,29,0.448,8,9,0.889,8,28,36,32,9,4,14,16,-7.0
22008,1610612742,DAL,Dallas Mavericks,0020800208,2008-11-25,DAL vs. IND,W,241,109,41,85,0.482,5,19,0.263,22,28,0.786,11,32,43,23,9,7,10,19,3.0
22008,1610612742,DAL,Dallas Mavericks,0020800177,2008-11-21,DAL vs. MEM,W,240,91,30,75,0.4,8,18,0.444,23,26,0.885,10,41,51,19,7,5,17,19,15.0
22008,1610612742,DAL,Dallas Mavericks,0020800162,2008-11-19,DAL @ HOU,W,242,96,35,77,0.455,6,17,0.353,20,26,0.769,5,41,46,17,7,5,16,22,10.0
22008,1610612742,DAL,Dallas Mavericks,0020800149,2008-11-18,DAL @ CHA,W,240,100,38,76,0.5,4,17,0.235,20,27,0.741,12,38,50,20,5,9,17,22,17.0
22008,1610612742,DAL,Dallas Mavericks,0020800142,2008-11-16,DAL @ NYK,W,265,124,47,107,0.439,7,17,0.412,23,31,0.742,18,40,58,22,11,4,9,17,10.0
22008,1610612742,DAL,Dallas Mavericks,0020800128,2008-11-14,DAL vs. ORL,L,240,100,38,87,0.437,5,16,0.313,19,23,0.826,16,38,54,17,11,5,16,22,-2.0
22008,1610612742,DAL,Dallas Mavericks,0020800118,2008-11-13,DAL @ CHI,L,239,91,32,87,0.368,4,15,0.267,23,30,0.767,16,38,54,15,3,7,13,22,-7.0
22008,1610612742,DAL,Dallas Mavericks,0020800102,2008-11-11,DAL vs. LAL,L,238,99,36,86,0.419,6,22,0.273,21,28,0.75,20,34,54,20,10,9,21,21,-7.0
22008,1610612742,DAL,Dallas Mavericks,0020800087,2008-11-09,DAL @ LAC,L,240,92,36,87,0.414,3,18,0.167,17,23,0.739,11,33,44,21,11,2,12,19,-11.0
22008,1610612742,DAL,Dallas Mavericks,0020800076,2008-11-07,DAL @ DEN,L,240,105,39,96,0.406,13,35,0.371,14,16,0.875,17,33,50,24,6,8,17,29,-3.0
22008,1610612742,DAL,Dallas Mavericks,0020800050,2008-11-04,DAL @ SAS,W,240,98,43,81,0.531,7,17,0.412,5,5,1.0,9,36,45,22,4,1,7,15,17.0
22008,1610612742,DAL,Dallas Mavericks,0020800046,2008-11-03,DAL vs. CLE,L,240,81,29,71,0.408,3,15,0.2,20,26,0.769,9,26,35,16,5,3,14,20,-19.0
22008,1610612742,DAL,Dallas Mavericks,0020800032,2008-11-01,DAL @ MIN,W,240,95,37,83,0.446,5,16,0.313,16,20,0.8,7,31,38,18,10,4,11,20,10.0
22008,1610612742,DAL,Dallas Mavericks,0020800017,2008-10-30,DAL vs. HOU,L,240,102,35,84,0.417,4,16,0.25,28,34,0.824,10,30,40,23,7,5,8,22,-10.0
12008,1610612742,DAL,Dallas Mavericks,0010800109,2008-10-23,DAL vs. IND,L,241,91,33,86,0.384,4,15,0.267,21,24,0.875,10,40,50,18,4,6,22,22,-23.0
12008,1610612742,DAL,Dallas Mavericks,0010800093,2008-10-21,DAL vs. CHI,L,240,105,45,84,0.536,5,14,0.357,10,19,0.526,8,31,39,27,8,7,20,27,-4.0
12008,1610612742,DAL,Dallas Mavericks,0010800078,2008-10-18,DAL vs. SAC,W,241,124,43,78,0.551,8,18,0.444,30,40,0.75,5,32,37,25,10,6,16,27,15.0
12008,1610612742,DAL,Dallas Mavericks,0010800063,2008-10-16,DAL @ DET,L,241,81,26,68,0.382,7,16,0.438,22,30,0.733,7,34,41,13,3,2,17,27,-4.0
12008,1610612742,DAL,Dallas Mavericks,0010800054,2008-10-15,DAL @ IND,L,240,93,33,84,0.393,4,21,0.19,23,37,0.622,11,32,43,15,11,11,14,22,-7.0
12008,1610612742,DAL,Dallas Mavericks,0010800033,2008-10-10,DAL @ MIL,W,241,105,35,73,0.479,14,25,0.56,21,28,0.75,12,30,42,25,5,2,11,24,22.0
12008,1610612742,DAL,Dallas Mavericks,0010800021,2008-10-09,DAL @ CHI,W,239,110,42,91,0.462,4,10,0.4,22,28,0.786,13,28,41,21,15,6,14,32,8.0
12008,1610612742,DAL,Dallas Mavericks,0010800008,2008-10-07,DAL vs. WAS,W,243,108,44,83,0.53,5,16,0.313,15,28,0.536,12,43,55,26,10,8,24,19,26.0
42007,1610612742,DAL,Dallas Mavericks,0040700155,2008-04-29,DAL @ NOH,L,241,94,35,82,0.427,9,26,0.346,15,19,0.789,15,26,41,25,2,3,8,18,-5.0
42007,1610612742,DAL,Dallas Mavericks,0040700154,2008-04-27,DAL vs. NOH,L,239,84,32,89,0.36,8,25,0.32,12,16,0.75,16,31,47,12,2,4,8,19,-13.0
42007,1610612742,DAL,Dallas Mavericks,0040700153,2008-04-25,DAL vs. NOH,W,239,97,32,75,0.427,5,17,0.294,28,38,0.737,14,38,52,20,6,7,7,16,10.0
42007,1610612742,DAL,Dallas Mavericks,0040700152,2008-04-22,DAL @ NOH,L,240,103,33,70,0.471,7,14,0.5,30,39,0.769,10,28,38,21,6,1,15,28,-24.0
42007,1610612742,DAL,Dallas Mavericks,0040700151,2008-04-19,DAL @ NOH,L,240,92,26,78,0.333,7,22,0.318,33,38,0.868,17,31,48,19,4,5,14,22,-12.0
22007,1610612742,DAL,Dallas Mavericks,0020701227,2008-04-16,DAL vs. NOH,W,239,111,39,89,0.438,10,27,0.37,23,25,0.92,14,31,45,21,3,2,6,17,13.0
22007,1610612742,DAL,Dallas Mavericks,0020701202,2008-04-13,DAL @ SEA,L,240,95,36,89,0.404,7,22,0.318,16,19,0.842,12,35,47,23,3,3,8,25,-4.0
22007,1610612742,DAL,Dallas Mavericks,0020701195,2008-04-12,DAL @ POR,L,240,105,40,80,0.5,7,19,0.368,18,23,0.783,9,24,33,29,3,0,8,18,-3.0
22007,1610612742,DAL,Dallas Mavericks,0020701174,2008-04-10,DAL vs. UTA,W,239,97,33,74,0.446,8,15,0.533,23,25,0.92,7,28,35,17,6,8,6,14,3.0
22007,1610612742,DAL,Dallas Mavericks,0020701160,2008-04-08,DAL vs. SEA,W,240,99,39,77,0.506,7,16,0.438,14,17,0.824,4,39,43,27,2,4,7,19,16.0
22007,1610612742,DAL,Dallas Mavericks,0020701144,2008-04-06,DAL @ PHX,W,240,105,41,87,0.471,1,10,0.1,22,25,0.88,13,31,44,18,8,7,6,21,7.0
22007,1610612742,DAL,Dallas Mavericks,0020701135,2008-04-04,DAL @ LAL,L,240,108,43,82,0.524,6,18,0.333,16,24,0.667,13,26,39,19,5,1,8,26,-4.0
22007,1610612742,DAL,Dallas Mavericks,0020701120,2008-04-02,DAL vs. GSW,W,241,111,45,94,0.479,7,21,0.333,14,16,0.875,17,39,56,35,10,6,11,15,25.0
22007,1610612742,DAL,Dallas Mavericks,0020701104,2008-03-31,DAL @ LAC,W,241,93,33,74,0.446,4,15,0.267,23,30,0.767,5,26,31,17,11,5,13,28,7.0
22007,1610612742,DAL,Dallas Mavericks,0020701096,2008-03-30,DAL @ GSW,L,241,104,35,78,0.449,6,17,0.353,28,32,0.875,9,28,37,28,5,3,13,27,-10.0
22007,1610612742,DAL,Dallas Mavericks,0020701071,2008-03-27,DAL @ DEN,L,241,105,41,81,0.506,6,23,0.261,17,26,0.654,13,26,39,30,8,1,17,23,-13.0
22007,1610612742,DAL,Dallas Mavericks,0020701055,2008-03-25,DAL vs. LAC,W,239,103,36,82,0.439,5,17,0.294,26,31,0.839,18,32,50,16,9,1,14,20,13.0
22007,1610612742,DAL,Dallas Mavericks,0020701040,2008-03-23,DAL vs. SAS,L,240,81,33,76,0.434,6,20,0.3,9,11,0.818,3,40,43,16,3,10,10,26,-7.0
22007,1610612742,DAL,Dallas Mavericks,0020701017,2008-03-20,DAL vs. BOS,L,240,90,33,84,0.393,6,18,0.333,18,24,0.75,9,42,51,19,2,12,14,22,-4.0
22007,1610612742,DAL,Dallas Mavericks,0020701003,2008-03-18,DAL vs. LAL,L,239,100,32,72,0.444,6,17,0.353,30,38,0.789,8,35,43,15,6,11,14,22,-2.0
22007,1610612742,DAL,Dallas Mavericks,0020700984,2008-03-16,DAL @ MIA,W,239,98,38,75,0.507,6,17,0.353,16,21,0.762,9,33,42,19,10,4,16,19,25.0
22007,1610612742,DAL,Dallas Mavericks,0020700973,2008-03-14,DAL vs. IND,W,240,116,47,81,0.58,11,23,0.478,11,17,0.647,8,36,44,31,3,6,14,27,19.0
22007,1610612742,DAL,Dallas Mavericks,0020700960,2008-03-12,DAL vs. CHA,W,239,118,43,80,0.538,10,24,0.417,22,26,0.846,9,38,47,34,9,9,12,21,25.0
22007,1610612742,DAL,Dallas Mavericks,0020700944,2008-03-10,DAL vs. NYK,W,241,108,41,78,0.526,2,6,0.333,24,31,0.774,8,46,54,32,9,6,14,20,29.0
22007,1610612742,DAL,Dallas Mavericks,0020700931,2008-03-08,DAL vs. NJN,W,239,111,37,78,0.474,9,13,0.692,28,33,0.848,14,39,53,26,5,5,16,30,20.0
22007,1610612742,DAL,Dallas Mavericks,0020700911,2008-03-06,DAL vs. HOU,L,240,98,37,83,0.446,7,12,0.583,17,23,0.739,13,28,41,20,1,4,12,20,-15.0
22007,1610612742,DAL,Dallas Mavericks,0020700887,2008-03-03,DAL @ UTA,L,239,110,37,74,0.5,7,17,0.412,29,34,0.853,7,25,32,18,4,3,14,23,-6.0
22007,1610612742,DAL,Dallas Mavericks,0020700876,2008-03-02,DAL @ LAL,L,264,104,38,103,0.369,11,27,0.407,17,25,0.68,17,36,53,23,7,2,10,29,-4.0
22007,1610612742,DAL,Dallas Mavericks,0020700865,2008-02-29,DAL vs. SAC,W,241,115,46,94,0.489,5,12,0.417,18,20,0.9,15,34,49,24,6,6,8,20,9.0
22007,1610612742,DAL,Dallas Mavericks,0020700856,2008-02-28,DAL @ SAS,L,240,94,32,74,0.432,4,14,0.286,26,31,0.839,9,35,44,17,4,3,11,19,-3.0
22007,1610612742,DAL,Dallas Mavericks,0020700833,2008-02-25,DAL vs. CHI,W,241,102,39,81,0.481,9,14,0.643,15,17,0.882,10,36,46,21,10,9,21,22,8.0
22007,1610612742,DAL,Dallas Mavericks,0020700828,2008-02-24,DAL @ MIN,W,240,99,36,80,0.45,5,20,0.25,22,27,0.815,10,33,43,24,8,4,13,12,16.0
22007,1610612742,DAL,Dallas Mavericks,0020700810,2008-02-22,DAL @ MEM,W,239,98,38,76,0.5,9,19,0.474,13,18,0.722,13,34,47,32,12,2,21,22,15.0
22007,1610612742,DAL,Dallas Mavericks,0020700795,2008-02-20,DAL @ NOH,L,241,93,33,73,0.452,4,15,0.267,23,27,0.852,10,30,40,13,9,2,17,22,-11.0
22007,1610612742,DAL,Dallas Mavericks,0020700779,2008-02-14,DAL @ PHX,L,241,97,36,90,0.4,7,17,0.412,18,25,0.72,20,25,45,8,5,4,13,24,-12.0
22007,1610612742,DAL,Dallas Mavericks,0020700774,2008-02-13,DAL vs. POR,W,240,96,36,83,0.434,4,17,0.235,20,23,0.87,17,30,47,18,3,5,11,17,20.0
22007,1610612742,DAL,Dallas Mavericks,0020700752,2008-02-11,DAL @ PHI,L,240,76,27,77,0.351,6,23,0.261,16,21,0.762,11,35,46,21,6,4,14,16,-8.0
22007,1610612742,DAL,Dallas Mavericks,0020700746,2008-02-10,DAL @ NJN,L,239,82,31,85,0.365,2,18,0.111,18,23,0.783,15,26,41,16,5,1,9,26,-19.0
22007,1610612742,DAL,Dallas Mavericks,0020700733,2008-02-08,DAL vs. MEM,W,240,92,37,84,0.44,6,23,0.261,12,15,0.8,10,39,49,23,4,2,6,24,11.0
22007,1610612742,DAL,Dallas Mavericks,0020700718,2008-02-06,DAL vs. MIL,W,241,107,39,80,0.488,4,16,0.25,25,31,0.806,12,30,42,26,7,4,9,19,11.0
22007,1610612742,DAL,Dallas Mavericks,0020700699,2008-02-04,DAL @ ORL,W,241,107,41,80,0.513,5,10,0.5,20,25,0.8,13,34,47,18,5,1,7,20,9.0
22007,1610612742,DAL,Dallas Mavericks,0020700697,2008-02-03,DAL @ DET,L,241,67,23,76,0.303,2,14,0.143,19,24,0.792,11,31,42,11,3,3,9,14,-23.0
22007,1610612742,DAL,Dallas Mavericks,0020700676,2008-01-31,DAL @ BOS,L,239,90,31,70,0.443,4,22,0.182,24,28,0.857,11,29,40,20,4,7,13,27,-6.0
22007,1610612742,DAL,Dallas Mavericks,0020700652,2008-01-28,DAL @ MEM,W,239,103,43,80,0.538,5,12,0.417,12,15,0.8,6,41,47,17,4,2,11,25,19.0
22007,1610612742,DAL,Dallas Mavericks,0020700647,2008-01-27,DAL vs. DEN,W,241,90,35,77,0.455,3,15,0.2,17,20,0.85,11,34,45,18,10,7,16,23,5.0
22007,1610612742,DAL,Dallas Mavericks,0020700633,2008-01-25,DAL vs. LAL,W,241,112,39,82,0.476,5,16,0.313,29,36,0.806,13,28,41,13,7,3,8,29,7.0
22007,1610612742,DAL,Dallas Mavericks,0020700611,2008-01-23,DAL @ CHA,W,241,102,39,82,0.476,3,17,0.176,21,25,0.84,10,33,43,18,4,6,6,20,7.0
22007,1610612742,DAL,Dallas Mavericks,0020700596,2008-01-21,DAL @ WAS,L,240,84,31,75,0.413,5,18,0.278,17,19,0.895,11,29,40,15,4,6,16,17,-18.0
22007,1610612742,DAL,Dallas Mavericks,0020700591,2008-01-19,DAL vs. SEA,W,240,111,46,89,0.517,8,19,0.421,11,18,0.611,13,34,47,28,9,8,14,21,15.0
22007,1610612742,DAL,Dallas Mavericks,0020700552,2008-01-14,DAL @ SAC,L,239,120,44,77,0.571,11,17,0.647,21,26,0.808,10,26,36,28,3,7,19,29,-2.0
22007,1610612742,DAL,Dallas Mavericks,0020700540,2008-01-12,DAL @ LAC,W,240,95,33,73,0.452,6,16,0.375,23,29,0.793,11,30,41,20,4,2,10,26,1.0
22007,1610612742,DAL,Dallas Mavericks,0020700533,2008-01-11,DAL @ SEA,W,242,90,34,83,0.41,3,13,0.231,19,21,0.905,15,37,52,13,6,6,11,14,20.0
22007,1610612742,DAL,Dallas Mavericks,0020700516,2008-01-09,DAL vs. DET,W,240,102,42,74,0.568,10,16,0.625,8,11,0.727,7,31,38,19,3,5,13,16,16.0
22007,1610612742,DAL,Dallas Mavericks,0020700492,2008-01-06,DAL @ MIN,W,242,101,38,82,0.463,6,20,0.3,19,24,0.792,15,29,44,22,10,6,9,20,23.0
22007,1610612742,DAL,Dallas Mavericks,0020700481,2008-01-04,DAL vs. MIA,W,241,94,33,75,0.44,8,19,0.421,20,27,0.741,5,29,34,20,9,5,12,24,5.0
22007,1610612742,DAL,Dallas Mavericks,0020700466,2008-01-02,DAL vs. GSW,W,241,121,43,80,0.538,8,16,0.5,27,32,0.844,11,39,50,28,5,7,10,28,22.0
22007,1610612742,DAL,Dallas Mavericks,0020700434,2007-12-29,DAL vs. ATL,W,239,97,32,73,0.438,7,13,0.538,26,35,0.743,11,33,44,19,11,6,15,25,13.0
22007,1610612742,DAL,Dallas Mavericks,0020700419,2007-12-27,DAL vs. CLE,L,241,81,27,74,0.365,4,20,0.2,23,31,0.742,6,39,45,14,8,8,13,20,-7.0
22007,1610612742,DAL,Dallas Mavericks,0020700416,2007-12-26,DAL @ UTA,L,239,90,32,75,0.427,9,26,0.346,17,21,0.81,9,31,40,22,5,3,18,22,-9.0
22007,1610612742,DAL,Dallas Mavericks,0020700388,2007-12-21,DAL vs. LAC,W,240,102,38,69,0.551,8,16,0.5,18,23,0.783,6,34,40,21,5,4,14,19,13.0
22007,1610612742,DAL,Dallas Mavericks,0020700375,2007-12-19,DAL vs. PHX,W,241,108,40,87,0.46,6,16,0.375,22,25,0.88,19,30,49,19,11,8,16,17,3.0
22007,1610612742,DAL,Dallas Mavericks,0020700359,2007-12-17,DAL vs. ORL,W,239,111,42,80,0.525,4,16,0.25,23,25,0.92,8,33,41,27,3,4,8,18,3.0
22007,1610612742,DAL,Dallas Mavericks,0020700347,2007-12-15,DAL @ HOU,W,241,96,36,71,0.507,7,15,0.467,17,18,0.944,8,21,29,21,14,2,12,15,13.0
22007,1610612742,DAL,Dallas Mavericks,0020700336,2007-12-14,DAL vs. NOH,W,240,89,35,74,0.473,3,8,0.375,16,20,0.8,12,33,45,22,5,7,17,20,9.0
22007,1610612742,DAL,Dallas Mavericks,0020700314,2007-12-12,DAL @ TOR,L,242,76,30,78,0.385,4,14,0.286,12,20,0.6,15,29,44,17,3,2,11,19,-16.0
22007,1610612742,DAL,Dallas Mavericks,0020700303,2007-12-10,DAL @ NYK,W,241,99,36,67,0.537,8,19,0.421,19,29,0.655,7,27,34,21,5,9,9,18,10.0
22007,1610612742,DAL,Dallas Mavericks,0020700292,2007-12-08,DAL vs. UTA,W,240,125,43,72,0.597,9,16,0.563,30,35,0.857,12,19,31,25,7,5,13,20,8.0
22007,1610612742,DAL,Dallas Mavericks,0020700274,2007-12-06,DAL vs. DEN,L,238,109,36,87,0.414,7,22,0.318,30,34,0.882,16,38,54,22,3,3,18,26,-13.0
22007,1610612742,DAL,Dallas Mavericks,0020700269,2007-12-05,DAL @ SAS,L,240,95,31,69,0.449,4,12,0.333,29,35,0.829,4,34,38,15,7,2,14,24,-2.0
22007,1610612742,DAL,Dallas Mavericks,0020700253,2007-12-03,DAL @ CHI,W,241,103,36,74,0.486,7,19,0.368,24,25,0.96,5,36,41,20,5,9,13,25,5.0
22007,1610612742,DAL,Dallas Mavericks,0020700238,2007-12-01,DAL @ NOH,L,265,108,39,90,0.433,6,20,0.3,24,26,0.923,12,33,45,25,4,4,9,26,-4.0
22007,1610612742,DAL,Dallas Mavericks,0020700230,2007-11-30,DAL vs. POR,W,240,91,37,82,0.451,4,9,0.444,13,14,0.929,11,32,43,23,5,3,11,21,11.0
22007,1610612742,DAL,Dallas Mavericks,0020700215,2007-11-28,DAL vs. MIN,W,240,109,38,76,0.5,1,10,0.1,32,39,0.821,12,32,44,21,7,2,12,22,6.0
22007,1610612742,DAL,Dallas Mavericks,0020700199,2007-11-26,DAL vs. WAS,L,240,98,33,84,0.393,3,21,0.143,29,29,1.0,13,30,43,19,5,6,12,28,-12.0
22007,1610612742,DAL,Dallas Mavericks,0020700190,2007-11-24,DAL @ MIL,L,241,95,38,84,0.452,9,22,0.409,10,17,0.588,12,26,38,26,7,6,8,28,-2.0
22007,1610612742,DAL,Dallas Mavericks,0020700175,2007-11-23,DAL @ IND,L,240,107,35,84,0.417,3,19,0.158,34,38,0.895,14,32,46,14,4,5,11,28,-4.0
22007,1610612742,DAL,Dallas Mavericks,0020700160,2007-11-21,DAL @ HOU,W,240,100,38,88,0.432,4,10,0.4,20,24,0.833,13,34,47,15,7,5,10,15,6.0
22007,1610612742,DAL,Dallas Mavericks,0020700154,2007-11-20,DAL vs. TOR,W,241,105,37,75,0.493,8,21,0.381,23,28,0.821,9,32,41,17,4,5,8,20,6.0
22007,1610612742,DAL,Dallas Mavericks,0020700138,2007-11-17,DAL vs. MEM,W,239,108,39,82,0.476,2,8,0.25,28,40,0.7,14,32,46,19,10,6,14,22,3.0
22007,1610612742,DAL,Dallas Mavericks,0020700117,2007-11-15,DAL vs. SAS,W,239,105,38,73,0.521,7,16,0.438,22,30,0.733,9,32,41,20,11,4,13,26,13.0
22007,1610612742,DAL,Dallas Mavericks,0020700100,2007-11-13,DAL vs. PHI,W,240,99,37,83,0.446,6,19,0.316,19,27,0.704,11,36,47,25,9,8,12,17,15.0
22007,1610612742,DAL,Dallas Mavericks,0020700085,2007-11-10,DAL @ POR,L,241,82,29,82,0.354,4,16,0.25,20,21,0.952,14,31,45,13,3,2,13,24,-9.0
22007,1610612742,DAL,Dallas Mavericks,0020700065,2007-11-08,DAL @ GSW,W,240,120,42,84,0.5,10,24,0.417,26,30,0.867,10,39,49,25,1,5,12,29,5.0
22007,1610612742,DAL,Dallas Mavericks,0020700043,2007-11-05,DAL vs. HOU,W,240,107,36,77,0.468,8,18,0.444,27,28,0.964,8,35,43,23,5,6,12,20,9.0
22007,1610612742,DAL,Dallas Mavericks,0020700033,2007-11-03,DAL vs. SAC,W,241,123,45,69,0.652,7,14,0.5,26,29,0.897,7,24,31,29,5,5,14,22,21.0
22007,1610612742,DAL,Dallas Mavericks,0020700019,2007-11-02,DAL @ ATL,L,240,94,35,80,0.438,4,24,0.167,20,25,0.8,7,31,38,14,4,10,10,25,-7.0
22007,1610612742,DAL,Dallas Mavericks,0020700008,2007-10-31,DAL @ CLE,W,240,92,33,69,0.478,9,18,0.5,17,20,0.85,5,31,36,23,6,8,16,17,18.0
12007,1610612742,DAL,Dallas Mavericks,0010700097,2007-10-23,DAL vs. CHI,W,240,96,29,69,0.42,3,13,0.231,35,43,0.814,10,39,49,16,5,7,17,24,8.0
12007,1610612742,DAL,Dallas Mavericks,0010700086,2007-10-21,DAL vs. NOH,W,240,103,39,77,0.506,6,15,0.4,19,24,0.792,11,36,47,18,5,5,16,26,6.0
12007,1610612742,DAL,Dallas Mavericks,0010700074,2007-10-19,DAL vs. DET,W,240,122,49,90,0.544,6,12,0.5,18,22,0.818,9,40,49,26,9,0,10,29,28.0
12007,1610612742,DAL,Dallas Mavericks,0010700064,2007-10-18,DAL @ HOU,L,238,90,33,76,0.434,5,12,0.417,19,22,0.864,6,25,31,19,8,1,15,25,-14.0
12007,1610612742,DAL,Dallas Mavericks,0010700053,2007-10-16,DAL @ SAC,W,242,101,32,74,0.432,6,16,0.375,31,37,0.838,15,29,44,18,6,2,22,34,6.0
12007,1610612742,DAL,Dallas Mavericks,0010700035,2007-10-13,DAL @ WAS,L,239,86,29,68,0.426,3,8,0.375,25,30,0.833,7,35,42,15,6,7,21,27,-4.0
12007,1610612742,DAL,Dallas Mavericks,0010700034,2007-10-12,DAL @ CHI,L,241,92,34,78,0.436,3,16,0.188,21,29,0.724,8,28,36,19,6,2,13,27,-8.0
12007,1610612742,DAL,Dallas Mavericks,0010700013,2007-10-09,DAL vs. SAS,W,240,88,33,70,0.471,3,5,0.6,19,23,0.826,3,41,44,15,11,7,12,17,21.0
42006,1610612742,DAL,Dallas Mavericks,0040600146,2007-05-03,DAL @ GSW,L,240,86,32,85,0.376,12,37,0.324,10,13,0.769,10,28,38,20,4,2,15,26,-25.0
42006,1610612742,DAL,Dallas Mavericks,0040600145,2007-05-01,DAL vs. GSW,W,241,118,40,79,0.506,10,21,0.476,28,36,0.778,11,33,44,22,7,2,14,23,7.0
42006,1610612742,DAL,Dallas Mavericks,0040600144,2007-04-29,DAL @ GSW,L,239,99,35,80,0.438,9,25,0.36,20,26,0.769,15,34,49,18,6,8,16,28,-4.0
42006,1610612742,DAL,Dallas Mavericks,0040600143,2007-04-27,DAL @ GSW,L,241,91,31,80,0.388,4,15,0.267,25,37,0.676,17,27,44,16,9,3,16,25,-18.0
42006,1610612742,DAL,Dallas Mavericks,0040600142,2007-04-25,DAL vs. GSW,W,242,112,37,76,0.487,1,16,0.063,37,43,0.86,12,29,41,15,14,9,15,23,13.0
42006,1610612742,DAL,Dallas Mavericks,0040600141,2007-04-22,DAL vs. GSW,L,238,85,30,85,0.353,6,19,0.316,19,25,0.76,19,31,50,16,10,6,13,18,-12.0
22006,1610612742,DAL,Dallas Mavericks,0020601229,2007-04-18,DAL @ SEA,W,241,106,43,81,0.531,4,13,0.308,16,18,0.889,10,28,38,26,7,5,9,21,31.0
22006,1610612742,DAL,Dallas Mavericks,0020601216,2007-04-17,DAL @ GSW,L,240,82,28,76,0.368,2,12,0.167,24,34,0.706,14,36,50,9,4,7,15,28,-29.0
22006,1610612742,DAL,Dallas Mavericks,0020601194,2007-04-15,DAL vs. SAS,W,239,91,34,77,0.442,3,11,0.273,20,27,0.741,7,30,37,16,7,4,12,22,5.0
22006,1610612742,DAL,Dallas Mavericks,0020601183,2007-04-13,DAL vs. UTA,L,240,89,33,74,0.446,5,18,0.278,18,27,0.667,7,19,26,18,10,3,8,25,-15.0
22006,1610612742,DAL,Dallas Mavericks,0020601169,2007-04-11,DAL @ MIN,W,241,105,41,86,0.477,9,23,0.391,14,22,0.636,16,32,48,24,7,0,12,20,17.0
22006,1610612742,DAL,Dallas Mavericks,0020601153,2007-04-09,DAL vs. LAC,W,241,96,33,66,0.5,5,8,0.625,25,29,0.862,8,25,33,17,10,4,13,18,10.0
22006,1610612742,DAL,Dallas Mavericks,0020601140,2007-04-07,DAL vs. POR,W,241,86,34,67,0.507,2,7,0.286,16,28,0.571,8,38,46,15,8,7,18,18,12.0
22006,1610612742,DAL,Dallas Mavericks,0020601132,2007-04-06,DAL @ DEN,L,239,71,30,83,0.361,3,17,0.176,8,11,0.727,13,36,49,20,5,5,16,23,-4.0
22006,1610612742,DAL,Dallas Mavericks,0020601106,2007-04-03,DAL @ SAC,W,240,97,36,78,0.462,5,20,0.25,20,23,0.87,10,32,42,18,5,7,17,28,4.0
22006,1610612742,DAL,Dallas Mavericks,0020601092,2007-04-01,DAL @ PHX,L,240,104,36,79,0.456,9,18,0.5,23,24,0.958,13,17,30,17,3,0,9,24,-22.0
22006,1610612742,DAL,Dallas Mavericks,0020601079,2007-03-30,DAL vs. NYK,W,239,105,30,78,0.385,10,22,0.455,35,39,0.897,16,20,36,20,10,6,16,25,2.0
22006,1610612742,DAL,Dallas Mavericks,0020601065,2007-03-28,DAL vs. MIL,W,241,105,39,87,0.448,11,28,0.393,16,21,0.762,12,29,41,24,6,3,12,21,2.0
22006,1610612742,DAL,Dallas Mavericks,0020601055,2007-03-27,DAL @ NOK,W,239,105,44,80,0.55,7,14,0.5,10,13,0.769,11,25,36,22,8,4,12,22,16.0
22006,1610612742,DAL,Dallas Mavericks,0020601036,2007-03-25,DAL @ ATL,W,239,104,36,68,0.529,7,13,0.538,25,30,0.833,5,34,39,23,9,3,16,32,7.0
22006,1610612742,DAL,Dallas Mavericks,0020601024,2007-03-23,DAL @ BOS,W,241,109,44,78,0.564,7,13,0.538,14,17,0.824,7,34,41,28,5,8,9,25,14.0
22006,1610612742,DAL,Dallas Mavericks,0020601010,2007-03-21,DAL @ CLE,W,240,98,37,78,0.474,7,19,0.368,17,17,1.0,3,36,39,25,6,4,14,24,8.0
22006,1610612742,DAL,Dallas Mavericks,0020600999,2007-03-20,DAL @ NYK,W,239,92,34,64,0.531,3,10,0.3,21,27,0.778,4,36,40,16,4,5,14,19,15.0
22006,1610612742,DAL,Dallas Mavericks,0020600989,2007-03-18,DAL @ DET,W,240,92,32,65,0.492,4,11,0.364,24,29,0.828,6,33,39,13,5,3,14,21,4.0
22006,1610612742,DAL,Dallas Mavericks,0020600975,2007-03-16,DAL vs. BOS,W,240,106,37,73,0.507,2,10,0.2,30,33,0.909,8,31,39,17,3,9,13,18,5.0
22006,1610612742,DAL,Dallas Mavericks,0020600965,2007-03-14,DAL vs. PHX,L,289,127,47,104,0.452,10,18,0.556,23,31,0.742,27,28,55,18,8,3,18,29,-2.0
22006,1610612742,DAL,Dallas Mavericks,0020600947,2007-03-12,DAL @ GSW,L,238,100,33,78,0.423,7,20,0.35,27,35,0.771,20,30,50,21,8,3,23,25,-17.0
22006,1610612742,DAL,Dallas Mavericks,0020600941,2007-03-11,DAL @ LAL,W,240,108,38,79,0.481,8,16,0.5,24,28,0.857,10,36,46,18,12,2,12,19,36.0
22006,1610612742,DAL,Dallas Mavericks,0020600903,2007-03-06,DAL vs. NJN,W,241,102,40,82,0.488,7,17,0.412,15,16,0.938,10,32,42,18,5,6,13,22,13.0
22006,1610612742,DAL,Dallas Mavericks,0020600884,2007-03-03,DAL vs. ORL,W,240,103,38,71,0.535,9,21,0.429,18,24,0.75,7,25,32,32,7,4,9,22,5.0
22006,1610612742,DAL,Dallas Mavericks,0020600865,2007-03-01,DAL vs. CLE,W,240,95,38,80,0.475,4,12,0.333,15,19,0.789,12,32,44,22,4,7,14,17,3.0
22006,1610612742,DAL,Dallas Mavericks,0020600854,2007-02-27,DAL @ MIN,W,240,91,37,82,0.451,8,20,0.4,9,12,0.75,14,40,54,18,3,8,14,18,27.0
22006,1610612742,DAL,Dallas Mavericks,0020600846,2007-02-26,DAL vs. ATL,W,240,110,44,81,0.543,7,14,0.5,15,23,0.652,11,25,36,23,8,4,8,19,23.0
22006,1610612742,DAL,Dallas Mavericks,0020600830,2007-02-24,DAL vs. DEN,W,239,115,45,88,0.511,4,9,0.444,21,28,0.75,11,34,45,22,12,7,17,25,20.0
22006,1610612742,DAL,Dallas Mavericks,0020600813,2007-02-22,DAL vs. MIA,W,241,112,39,72,0.542,6,15,0.4,28,34,0.824,6,35,41,22,5,4,14,21,12.0
22006,1610612742,DAL,Dallas Mavericks,0020600788,2007-02-15,DAL @ HOU,W,239,80,30,72,0.417,5,13,0.385,15,24,0.625,9,34,43,11,8,3,13,24,3.0
22006,1610612742,DAL,Dallas Mavericks,0020600770,2007-02-13,DAL @ MIL,W,241,99,37,76,0.487,7,15,0.467,18,22,0.818,12,31,43,24,5,3,13,23,6.0
22006,1610612742,DAL,Dallas Mavericks,0020600761,2007-02-11,DAL @ PHI,W,239,106,39,75,0.52,7,15,0.467,21,28,0.75,7,34,41,28,9,4,8,18,17.0
22006,1610612742,DAL,Dallas Mavericks,0020600746,2007-02-09,DAL vs. HOU,W,242,95,36,80,0.45,6,14,0.429,17,22,0.773,14,41,55,24,6,3,11,20,21.0
22006,1610612742,DAL,Dallas Mavericks,0020600733,2007-02-07,DAL vs. MEM,W,241,113,41,88,0.466,8,15,0.533,23,30,0.767,15,22,37,30,14,10,8,27,16.0
22006,1610612742,DAL,Dallas Mavericks,0020600705,2007-02-03,DAL vs. MIN,W,240,94,32,77,0.416,5,26,0.192,25,29,0.862,16,30,46,16,7,4,12,16,1.0
22006,1610612742,DAL,Dallas Mavericks,0020600680,2007-01-31,DAL @ MEM,W,235,95,34,80,0.425,3,11,0.273,24,25,0.96,12,32,44,15,6,5,11,20,1.0
22006,1610612742,DAL,Dallas Mavericks,0020600673,2007-01-30,DAL vs. SEA,W,234,122,42,77,0.545,12,23,0.522,26,30,0.867,9,24,33,25,9,3,9,14,20.0
22006,1610612742,DAL,Dallas Mavericks,0020600651,2007-01-27,DAL vs. SAC,W,233,106,40,76,0.526,6,15,0.4,20,24,0.833,9,31,40,21,6,6,15,22,2.0
22006,1610612742,DAL,Dallas Mavericks,0020600632,2007-01-25,DAL @ CHI,L,235,85,29,93,0.312,7,23,0.304,20,23,0.87,19,26,45,16,8,7,8,15,-11.0
22006,1610612742,DAL,Dallas Mavericks,0020600617,2007-01-23,DAL @ ORL,W,234,111,43,77,0.558,8,21,0.381,17,20,0.85,4,31,35,26,7,3,7,29,16.0
22006,1610612742,DAL,Dallas Mavericks,0020600602,2007-01-21,DAL @ MIA,W,235,99,41,88,0.466,4,16,0.25,13,17,0.765,14,34,48,19,5,2,11,21,6.0
22006,1610612742,DAL,Dallas Mavericks,0020600580,2007-01-18,DAL vs. LAL,W,240,114,48,88,0.545,5,18,0.278,13,15,0.867,19,34,53,27,8,8,19,20,19.0
22006,1610612742,DAL,Dallas Mavericks,0020600566,2007-01-16,DAL vs. HOU,W,240,109,41,84,0.488,11,26,0.423,16,17,0.941,15,29,44,24,5,5,12,16,13.0
22006,1610612742,DAL,Dallas Mavericks,0020600552,2007-01-14,DAL @ TOR,W,240,97,35,87,0.402,10,23,0.435,17,19,0.895,14,27,41,20,10,4,11,17,1.0
22006,1610612742,DAL,Dallas Mavericks,0020600531,2007-01-12,DAL @ IND,W,265,115,37,88,0.42,6,20,0.3,35,45,0.778,16,31,47,16,7,7,9,32,2.0
22006,1610612742,DAL,Dallas Mavericks,0020600524,2007-01-10,DAL vs. POR,W,240,99,35,68,0.515,10,16,0.625,19,20,0.95,8,32,40,23,8,4,14,23,25.0
22006,1610612742,DAL,Dallas Mavericks,0020600513,2007-01-09,DAL @ UTA,W,240,108,37,70,0.529,5,13,0.385,29,35,0.829,8,25,33,14,7,3,21,26,3.0
22006,1610612742,DAL,Dallas Mavericks,0020600504,2007-01-07,DAL @ LAL,L,240,98,38,90,0.422,7,20,0.35,15,21,0.714,14,27,41,16,9,6,9,21,-3.0
22006,1610612742,DAL,Dallas Mavericks,0020600484,2007-01-05,DAL @ SAS,W,240,90,35,77,0.455,4,14,0.286,16,20,0.8,10,31,41,16,5,4,10,25,5.0
22006,1610612742,DAL,Dallas Mavericks,0020600477,2007-01-04,DAL vs. IND,W,239,100,38,82,0.463,4,8,0.5,20,24,0.833,11,27,38,13,11,4,12,23,9.0
22006,1610612742,DAL,Dallas Mavericks,0020600464,2007-01-02,DAL vs. SEA,W,240,112,35,80,0.438,8,23,0.348,34,43,0.791,21,37,58,15,5,4,7,21,24.0
22006,1610612742,DAL,Dallas Mavericks,0020600455,2006-12-31,DAL @ DEN,W,240,89,34,81,0.42,5,26,0.192,16,21,0.762,12,37,49,23,7,8,21,23,4.0
22006,1610612742,DAL,Dallas Mavericks,0020600448,2006-12-30,DAL vs. NOK,W,240,94,35,79,0.443,5,12,0.417,19,24,0.792,6,32,38,23,5,6,9,23,14.0
22006,1610612742,DAL,Dallas Mavericks,0020600426,2006-12-28,DAL vs. PHX,W,240,101,35,85,0.412,8,19,0.421,23,29,0.793,15,26,41,21,12,2,18,22,2.0
22006,1610612742,DAL,Dallas Mavericks,0020600409,2006-12-26,DAL vs. CHA,W,240,97,37,76,0.487,5,16,0.313,18,24,0.75,9,34,43,20,6,4,14,22,13.0
22006,1610612742,DAL,Dallas Mavericks,0020600388,2006-12-22,DAL vs. LAC,W,240,115,42,82,0.512,15,27,0.556,16,21,0.762,10,34,44,25,5,4,10,20,32.0
22006,1610612742,DAL,Dallas Mavericks,0020600376,2006-12-20,DAL @ SEA,W,240,103,35,73,0.479,4,14,0.286,29,34,0.853,15,24,39,23,6,8,17,20,8.0
22006,1610612742,DAL,Dallas Mavericks,0020600361,2006-12-18,DAL @ SAC,W,240,109,42,80,0.525,9,22,0.409,16,19,0.842,7,32,39,22,8,4,10,25,18.0
22006,1610612742,DAL,Dallas Mavericks,0020600347,2006-12-16,DAL @ NOK,W,240,90,37,87,0.425,6,16,0.375,10,11,0.909,11,39,50,19,3,4,9,17,11.0
22006,1610612742,DAL,Dallas Mavericks,0020600335,2006-12-15,DAL vs. PHI,W,240,93,34,73,0.466,8,17,0.471,17,17,1.0,7,29,36,19,6,5,13,18,14.0
22006,1610612742,DAL,Dallas Mavericks,0020600324,2006-12-13,DAL vs. LAL,W,240,110,39,65,0.6,4,11,0.364,28,33,0.848,7,32,39,23,8,7,19,28,9.0
22006,1610612742,DAL,Dallas Mavericks,0020600307,2006-12-11,DAL @ UTA,L,238,79,26,69,0.377,3,20,0.15,24,32,0.75,6,20,26,8,8,8,14,27,-22.0
22006,1610612742,DAL,Dallas Mavericks,0020600293,2006-12-09,DAL vs. DEN,W,241,105,41,83,0.494,5,13,0.385,18,22,0.818,19,32,51,22,8,7,22,24,15.0
22006,1610612742,DAL,Dallas Mavericks,0020600272,2006-12-07,DAL vs. DET,L,240,82,31,74,0.419,4,14,0.286,16,22,0.727,7,29,36,13,7,3,14,16,-10.0
22006,1610612742,DAL,Dallas Mavericks,0020600255,2006-12-05,DAL @ NJN,W,217,92,32,78,0.41,6,16,0.375,22,24,0.917,10,33,43,21,10,8,12,25,17.0
22006,1610612742,DAL,Dallas Mavericks,0020600248,2006-12-04,DAL @ WAS,L,240,97,31,79,0.392,10,21,0.476,25,31,0.806,12,27,39,20,6,7,9,17,-9.0
22006,1610612742,DAL,Dallas Mavericks,0020600230,2006-12-01,DAL vs. SAC,W,240,109,37,76,0.487,11,21,0.524,24,27,0.889,9,40,49,26,9,8,18,26,19.0
22006,1610612742,DAL,Dallas Mavericks,0020600216,2006-11-29,DAL vs. TOR,W,240,117,45,84,0.536,11,20,0.55,16,25,0.64,11,37,48,24,2,3,7,20,19.0
22006,1610612742,DAL,Dallas Mavericks,0020600201,2006-11-27,DAL vs. MIN,W,240,93,34,72,0.472,3,13,0.231,22,25,0.88,11,29,40,17,6,8,15,21,6.0
22006,1610612742,DAL,Dallas Mavericks,0020600191,2006-11-25,DAL vs. NOK,W,269,85,26,67,0.388,3,17,0.176,30,41,0.732,8,38,46,14,9,3,17,23,12.0
22006,1610612742,DAL,Dallas Mavericks,0020600179,2006-11-24,DAL @ SAS,W,240,95,38,76,0.5,7,16,0.438,12,15,0.8,9,32,41,23,10,2,19,24,3.0
22006,1610612742,DAL,Dallas Mavericks,0020600155,2006-11-21,DAL vs. WAS,W,240,107,39,98,0.398,14,34,0.412,15,17,0.882,21,36,57,23,3,8,10,24,27.0
22006,1610612742,DAL,Dallas Mavericks,0020600144,2006-11-20,DAL @ CHA,W,240,93,32,82,0.39,5,11,0.455,24,37,0.649,16,32,48,17,7,6,11,22,8.0
22006,1610612742,DAL,Dallas Mavericks,0020600137,2006-11-18,DAL vs. MEM,W,240,89,31,67,0.463,9,17,0.529,18,24,0.75,7,41,48,22,4,6,18,30,5.0
22006,1610612742,DAL,Dallas Mavericks,0020600124,2006-11-17,DAL @ MEM,W,240,115,39,83,0.47,6,20,0.3,31,37,0.838,15,25,40,22,5,6,8,22,12.0
22006,1610612742,DAL,Dallas Mavericks,0020600105,2006-11-14,DAL vs. CHI,W,240,111,40,80,0.5,7,23,0.304,24,24,1.0,11,35,46,20,1,11,9,24,12.0
22006,1610612742,DAL,Dallas Mavericks,0020600095,2006-11-12,DAL @ POR,W,240,103,38,69,0.551,7,17,0.412,20,23,0.87,9,23,32,21,6,3,14,24,7.0
22006,1610612742,DAL,Dallas Mavericks,0020600070,2006-11-09,DAL @ PHX,W,240,119,40,73,0.548,6,13,0.462,33,37,0.892,14,23,37,14,13,3,18,28,7.0
22006,1610612742,DAL,Dallas Mavericks,0020600067,2006-11-08,DAL @ LAC,L,240,85,32,82,0.39,6,23,0.261,15,20,0.75,9,29,38,15,5,6,14,24,-18.0
22006,1610612742,DAL,Dallas Mavericks,0020600048,2006-11-06,DAL vs. GSW,L,240,104,38,83,0.458,11,30,0.367,17,22,0.773,11,28,39,23,10,3,12,22,-3.0
22006,1610612742,DAL,Dallas Mavericks,0020600036,2006-11-04,DAL @ HOU,L,170,76,29,70,0.414,4,12,0.333,14,19,0.737,11,23,34,13,1,3,22,24,-31.0
22006,1610612742,DAL,Dallas Mavericks,0020600016,2006-11-02,DAL vs. SAS,L,240,91,38,88,0.432,5,16,0.313,10,16,0.625,13,26,39,15,5,7,11,28,-6.0
12006,1610612742,DAL,Dallas Mavericks,0010600120,2006-10-27,DAL @ SAS,L,240,79,29,76,0.382,4,11,0.364,17,25,0.68,11,26,37,13,7,4,15,15,
12006,1610612742,DAL,Dallas Mavericks,0010600107,2006-10-25,DAL @ CLE,W,240,83,29,72,0.403,2,10,0.2,23,31,0.742,10,25,35,14,8,3,10,21,
12006,1610612742,DAL,Dallas Mavericks,0010600084,2006-10-21,DAL vs. WAS,W,240,93,29,76,0.382,5,19,0.263,30,32,0.938,17,33,50,20,10,8,17,30,
12006,1610612742,DAL,Dallas Mavericks,0010600070,2006-10-19,DAL vs. MIL,W,240,88,32,77,0.416,6,21,0.286,18,24,0.75,10,42,52,20,7,5,17,23,
12006,1610612742,DAL,Dallas Mavericks,0010600056,2006-10-17,DAL vs. HOU,L,240,69,26,76,0.342,6,16,0.375,11,20,0.55,11,33,44,14,8,9,18,24,
12006,1610612742,DAL,Dallas Mavericks,0010600039,2006-10-14,DAL @ MIL,L,240,78,24,77,0.312,5,18,0.278,25,34,0.735,15,32,47,16,5,5,24,25,
12006,1610612742,DAL,Dallas Mavericks,0010600025,2006-10-12,DAL vs. SAC,L,240,90,29,73,0.397,4,15,0.267,28,34,0.824,8,35,43,17,3,6,21,30,
12006,1610612742,DAL,Dallas Mavericks,0010600010,2006-10-10,DAL @ NOK,L,240,81,31,76,0.408,2,15,0.133,17,24,0.708,11,37,48,19,4,5,17,29,
42005,1610612742,DAL,Dallas Mavericks,0040500406,2006-06-20,DAL vs. MIA,L,239,92,34,92,0.37,5,22,0.227,19,23,0.826,16,34,50,16,12,7,13,28,-3.0
42005,1610612742,DAL,Dallas Mavericks,0040500405,2006-06-18,DAL @ MIA,L,265,100,37,81,0.457,5,19,0.263,21,25,0.84,11,31,42,13,3,0,14,38,-1.0
42005,1610612742,DAL,Dallas Mavericks,0040500404,2006-06-15,DAL @ MIA,L,241,74,25,79,0.316,3,22,0.136,21,27,0.778,11,25,36,10,6,3,13,24,-24.0
42005,1610612742,DAL,Dallas Mavericks,0040500403,2006-06-13,DAL @ MIA,L,239,96,36,75,0.48,6,16,0.375,18,26,0.692,7,27,34,15,9,2,15,29,-2.0
42005,1610612742,DAL,Dallas Mavericks,0040500402,2006-06-11,DAL vs. MIA,W,239,99,34,70,0.486,8,19,0.421,23,28,0.821,9,37,46,23,5,5,18,27,14.0
42005,1610612742,DAL,Dallas Mavericks,0040500401,2006-06-08,DAL vs. MIA,W,239,90,32,72,0.444,6,18,0.333,20,26,0.769,7,36,43,18,9,3,14,18,10.0
42005,1610612742,DAL,Dallas Mavericks,0040500316,2006-06-03,DAL @ PHX,W,241,102,37,78,0.474,3,20,0.15,25,31,0.806,10,29,39,10,11,4,12,22,9.0
42005,1610612742,DAL,Dallas Mavericks,0040500315,2006-06-01,DAL vs. PHX,W,240,117,42,89,0.472,9,17,0.529,24,28,0.857,16,33,49,24,5,5,9,23,16.0
42005,1610612742,DAL,Dallas Mavericks,0040500314,2006-05-30,DAL @ PHX,L,240,86,33,79,0.418,4,13,0.308,16,22,0.727,11,30,41,11,5,2,14,22,-20.0
42005,1610612742,DAL,Dallas Mavericks,0040500313,2006-05-28,DAL @ PHX,W,240,95,39,95,0.411,4,15,0.267,13,17,0.765,19,29,48,16,8,4,5,16,7.0
42005,1610612742,DAL,Dallas Mavericks,0040500312,2006-05-26,DAL vs. PHX,W,240,105,38,80,0.475,4,11,0.364,25,36,0.694,11,37,48,17,4,4,8,12,7.0
42005,1610612742,DAL,Dallas Mavericks,0040500311,2006-05-24,DAL vs. PHX,L,240,118,47,93,0.505,3,16,0.188,21,23,0.913,18,30,48,13,9,2,16,26,-3.0
42005,1610612742,DAL,Dallas Mavericks,0040500227,2006-05-22,DAL @ SAS,W,265,119,42,81,0.519,7,17,0.412,28,31,0.903,9,32,41,15,3,5,11,32,8.0
42005,1610612742,DAL,Dallas Mavericks,0040500226,2006-05-19,DAL vs. SAS,L,240,86,32,83,0.386,5,14,0.357,17,20,0.85,12,30,42,15,7,8,15,29,-5.0
42005,1610612742,DAL,Dallas Mavericks,0040500225,2006-05-17,DAL @ SAS,L,240,97,39,77,0.506,3,12,0.25,16,19,0.842,10,28,38,12,5,5,12,26,-1.0
42005,1610612742,DAL,Dallas Mavericks,0040500224,2006-05-15,DAL vs. SAS,W,265,123,45,90,0.5,5,12,0.417,28,32,0.875,13,26,39,18,2,7,12,26,5.0
42005,1610612742,DAL,Dallas Mavericks,0040500223,2006-05-13,DAL vs. SAS,W,240,104,32,66,0.485,1,5,0.2,39,50,0.78,12,27,39,12,3,5,14,26,1.0
42005,1610612742,DAL,Dallas Mavericks,0040500222,2006-05-09,DAL @ SAS,W,240,113,36,78,0.462,6,13,0.462,35,43,0.814,10,29,39,12,10,3,6,27,22.0
42005,1610612742,DAL,Dallas Mavericks,0040500221,2006-05-07,DAL @ SAS,L,240,85,32,77,0.416,2,7,0.286,19,28,0.679,13,34,47,8,9,7,12,24,-2.0
42005,1610612742,DAL,Dallas Mavericks,0040500174,2006-05-01,DAL @ MEM,W,240,102,39,79,0.494,7,12,0.583,17,17,1.0,12,33,45,21,6,6,12,26,26.0
42005,1610612742,DAL,Dallas Mavericks,0040500173,2006-04-29,DAL @ MEM,W,265,94,35,85,0.412,5,20,0.25,19,22,0.864,17,33,50,17,4,4,10,28,5.0
42005,1610612742,DAL,Dallas Mavericks,0040500172,2006-04-26,DAL vs. MEM,W,240,94,31,69,0.449,4,14,0.286,28,36,0.778,11,26,37,18,5,5,12,31,15.0
42005,1610612742,DAL,Dallas Mavericks,0040500171,2006-04-23,DAL vs. MEM,W,240,103,34,74,0.459,5,13,0.385,30,35,0.857,15,25,40,17,12,3,14,27,10.0
22005,1610612742,DAL,Dallas Mavericks,0020501226,2006-04-19,DAL vs. LAC,L,240,71,26,70,0.371,1,5,0.2,18,33,0.545,10,31,41,6,8,8,10,19,-14.0
22005,1610612742,DAL,Dallas Mavericks,0020501200,2006-04-16,DAL vs. UTA,W,240,111,29,68,0.426,7,13,0.538,46,55,0.836,18,23,41,19,12,2,14,26,16.0
22005,1610612742,DAL,Dallas Mavericks,0020501176,2006-04-13,DAL @ PHX,L,240,104,38,86,0.442,4,16,0.25,24,31,0.774,19,31,50,13,8,5,15,18,-13.0
22005,1610612742,DAL,Dallas Mavericks,0020501173,2006-04-12,DAL @ GSW,L,240,102,38,86,0.442,5,20,0.25,21,25,0.84,14,24,38,20,12,4,15,30,-12.0
22005,1610612742,DAL,Dallas Mavericks,0020501155,2006-04-10,DAL @ LAC,W,240,75,28,75,0.373,3,13,0.231,16,18,0.889,14,31,45,15,2,6,13,24,2.0
22005,1610612742,DAL,Dallas Mavericks,0020501136,2006-04-08,DAL vs. NOK,W,241,101,39,79,0.494,7,14,0.5,16,21,0.762,15,33,48,24,8,5,14,17,24.0
22005,1610612742,DAL,Dallas Mavericks,0020501128,2006-04-07,DAL @ SAS,W,240,92,36,70,0.514,3,7,0.429,17,22,0.773,4,30,34,13,6,8,9,21,6.0
22005,1610612742,DAL,Dallas Mavericks,0020501104,2006-04-04,DAL vs. SAC,W,241,127,49,80,0.613,4,10,0.4,25,28,0.893,15,29,44,29,2,5,14,20,26.0
22005,1610612742,DAL,Dallas Mavericks,0020501087,2006-04-02,DAL vs. DEN,W,240,103,37,71,0.521,3,10,0.3,26,32,0.813,10,32,42,16,8,7,17,24,24.0
22005,1610612742,DAL,Dallas Mavericks,0020501069,2006-03-31,DAL @ ORL,L,240,99,36,81,0.444,6,26,0.231,21,25,0.84,8,25,33,17,8,5,12,23,-8.0
22005,1610612742,DAL,Dallas Mavericks,0020501057,2006-03-29,DAL @ CLE,L,240,94,29,67,0.433,2,14,0.143,34,41,0.829,12,24,36,13,7,5,10,21,-13.0
22005,1610612742,DAL,Dallas Mavericks,0020501048,2006-03-28,DAL @ DET,L,240,90,35,71,0.493,5,15,0.333,15,16,0.938,9,29,38,17,3,5,13,21,-7.0
22005,1610612742,DAL,Dallas Mavericks,0020501028,2006-03-25,DAL @ ATL,W,240,98,36,81,0.444,3,8,0.375,23,26,0.885,8,34,42,14,7,9,6,21,15.0
22005,1610612742,DAL,Dallas Mavericks,0020501014,2006-03-23,DAL vs. GSW,L,240,121,40,74,0.541,6,15,0.4,35,38,0.921,11,32,43,24,4,7,20,25,-1.0
22005,1610612742,DAL,Dallas Mavericks,0020500997,2006-03-21,DAL vs. HOU,W,240,88,30,74,0.405,4,13,0.308,24,28,0.857,15,26,41,12,8,7,11,22,16.0
22005,1610612742,DAL,Dallas Mavericks,0020500979,2006-03-19,DAL @ NJN,L,240,89,30,74,0.405,4,14,0.286,25,28,0.893,11,29,40,19,7,4,17,23,-11.0
22005,1610612742,DAL,Dallas Mavericks,0020500964,2006-03-17,DAL @ WAS,W,240,104,40,80,0.5,5,11,0.455,19,22,0.864,18,27,45,23,8,8,11,17,10.0
22005,1610612742,DAL,Dallas Mavericks,0020500957,2006-03-15,DAL @ HOU,W,240,95,37,71,0.521,5,8,0.625,16,20,0.8,8,28,36,20,6,8,12,23,14.0
22005,1610612742,DAL,Dallas Mavericks,0020500946,2006-03-14,DAL vs. CLE,W,240,91,36,85,0.424,2,10,0.2,17,23,0.739,14,31,45,17,4,5,8,14,4.0
22005,1610612742,DAL,Dallas Mavericks,0020500934,2006-03-12,DAL @ SAC,L,240,80,32,88,0.364,4,17,0.235,12,16,0.75,13,32,45,14,6,10,9,19,-5.0
22005,1610612742,DAL,Dallas Mavericks,0020500924,2006-03-11,DAL @ UTA,W,240,90,34,71,0.479,6,14,0.429,16,25,0.64,6,31,37,17,8,7,12,28,3.0
22005,1610612742,DAL,Dallas Mavericks,0020500908,2006-03-09,DAL @ POR,W,240,109,36,65,0.554,6,15,0.4,31,35,0.886,5,25,30,22,5,4,10,27,17.0
22005,1610612742,DAL,Dallas Mavericks,0020500895,2006-03-07,DAL vs. POR,W,240,93,29,75,0.387,6,15,0.4,29,32,0.906,11,32,43,16,9,3,10,19,6.0
22005,1610612742,DAL,Dallas Mavericks,0020500877,2006-03-05,DAL vs. PHX,L,240,107,45,86,0.523,4,14,0.286,13,15,0.867,10,27,37,19,7,4,12,16,-8.0
22005,1610612742,DAL,Dallas Mavericks,0020500862,2006-03-03,DAL vs. CHA,W,240,90,36,78,0.462,4,10,0.4,14,21,0.667,16,41,57,16,4,6,20,20,14.0
22005,1610612742,DAL,Dallas Mavericks,0020500856,2006-03-02,DAL @ SAS,L,240,89,32,79,0.405,3,16,0.188,22,25,0.88,13,29,42,10,4,6,15,28,-9.0
22005,1610612742,DAL,Dallas Mavericks,0020500833,2006-02-27,DAL vs. PHI,W,240,104,36,79,0.456,9,17,0.529,23,27,0.852,14,31,45,23,8,1,12,23,12.0
22005,1610612742,DAL,Dallas Mavericks,0020500814,2006-02-25,DAL vs. TOR,W,265,115,41,90,0.456,8,21,0.381,25,32,0.781,18,27,45,24,4,7,9,23,2.0
22005,1610612742,DAL,Dallas Mavericks,0020500801,2006-02-23,DAL vs. MEM,W,240,97,38,77,0.494,6,10,0.6,15,21,0.714,12,29,41,19,7,10,8,17,10.0
22005,1610612742,DAL,Dallas Mavericks,0020500785,2006-02-21,DAL vs. LAC,W,239,93,33,77,0.429,1,8,0.125,26,36,0.722,12,32,44,16,10,3,17,17,2.0
22005,1610612742,DAL,Dallas Mavericks,0020500773,2006-02-15,DAL vs. WAS,W,240,103,39,82,0.476,7,19,0.368,18,24,0.75,13,28,41,20,4,5,14,22,6.0
22005,1610612742,DAL,Dallas Mavericks,0020500755,2006-02-13,DAL vs. NYK,W,240,100,29,73,0.397,8,19,0.421,34,37,0.919,11,27,38,22,10,9,11,21,28.0
22005,1610612742,DAL,Dallas Mavericks,0020500734,2006-02-10,DAL @ DEN,L,240,104,41,80,0.513,8,23,0.348,14,17,0.824,9,27,36,28,7,4,24,21,-9.0
22005,1610612742,DAL,Dallas Mavericks,0020500723,2006-02-09,DAL vs. MIA,W,240,112,45,80,0.563,11,16,0.688,11,13,0.846,8,28,36,24,9,6,12,15,36.0
22005,1610612742,DAL,Dallas Mavericks,0020500709,2006-02-07,DAL vs. LAL,W,240,102,34,69,0.493,4,11,0.364,30,44,0.682,13,34,47,15,7,7,13,18,15.0
22005,1610612742,DAL,Dallas Mavericks,0020500691,2006-02-04,DAL vs. SEA,W,240,110,43,91,0.473,6,17,0.353,18,21,0.857,17,33,50,25,7,2,12,21,19.0
22005,1610612742,DAL,Dallas Mavericks,0020500668,2006-02-01,DAL @ MEM,W,240,81,30,71,0.423,2,11,0.182,19,23,0.826,10,35,45,13,9,6,14,26,1.0
22005,1610612742,DAL,Dallas Mavericks,0020500659,2006-01-31,DAL vs. CHI,W,240,98,30,75,0.4,7,17,0.412,31,36,0.861,10,31,41,19,11,3,13,23,4.0
22005,1610612742,DAL,Dallas Mavericks,0020500637,2006-01-28,DAL vs. UTA,W,240,103,36,65,0.554,7,13,0.538,24,32,0.75,10,23,33,17,9,7,15,26,14.0
22005,1610612742,DAL,Dallas Mavericks,0020500618,2006-01-26,DAL @ SEA,W,240,104,35,81,0.432,9,25,0.36,25,30,0.833,17,27,44,20,6,8,8,21,7.0
22005,1610612742,DAL,Dallas Mavericks,0020500615,2006-01-25,DAL @ GSW,W,240,102,37,87,0.425,6,16,0.375,22,28,0.786,16,34,50,20,6,5,9,24,9.0
22005,1610612742,DAL,Dallas Mavericks,0020500590,2006-01-22,DAL @ POR,W,265,95,33,82,0.402,5,13,0.385,24,33,0.727,15,30,45,15,9,4,10,20,6.0
22005,1610612742,DAL,Dallas Mavericks,0020500574,2006-01-20,DAL @ LAC,W,240,101,39,79,0.494,6,14,0.429,17,21,0.81,13,31,44,21,8,5,14,17,20.0
22005,1610612742,DAL,Dallas Mavericks,0020500557,2006-01-18,DAL @ HOU,W,240,103,34,68,0.5,11,17,0.647,24,31,0.774,10,28,38,25,8,9,15,17,27.0
22005,1610612742,DAL,Dallas Mavericks,0020500546,2006-01-16,DAL vs. MIL,W,240,114,40,77,0.519,6,10,0.6,28,36,0.778,14,28,42,20,9,6,11,24,19.0
22005,1610612742,DAL,Dallas Mavericks,0020500527,2006-01-14,DAL vs. NJN,W,241,110,40,76,0.526,8,15,0.533,22,31,0.71,8,28,36,22,12,7,13,16,33.0
22005,1610612742,DAL,Dallas Mavericks,0020500503,2006-01-11,DAL @ NYK,L,264,115,46,87,0.529,4,15,0.267,19,23,0.826,10,27,37,18,9,5,13,26,-2.0
22005,1610612742,DAL,Dallas Mavericks,0020500488,2006-01-09,DAL @ BOS,W,240,104,31,74,0.419,12,22,0.545,30,42,0.714,13,28,41,18,7,7,11,28,2.0
22005,1610612742,DAL,Dallas Mavericks,0020500478,2006-01-07,DAL vs. MIN,W,240,83,30,85,0.353,5,15,0.333,18,26,0.692,19,27,46,12,10,7,14,20,4.0
22005,1610612742,DAL,Dallas Mavericks,0020500468,2006-01-06,DAL @ DEN,W,265,114,42,86,0.488,6,18,0.333,24,32,0.75,14,34,48,24,3,10,16,31,2.0
22005,1610612742,DAL,Dallas Mavericks,0020500452,2006-01-04,DAL @ MIN,L,240,78,29,78,0.372,2,11,0.182,18,24,0.75,18,22,40,8,5,4,13,22,-13.0
22005,1610612742,DAL,Dallas Mavericks,0020500445,2006-01-03,DAL vs. POR,W,240,95,37,79,0.468,5,13,0.385,16,20,0.8,13,39,52,19,2,12,14,22,14.0
22005,1610612742,DAL,Dallas Mavericks,0020500428,2005-12-31,DAL @ NOK,W,241,95,35,76,0.461,5,16,0.313,20,26,0.769,12,25,37,15,9,4,13,24,5.0
22005,1610612742,DAL,Dallas Mavericks,0020500423,2005-12-30,DAL vs. GSW,L,240,109,40,81,0.494,6,9,0.667,23,29,0.793,12,25,37,20,10,7,9,21,-2.0
22005,1610612742,DAL,Dallas Mavericks,0020500392,2005-12-26,DAL vs. IND,W,150,102,37,78,0.474,2,5,0.4,26,32,0.813,19,30,49,17,9,6,11,20,22.0
22005,1610612742,DAL,Dallas Mavericks,0020500384,2005-12-23,DAL @ SEA,W,240,101,33,74,0.446,4,14,0.286,31,36,0.861,10,27,37,19,6,3,12,21,3.0
22005,1610612742,DAL,Dallas Mavericks,0020500370,2005-12-22,DAL @ SAC,W,240,105,38,76,0.5,3,8,0.375,26,34,0.765,12,33,45,22,7,4,14,24,10.0
22005,1610612742,DAL,Dallas Mavericks,0020500359,2005-12-20,DAL @ LAL,L,240,90,34,92,0.37,2,15,0.133,20,30,0.667,16,26,42,14,8,5,12,28,-22.0
22005,1610612742,DAL,Dallas Mavericks,0020500344,2005-12-18,DAL vs. MIN,W,240,102,37,74,0.5,5,11,0.455,23,27,0.852,5,33,38,17,5,6,13,21,7.0
22005,1610612742,DAL,Dallas Mavericks,0020500330,2005-12-16,DAL vs. ORL,W,265,109,42,84,0.5,6,13,0.462,19,26,0.731,8,34,42,20,7,5,12,21,7.0
22005,1610612742,DAL,Dallas Mavericks,0020500316,2005-12-14,DAL vs. PHX,W,240,102,41,89,0.461,2,12,0.167,18,32,0.563,15,39,54,12,5,7,8,18,6.0
22005,1610612742,DAL,Dallas Mavericks,0020500297,2005-12-12,DAL vs. LAL,L,240,106,34,73,0.466,4,13,0.308,34,44,0.773,17,30,47,13,4,5,10,25,-3.0
22005,1610612742,DAL,Dallas Mavericks,0020500288,2005-12-10,DAL vs. BOS,W,240,103,33,70,0.471,4,10,0.4,33,43,0.767,12,26,38,19,9,8,7,15,9.0
22005,1610612742,DAL,Dallas Mavericks,0020500273,2005-12-09,DAL @ MEM,W,240,90,33,75,0.44,3,7,0.429,21,28,0.75,14,36,50,17,5,11,16,30,7.0
22005,1610612742,DAL,Dallas Mavericks,0020500250,2005-12-06,DAL @ IND,W,240,84,32,69,0.464,2,7,0.286,18,22,0.818,8,33,41,14,8,4,18,28,9.0
22005,1610612742,DAL,Dallas Mavericks,0020500246,2005-12-05,DAL @ CHI,W,241,102,39,81,0.481,4,12,0.333,20,25,0.8,15,31,46,29,12,5,15,19,8.0
22005,1610612742,DAL,Dallas Mavericks,0020500235,2005-12-03,DAL vs. NOK,W,240,97,36,74,0.486,4,8,0.5,21,26,0.808,11,32,43,18,7,9,15,27,9.0
22005,1610612742,DAL,Dallas Mavericks,0020500217,2005-12-01,DAL vs. SAS,L,240,90,31,77,0.403,4,11,0.364,24,35,0.686,14,32,46,14,6,3,10,23,-2.0
22005,1610612742,DAL,Dallas Mavericks,0020500199,2005-11-29,DAL @ MIL,L,265,111,42,88,0.477,6,13,0.462,21,27,0.778,11,26,37,17,5,6,10,29,-2.0
22005,1610612742,DAL,Dallas Mavericks,0020500193,2005-11-28,DAL @ TOR,W,240,93,39,88,0.443,7,20,0.35,8,13,0.615,15,28,43,23,7,6,8,19,2.0
22005,1610612742,DAL,Dallas Mavericks,0020500187,2005-11-26,DAL vs. MEM,L,240,92,31,71,0.437,5,14,0.357,25,35,0.714,17,22,39,11,11,4,17,28,-20.0
22005,1610612742,DAL,Dallas Mavericks,0020500172,2005-11-25,DAL @ MIA,W,240,103,37,74,0.5,8,15,0.533,21,24,0.875,8,32,40,19,7,2,14,17,13.0
22005,1610612742,DAL,Dallas Mavericks,0020500153,2005-11-22,DAL vs. HOU,W,240,102,34,72,0.472,7,15,0.467,27,41,0.659,17,28,45,19,6,5,10,22,9.0
22005,1610612742,DAL,Dallas Mavericks,0020500136,2005-11-19,DAL vs. DET,W,241,119,45,76,0.592,2,7,0.286,27,32,0.844,15,32,47,15,5,7,11,16,37.0
22005,1610612742,DAL,Dallas Mavericks,0020500118,2005-11-17,DAL vs. ATL,W,240,87,32,81,0.395,3,10,0.3,20,23,0.87,16,30,46,14,8,11,16,28,9.0
22005,1610612742,DAL,Dallas Mavericks,0020500105,2005-11-15,DAL vs. DEN,W,240,83,33,74,0.446,4,12,0.333,13,16,0.813,12,35,47,21,8,11,21,23,3.0
22005,1610612742,DAL,Dallas Mavericks,0020500085,2005-11-12,DAL @ NOK,W,240,109,38,74,0.514,8,19,0.421,25,30,0.833,10,19,29,18,8,0,11,23,6.0
22005,1610612742,DAL,Dallas Mavericks,0020500075,2005-11-11,DAL @ CHA,W,240,98,34,75,0.453,5,13,0.385,25,30,0.833,10,35,45,19,8,3,16,35,10.0
22005,1610612742,DAL,Dallas Mavericks,0020500056,2005-11-09,DAL @ PHI,L,240,97,37,78,0.474,3,14,0.214,20,30,0.667,12,24,36,19,5,8,14,23,-15.0
22005,1610612742,DAL,Dallas Mavericks,0020500039,2005-11-05,DAL vs. SAS,W,240,103,39,77,0.506,6,9,0.667,19,26,0.731,14,24,38,20,12,6,12,20,19.0
22005,1610612742,DAL,Dallas Mavericks,0020500014,2005-11-02,DAL @ UTA,L,240,82,29,77,0.377,3,14,0.214,21,31,0.677,15,29,44,10,10,9,15,29,-11.0
22005,1610612742,DAL,Dallas Mavericks,0020500003,2005-11-01,DAL @ PHX,W,290,111,42,94,0.447,8,18,0.444,19,28,0.679,14,41,55,16,9,6,21,30,3.0
12005,1610612742,DAL,Dallas Mavericks,0010500109,2005-10-27,DAL vs. DET,W,240,103,36,73,0.493,5,16,0.313,26,35,0.743,10,27,37,18,8,9,13,19,
12005,1610612742,DAL,Dallas Mavericks,0010500096,2005-10-25,DAL vs. MIL,W,240,94,34,78,0.436,5,13,0.385,21,32,0.656,12,35,47,18,14,11,17,24,
12005,1610612742,DAL,Dallas Mavericks,0010500083,2005-10-23,DAL vs. LAC,L,220,80,31,80,0.388,3,7,0.429,15,21,0.714,10,33,43,18,4,8,13,19,
12005,1610612742,DAL,Dallas Mavericks,0010500072,2005-10-21,DAL vs. NYK,W,240,86,31,71,0.437,5,11,0.455,19,29,0.655,10,16,26,19,19,7,13,32,
12005,1610612742,DAL,Dallas Mavericks,0010500052,2005-10-18,DAL @ DET,W,240,94,36,83,0.434,6,10,0.6,16,20,0.8,18,24,42,20,9,5,15,24,
12005,1610612742,DAL,Dallas Mavericks,0010500039,2005-10-16,DAL @ NYK,W,240,104,40,76,0.526,3,10,0.3,21,29,0.724,11,23,34,15,14,8,20,35,
12005,1610612742,DAL,Dallas Mavericks,0010500017,2005-10-12,DAL @ LAC,L,240,80,30,70,0.429,4,8,0.5,16,24,0.667,11,29,40,18,10,6,22,28,
12005,1610612742,DAL,Dallas Mavericks,0010500005,2005-10-11,DAL @ SAC,W,240,96,35,63,0.556,1,1,1.0,25,27,0.926,9,27,36,17,9,4,25,23,
42004,1610612742,DAL,Dallas Mavericks,0040400226,2005-05-20,DAL vs. PHX,L,265,126,42,97,0.433,7,20,0.35,35,43,0.814,11,36,47,13,8,5,9,26,-4.0
42004,1610612742,DAL,Dallas Mavericks,0040400225,2005-05-18,DAL @ PHX,L,240,108,41,94,0.436,8,22,0.364,18,24,0.75,13,29,42,19,9,7,8,21,-6.0
42004,1610612742,DAL,Dallas Mavericks,0040400224,2005-05-15,DAL vs. PHX,W,240,119,46,83,0.554,6,14,0.429,21,29,0.724,16,27,43,21,8,4,15,23,10.0
42004,1610612742,DAL,Dallas Mavericks,0040400223,2005-05-13,DAL vs. PHX,L,240,102,39,100,0.39,1,18,0.056,23,27,0.852,24,28,52,18,11,8,13,17,-17.0
42004,1610612742,DAL,Dallas Mavericks,0040400222,2005-05-11,DAL @ PHX,W,240,108,43,87,0.494,6,13,0.462,16,24,0.667,12,34,46,18,5,4,15,26,2.0
42004,1610612742,DAL,Dallas Mavericks,0040400221,2005-05-09,DAL @ PHX,L,240,102,44,98,0.449,5,18,0.278,9,12,0.75,17,29,46,18,4,4,16,22,-25.0
42004,1610612742,DAL,Dallas Mavericks,0040400177,2005-05-07,DAL vs. HOU,W,240,116,41,80,0.513,8,16,0.5,26,28,0.929,16,36,52,21,7,10,13,19,40.0
42004,1610612742,DAL,Dallas Mavericks,0040400176,2005-05-05,DAL @ HOU,L,240,83,31,86,0.36,7,26,0.269,14,17,0.824,14,29,43,14,9,6,11,23,-18.0
42004,1610612742,DAL,Dallas Mavericks,0040400175,2005-05-02,DAL vs. HOU,W,240,103,37,79,0.468,6,15,0.4,23,34,0.676,13,29,42,17,8,3,11,26,3.0
42004,1610612742,DAL,Dallas Mavericks,0040400174,2005-04-30,DAL @ HOU,W,240,97,33,72,0.458,9,20,0.45,22,27,0.815,10,22,32,17,8,2,16,22,4.0
42004,1610612742,DAL,Dallas Mavericks,0040400173,2005-04-28,DAL @ HOU,W,240,106,33,68,0.485,8,17,0.471,32,37,0.865,8,27,35,21,7,2,11,28,4.0
42004,1610612742,DAL,Dallas Mavericks,0040400172,2005-04-25,DAL vs. HOU,L,242,111,41,82,0.5,10,15,0.667,19,26,0.731,14,27,41,18,6,4,14,22,-2.0
42004,1610612742,DAL,Dallas Mavericks,0040400171,2005-04-23,DAL vs. HOU,L,240,86,24,68,0.353,5,13,0.385,33,42,0.786,19,25,44,12,4,7,13,20,-12.0
22004,1610612742,DAL,Dallas Mavericks,0020401224,2005-04-20,DAL @ MEM,W,240,108,38,73,0.521,4,11,0.364,28,33,0.848,13,29,42,31,9,3,12,23,20.0
22004,1610612742,DAL,Dallas Mavericks,0020401215,2005-04-19,DAL vs. SEA,W,240,101,40,79,0.506,4,11,0.364,17,24,0.708,13,25,38,32,10,4,13,19,5.0
22004,1610612742,DAL,Dallas Mavericks,0020401196,2005-04-17,DAL @ LAL,W,240,114,38,77,0.494,7,16,0.438,31,41,0.756,9,28,37,25,15,5,14,23,2.0
22004,1610612742,DAL,Dallas Mavericks,0020401172,2005-04-14,DAL @ POR,W,240,102,39,86,0.453,5,16,0.313,19,23,0.826,13,28,41,16,12,3,8,19,12.0
22004,1610612742,DAL,Dallas Mavericks,0020401168,2005-04-13,DAL @ SEA,W,240,95,36,70,0.514,6,17,0.353,17,29,0.586,7,23,30,18,7,2,9,27,5.0
22004,1610612742,DAL,Dallas Mavericks,0020401151,2005-04-11,DAL vs. MEM,W,240,110,40,82,0.488,5,14,0.357,25,29,0.862,18,30,48,18,7,9,11,21,21.0
22004,1610612742,DAL,Dallas Mavericks,0020401136,2005-04-09,DAL vs. UTA,W,240,88,28,67,0.418,5,12,0.417,27,38,0.711,12,23,35,18,8,11,17,30,7.0
22004,1610612742,DAL,Dallas Mavericks,0020401117,2005-04-07,DAL vs. SAS,W,239,104,42,79,0.532,1,8,0.125,19,26,0.731,16,35,51,19,10,11,17,25,36.0
22004,1610612742,DAL,Dallas Mavericks,0020401101,2005-04-05,DAL vs. ORL,W,240,114,41,78,0.526,9,20,0.45,23,27,0.852,12,28,40,29,8,5,15,22,9.0
22004,1610612742,DAL,Dallas Mavericks,0020401085,2005-04-03,DAL @ CLE,L,240,80,28,79,0.354,6,22,0.273,18,23,0.783,7,27,34,13,8,5,13,24,-20.0
22004,1610612742,DAL,Dallas Mavericks,0020401066,2005-04-01,DAL @ PHI,W,240,100,33,74,0.446,5,13,0.385,29,36,0.806,11,37,48,16,9,7,13,21,17.0
22004,1610612742,DAL,Dallas Mavericks,0020401052,2005-03-30,DAL @ BOS,W,240,112,41,80,0.513,8,15,0.533,22,27,0.815,7,29,36,22,5,2,8,22,12.0
22004,1610612742,DAL,Dallas Mavericks,0020401039,2005-03-28,DAL @ DET,W,240,95,34,74,0.459,7,18,0.389,20,25,0.8,13,26,39,23,9,4,10,15,7.0
22004,1610612742,DAL,Dallas Mavericks,0020401029,2005-03-26,DAL vs. CLE,W,240,117,44,80,0.55,14,18,0.778,15,20,0.75,9,34,43,26,7,12,12,20,31.0
22004,1610612742,DAL,Dallas Mavericks,0020401011,2005-03-24,DAL @ SAC,L,240,101,40,92,0.435,8,15,0.533,13,18,0.722,13,28,41,15,4,1,10,19,-8.0
22004,1610612742,DAL,Dallas Mavericks,0020401005,2005-03-23,DAL @ GSW,W,240,109,36,77,0.468,5,15,0.333,32,36,0.889,10,36,46,20,5,1,13,24,12.0
22004,1610612742,DAL,Dallas Mavericks,0020400988,2005-03-21,DAL vs. NOH,W,240,103,33,79,0.418,9,18,0.5,28,33,0.848,16,29,45,20,9,7,14,29,17.0
22004,1610612742,DAL,Dallas Mavericks,0020400974,2005-03-19,DAL vs. CHA,W,240,104,38,84,0.452,3,14,0.214,25,27,0.926,19,30,49,20,8,7,18,29,11.0
22004,1610612742,DAL,Dallas Mavericks,0020400955,2005-03-17,DAL vs. POR,W,240,98,35,85,0.412,3,13,0.231,25,37,0.676,17,31,48,20,9,12,10,19,4.0
22004,1610612742,DAL,Dallas Mavericks,0020400941,2005-03-15,DAL vs. MIN,L,240,91,31,80,0.388,3,13,0.231,26,35,0.743,12,29,41,12,8,11,13,26,-9.0
22004,1610612742,DAL,Dallas Mavericks,0020400920,2005-03-13,DAL @ MIN,W,240,102,39,87,0.448,4,12,0.333,20,29,0.69,11,34,45,22,6,2,5,27,9.0
22004,1610612742,DAL,Dallas Mavericks,0020400909,2005-03-11,DAL @ MIL,W,240,112,44,87,0.506,5,9,0.556,19,24,0.792,11,25,36,22,8,5,8,24,2.0
22004,1610612742,DAL,Dallas Mavericks,0020400903,2005-03-10,DAL vs. LAL,L,240,95,33,90,0.367,5,20,0.25,24,29,0.828,17,34,51,17,5,9,8,25,-5.0
22004,1610612742,DAL,Dallas Mavericks,0020400883,2005-03-07,DAL vs. TOR,W,240,113,46,90,0.511,4,15,0.267,17,18,0.944,12,26,38,17,13,8,10,15,8.0
22004,1610612742,DAL,Dallas Mavericks,0020400872,2005-03-06,DAL @ HOU,L,240,69,29,78,0.372,3,14,0.214,8,14,0.571,6,31,37,13,12,4,16,17,-21.0
22004,1610612742,DAL,Dallas Mavericks,0020400864,2005-03-04,DAL @ LAL,L,240,103,33,85,0.388,2,10,0.2,35,40,0.875,12,26,38,14,7,4,8,22,-5.0
22004,1610612742,DAL,Dallas Mavericks,0020400850,2005-03-02,DAL @ LAC,L,240,92,35,81,0.432,4,19,0.211,18,24,0.75,7,25,32,21,9,2,10,26,-9.0
22004,1610612742,DAL,Dallas Mavericks,0020400832,2005-02-28,DAL vs. NOH,W,240,90,30,67,0.448,4,15,0.267,26,34,0.765,6,25,31,18,8,7,16,20,4.0
22004,1610612742,DAL,Dallas Mavericks,0020400817,2005-02-26,DAL vs. PHX,L,240,123,46,94,0.489,7,21,0.333,24,33,0.727,15,30,45,19,18,4,12,24,-1.0
22004,1610612742,DAL,Dallas Mavericks,0020400802,2005-02-24,DAL vs. SAC,W,240,122,50,107,0.467,10,22,0.455,12,17,0.706,23,29,52,30,11,7,14,21,9.0
22004,1610612742,DAL,Dallas Mavericks,0020400797,2005-02-23,DAL @ UTA,W,240,101,34,72,0.472,8,17,0.471,25,32,0.781,8,33,41,19,14,4,16,34,18.0
22004,1610612742,DAL,Dallas Mavericks,0020400781,2005-02-17,DAL @ PHX,W,240,119,45,84,0.536,8,15,0.533,21,23,0.913,8,36,44,19,7,8,13,19,6.0
22004,1610612742,DAL,Dallas Mavericks,0020400768,2005-02-15,DAL @ GSW,W,240,114,46,82,0.561,5,13,0.385,17,24,0.708,8,38,46,26,11,4,18,17,7.0
22004,1610612742,DAL,Dallas Mavericks,0020400754,2005-02-13,DAL @ SEA,W,240,95,35,75,0.467,3,9,0.333,22,30,0.733,10,39,49,22,5,5,13,21,3.0
22004,1610612742,DAL,Dallas Mavericks,0020400741,2005-02-11,DAL @ SAC,W,240,115,42,78,0.538,3,6,0.5,28,31,0.903,10,27,37,22,8,3,14,23,2.0
22004,1610612742,DAL,Dallas Mavericks,0020400713,2005-02-08,DAL vs. CHI,L,240,100,32,86,0.372,12,30,0.4,24,30,0.8,9,31,40,19,10,1,10,25,-7.0
22004,1610612742,DAL,Dallas Mavericks,0020400699,2005-02-06,DAL @ TOR,W,240,122,47,78,0.603,6,16,0.375,22,32,0.688,9,29,38,29,8,5,11,20,9.0
22004,1610612742,DAL,Dallas Mavericks,0020400682,2005-02-04,DAL @ IND,L,240,94,35,80,0.438,4,10,0.4,20,29,0.69,14,34,48,15,8,2,12,24,-1.0
22004,1610612742,DAL,Dallas Mavericks,0020400673,2005-02-02,DAL @ NOH,W,240,90,32,71,0.451,3,8,0.375,23,28,0.821,9,27,36,21,8,6,12,24,8.0
22004,1610612742,DAL,Dallas Mavericks,0020400664,2005-02-01,DAL vs. MIA,W,240,109,43,88,0.489,7,18,0.389,16,18,0.889,11,35,46,25,3,4,11,15,5.0
22004,1610612742,DAL,Dallas Mavericks,0020400644,2005-01-29,DAL vs. PHI,L,240,89,33,90,0.367,4,15,0.267,19,25,0.76,14,36,50,18,8,15,10,21,-4.0
22004,1610612742,DAL,Dallas Mavericks,0020400621,2005-01-26,DAL @ POR,W,240,95,36,80,0.45,8,20,0.4,15,17,0.882,7,40,47,32,8,8,14,21,7.0
22004,1610612742,DAL,Dallas Mavericks,0020400605,2005-01-24,DAL @ LAC,L,240,87,32,82,0.39,6,23,0.261,17,21,0.81,14,30,44,21,9,5,14,18,-10.0
22004,1610612742,DAL,Dallas Mavericks,0020400593,2005-01-23,DAL vs. DEN,W,240,95,36,78,0.462,4,11,0.364,19,27,0.704,18,32,50,14,5,6,17,18,2.0
22004,1610612742,DAL,Dallas Mavericks,0020400574,2005-01-21,DAL @ CHA,W,240,105,38,79,0.481,4,15,0.267,25,31,0.806,7,30,37,17,2,9,8,16,6.0
22004,1610612742,DAL,Dallas Mavericks,0020400570,2005-01-20,DAL vs. LAC,W,240,99,40,82,0.488,8,18,0.444,11,14,0.786,13,28,41,23,11,6,10,21,22.0
22004,1610612742,DAL,Dallas Mavericks,0020400557,2005-01-18,DAL vs. WAS,W,240,137,45,78,0.577,11,17,0.647,36,41,0.878,7,33,40,23,9,4,14,27,17.0
22004,1610612742,DAL,Dallas Mavericks,0020400538,2005-01-15,DAL vs. NJN,W,240,98,31,79,0.392,8,20,0.4,28,31,0.903,12,41,53,16,6,5,16,14,5.0
22004,1610612742,DAL,Dallas Mavericks,0020400525,2005-01-14,DAL @ SAS,L,240,95,37,86,0.43,6,17,0.353,15,17,0.882,11,25,36,12,7,3,10,20,-3.0
22004,1610612742,DAL,Dallas Mavericks,0020400511,2005-01-12,DAL vs. HOU,L,240,114,40,84,0.476,12,22,0.545,22,24,0.917,10,19,29,21,9,3,10,20,-10.0
22004,1610612742,DAL,Dallas Mavericks,0020400486,2005-01-08,DAL vs. IND,W,239,121,40,73,0.548,4,9,0.444,37,40,0.925,8,32,40,19,4,4,13,31,20.0
22004,1610612742,DAL,Dallas Mavericks,0020400461,2005-01-05,DAL vs. LAL,W,240,118,46,83,0.554,6,17,0.353,20,29,0.69,8,34,42,22,8,6,8,24,14.0
22004,1610612742,DAL,Dallas Mavericks,0020400437,2005-01-02,DAL vs. MIL,W,240,123,47,89,0.528,7,16,0.438,22,28,0.786,12,24,36,28,8,4,8,21,19.0
22004,1610612742,DAL,Dallas Mavericks,0020400404,2004-12-28,DAL vs. BOS,W,240,113,42,79,0.532,6,19,0.316,23,26,0.885,6,38,44,31,13,7,21,24,19.0
22004,1610612742,DAL,Dallas Mavericks,0020400390,2004-12-26,DAL @ DEN,W,240,102,40,86,0.465,3,15,0.2,19,21,0.905,18,34,52,14,4,7,13,21,14.0
22004,1610612742,DAL,Dallas Mavericks,0020400371,2004-12-22,DAL @ ATL,L,240,100,33,75,0.44,9,24,0.375,25,31,0.806,13,26,39,18,10,3,24,26,-13.0
22004,1610612742,DAL,Dallas Mavericks,0020400362,2004-12-21,DAL @ NYK,W,240,123,41,85,0.482,8,17,0.471,33,36,0.917,13,34,47,25,10,4,13,20,29.0
22004,1610612742,DAL,Dallas Mavericks,0020400346,2004-12-18,DAL vs. ATL,W,240,90,34,83,0.41,2,15,0.133,20,31,0.645,16,41,57,17,14,8,15,18,22.0
22004,1610612742,DAL,Dallas Mavericks,0020400313,2004-12-14,DAL vs. GSW,L,240,107,39,91,0.429,4,13,0.308,25,28,0.893,16,25,41,10,8,5,11,22,-4.0
22004,1610612742,DAL,Dallas Mavericks,0020400304,2004-12-13,DAL @ CHI,W,242,94,34,82,0.415,5,17,0.294,21,29,0.724,13,24,37,17,14,7,14,20,1.0
22004,1610612742,DAL,Dallas Mavericks,0020400291,2004-12-11,DAL @ HOU,W,240,102,38,82,0.463,11,25,0.44,15,23,0.652,11,35,46,29,6,6,7,26,24.0
22004,1610612742,DAL,Dallas Mavericks,0020400274,2004-12-09,DAL vs. SEA,L,240,102,35,77,0.455,6,17,0.353,26,30,0.867,8,27,35,16,9,8,15,22,-5.0
22004,1610612742,DAL,Dallas Mavericks,0020400259,2004-12-07,DAL @ MIN,W,240,97,35,90,0.389,6,20,0.3,21,26,0.808,24,30,54,18,6,5,12,15,10.0
22004,1610612742,DAL,Dallas Mavericks,0020400251,2004-12-06,DAL vs. DET,L,240,85,30,90,0.333,3,21,0.143,22,29,0.759,14,29,43,15,5,6,9,21,-16.0
22004,1610612742,DAL,Dallas Mavericks,0020400241,2004-12-04,DAL vs. UTA,W,240,109,37,79,0.468,7,12,0.583,28,32,0.875,14,30,44,25,13,9,17,21,23.0
22004,1610612742,DAL,Dallas Mavericks,0020400222,2004-12-02,DAL vs. HOU,W,265,113,38,79,0.481,6,16,0.375,31,39,0.795,11,40,51,18,10,7,14,24,7.0
22004,1610612742,DAL,Dallas Mavericks,0020400208,2004-11-30,DAL vs. SAS,L,240,89,32,72,0.444,2,7,0.286,23,30,0.767,10,33,43,10,3,5,22,27,-18.0
22004,1610612742,DAL,Dallas Mavericks,0020400188,2004-11-27,DAL @ MEM,W,240,98,35,82,0.427,2,13,0.154,26,30,0.867,12,36,48,12,8,3,11,22,13.0
22004,1610612742,DAL,Dallas Mavericks,0020400171,2004-11-26,DAL vs. POR,W,240,92,31,78,0.397,3,13,0.231,27,34,0.794,21,36,57,19,8,8,18,17,9.0
22004,1610612742,DAL,Dallas Mavericks,0020400166,2004-11-24,DAL @ SAS,L,240,80,28,72,0.389,3,9,0.333,21,31,0.677,6,35,41,8,8,3,15,26,-14.0
22004,1610612742,DAL,Dallas Mavericks,0020400147,2004-11-22,DAL vs. MIN,L,240,82,33,92,0.359,3,13,0.231,13,21,0.619,16,32,48,15,10,7,7,20,-1.0
22004,1610612742,DAL,Dallas Mavericks,0020400143,2004-11-21,DAL @ DEN,L,240,82,32,85,0.376,1,9,0.111,17,22,0.773,11,28,39,19,14,4,20,28,-28.0
22004,1610612742,DAL,Dallas Mavericks,0020400124,2004-11-19,DAL vs. NYK,W,240,103,41,85,0.482,2,13,0.154,19,27,0.704,14,32,46,15,7,4,13,16,2.0
22004,1610612742,DAL,Dallas Mavericks,0020400102,2004-11-16,DAL vs. PHX,L,240,101,40,97,0.412,3,14,0.214,18,22,0.818,15,29,44,15,11,6,8,23,-6.0
22004,1610612742,DAL,Dallas Mavericks,0020400091,2004-11-14,DAL @ WAS,W,240,122,43,82,0.524,12,19,0.632,24,29,0.828,11,27,38,29,13,2,16,23,9.0
22004,1610612742,DAL,Dallas Mavericks,0020400080,2004-11-13,DAL @ NJN,W,240,94,35,78,0.449,5,15,0.333,19,29,0.655,11,27,38,18,12,6,9,25,16.0
22004,1610612742,DAL,Dallas Mavericks,0020400069,2004-11-11,DAL @ MIA,W,240,113,41,79,0.519,10,17,0.588,21,26,0.808,10,32,42,17,5,7,14,28,20.0
22004,1610612742,DAL,Dallas Mavericks,0020400048,2004-11-09,DAL @ ORL,L,240,84,28,96,0.292,3,12,0.25,25,35,0.714,20,34,54,10,8,2,16,26,-10.0
22004,1610612742,DAL,Dallas Mavericks,0020400045,2004-11-08,DAL vs. GSW,W,264,101,32,84,0.381,4,19,0.211,33,43,0.767,15,38,53,13,9,7,14,23,3.0
22004,1610612742,DAL,Dallas Mavericks,0020400039,2004-11-06,DAL vs. MEM,W,240,112,37,74,0.5,6,16,0.375,32,43,0.744,16,37,53,16,11,9,20,22,24.0
22004,1610612742,DAL,Dallas Mavericks,0020400010,2004-11-03,DAL @ NOH,W,240,106,42,78,0.538,9,19,0.474,13,17,0.765,8,28,36,25,8,4,11,26,15.0
22004,1610612742,DAL,Dallas Mavericks,0020400002,2004-11-02,DAL vs. SAC,W,240,107,40,81,0.494,7,16,0.438,20,23,0.87,13,30,43,27,11,8,14,23,9.0
12004,1610612742,DAL,Dallas Mavericks,0010400110,2004-10-28,DAL vs. SAC,W,50,112,40,74,0.541,4,8,0.5,28,34,0.824,12,30,42,17,6,4,13,30,
12004,1610612742,DAL,Dallas Mavericks,0010400097,2004-10-26,DAL vs. SAS,L,55,94,33,86,0.384,4,14,0.286,24,33,0.727,14,30,44,14,8,6,13,31,
12004,1610612742,DAL,Dallas Mavericks,0010400083,2004-10-24,DAL @ NYK,L,55,86,26,71,0.366,3,10,0.3,31,33,0.939,9,29,38,12,5,0,15,17,
12004,1610612742,DAL,Dallas Mavericks,0010400079,2004-10-23,DAL @ MIL,W,50,91,34,79,0.43,7,17,0.412,16,25,0.64,14,28,42,20,8,6,14,29,
42003,1610612742,DAL,Dallas Mavericks,0040300175,2004-04-29,DAL @ SAC,L,240,118,46,100,0.46,8,16,0.5,18,18,1.0,16,33,49,23,6,7,16,16,-1.0
42003,1610612742,DAL,Dallas Mavericks,0040300174,2004-04-26,DAL vs. SAC,L,240,92,34,98,0.347,4,21,0.19,20,33,0.606,23,32,55,19,7,4,8,26,-2.0
42003,1610612742,DAL,Dallas Mavericks,0040300173,2004-04-24,DAL vs. SAC,W,240,104,40,100,0.4,3,10,0.3,21,28,0.75,23,33,56,20,19,4,15,27,25.0
42003,1610612742,DAL,Dallas Mavericks,0040300172,2004-04-20,DAL @ SAC,L,240,79,30,93,0.323,2,19,0.105,17,20,0.85,23,34,57,16,5,7,13,20,-4.0
42003,1610612742,DAL,Dallas Mavericks,0040300171,2004-04-18,DAL @ SAC,L,240,105,41,91,0.451,8,21,0.381,15,19,0.789,17,27,44,25,9,11,13,19,-11.0
22003,1610612742,DAL,Dallas Mavericks,0020301186,2004-04-14,DAL @ HOU,W,240,92,31,76,0.408,7,18,0.389,23,34,0.676,5,35,40,22,13,9,7,17,3.0
22003,1610612742,DAL,Dallas Mavericks,0020301173,2004-04-13,DAL vs. MEM,W,240,110,43,82,0.524,5,17,0.294,19,22,0.864,7,30,37,21,13,5,14,18,7.0
22003,1610612742,DAL,Dallas Mavericks,0020301159,2004-04-11,DAL @ GSW,L,240,107,40,89,0.449,3,9,0.333,24,26,0.923,15,30,45,25,9,3,13,18,-1.0
22003,1610612742,DAL,Dallas Mavericks,0020301147,2004-04-10,DAL @ SEA,L,240,99,40,93,0.43,7,16,0.438,12,14,0.857,11,32,43,24,6,6,13,10,-20.0
22003,1610612742,DAL,Dallas Mavericks,0020301134,2004-04-08,DAL vs. UTA,W,240,117,41,77,0.532,9,17,0.529,26,30,0.867,14,24,38,23,9,6,5,18,23.0
22003,1610612742,DAL,Dallas Mavericks,0020301120,2004-04-06,DAL vs. SEA,W,240,118,48,87,0.552,5,14,0.357,17,17,1.0,12,31,43,30,3,9,9,10,10.0
22003,1610612742,DAL,Dallas Mavericks,0020301104,2004-04-03,DAL vs. PHX,W,240,124,50,82,0.61,10,24,0.417,14,17,0.824,10,32,42,37,8,6,15,13,21.0
22003,1610612742,DAL,Dallas Mavericks,0020301087,2004-04-01,DAL vs. SAC,W,240,127,52,96,0.542,8,20,0.4,15,18,0.833,13,32,45,32,9,4,12,27,10.0
22003,1610612742,DAL,Dallas Mavericks,0020301073,2004-03-30,DAL vs. CLE,W,240,126,49,90,0.544,6,10,0.6,22,30,0.733,17,29,46,23,12,6,13,23,17.0
22003,1610612742,DAL,Dallas Mavericks,0020301057,2004-03-28,DAL @ ORL,W,240,118,50,90,0.556,6,12,0.5,12,15,0.8,13,40,53,34,9,9,10,19,30.0
22003,1610612742,DAL,Dallas Mavericks,0020301041,2004-03-26,DAL @ MIA,L,265,118,46,98,0.469,2,11,0.182,24,28,0.857,16,40,56,18,7,7,14,25,-1.0
22003,1610612742,DAL,Dallas Mavericks,0020301028,2004-03-24,DAL @ IND,L,240,99,41,83,0.494,4,10,0.4,13,16,0.813,8,34,42,25,11,9,17,19,-4.0
22003,1610612742,DAL,Dallas Mavericks,0020301013,2004-03-22,DAL @ PHI,L,240,98,40,84,0.476,7,18,0.389,11,17,0.647,16,16,32,22,13,3,11,19,-9.0
22003,1610612742,DAL,Dallas Mavericks,0020301004,2004-03-21,DAL @ NJN,W,240,101,43,85,0.506,5,10,0.5,10,16,0.625,11,22,33,29,10,5,14,18,3.0
22003,1610612742,DAL,Dallas Mavericks,0020300993,2004-03-19,DAL vs. BOS,W,240,120,45,85,0.529,5,12,0.417,25,29,0.862,16,30,46,29,11,5,16,25,16.0
22003,1610612742,DAL,Dallas Mavericks,0020300980,2004-03-17,DAL vs. ATL,L,240,110,46,94,0.489,8,19,0.421,10,14,0.714,11,30,41,27,7,1,11,20,-1.0
22003,1610612742,DAL,Dallas Mavericks,0020300963,2004-03-14,DAL @ LAC,W,240,101,38,84,0.452,4,11,0.364,21,24,0.875,10,40,50,26,7,5,9,19,13.0
22003,1610612742,DAL,Dallas Mavericks,0020300954,2004-03-13,DAL @ PHX,W,240,113,44,97,0.454,6,14,0.429,19,26,0.731,20,44,64,23,6,7,12,20,23.0
22003,1610612742,DAL,Dallas Mavericks,0020300937,2004-03-11,DAL @ SAC,L,240,102,43,105,0.41,6,16,0.375,10,14,0.714,17,28,45,24,11,6,11,13,-18.0
22003,1610612742,DAL,Dallas Mavericks,0020300915,2004-03-08,DAL vs. PHX,W,240,103,40,96,0.417,3,15,0.2,20,21,0.952,24,26,50,15,12,5,7,19,14.0
22003,1610612742,DAL,Dallas Mavericks,0020300904,2004-03-07,DAL @ HOU,L,240,98,35,84,0.417,8,18,0.444,20,27,0.741,12,23,35,21,20,6,17,19,-3.0
22003,1610612742,DAL,Dallas Mavericks,0020300892,2004-03-05,DAL @ SAS,L,240,100,34,90,0.378,3,11,0.273,29,35,0.829,16,25,41,19,13,3,15,31,-13.0
22003,1610612742,DAL,Dallas Mavericks,0020300879,2004-03-03,DAL @ MIN,L,240,97,39,108,0.361,2,10,0.2,17,21,0.81,24,29,53,26,5,3,8,14,-24.0
22003,1610612742,DAL,Dallas Mavericks,0020300870,2004-03-02,DAL vs. SEA,W,240,107,41,84,0.488,3,14,0.214,22,30,0.733,14,40,54,22,2,4,11,20,11.0
22003,1610612742,DAL,Dallas Mavericks,0020300853,2004-02-28,DAL vs. POR,W,240,111,46,89,0.517,3,15,0.2,16,18,0.889,12,32,44,29,4,11,9,24,20.0
22003,1610612742,DAL,Dallas Mavericks,0020300835,2004-02-26,DAL vs. SAS,W,240,115,41,78,0.526,10,19,0.526,23,26,0.885,12,34,46,24,7,5,15,21,24.0
22003,1610612742,DAL,Dallas Mavericks,0020300820,2004-02-24,DAL vs. LAC,W,240,116,43,87,0.494,6,17,0.353,24,28,0.857,16,32,48,28,3,8,12,22,25.0
22003,1610612742,DAL,Dallas Mavericks,0020300799,2004-02-21,DAL vs. HOU,W,240,97,37,87,0.425,8,18,0.444,15,20,0.75,15,32,47,21,7,3,11,14,9.0
22003,1610612742,DAL,Dallas Mavericks,0020300775,2004-02-18,DAL @ CLE,W,240,114,45,95,0.474,4,14,0.286,20,22,0.909,18,35,53,26,9,8,7,17,16.0
22003,1610612742,DAL,Dallas Mavericks,0020300767,2004-02-17,DAL @ MEM,L,240,92,39,96,0.406,2,11,0.182,12,17,0.706,21,30,51,21,6,10,15,24,-17.0
22003,1610612742,DAL,Dallas Mavericks,0020300746,2004-02-10,DAL vs. NYK,W,240,105,43,90,0.478,5,17,0.294,14,21,0.667,13,38,51,22,9,10,6,17,15.0
22003,1610612742,DAL,Dallas Mavericks,0020300738,2004-02-09,DAL @ ATL,L,240,96,40,95,0.421,5,26,0.192,11,16,0.688,17,31,48,20,11,6,15,26,-6.0
22003,1610612742,DAL,Dallas Mavericks,0020300727,2004-02-07,DAL vs. DET,W,240,111,41,74,0.554,7,15,0.467,22,25,0.88,8,21,29,23,9,7,15,21,3.0
22003,1610612742,DAL,Dallas Mavericks,0020300704,2004-02-04,DAL @ NOH,W,240,113,43,85,0.506,4,11,0.364,23,27,0.852,13,30,43,28,7,4,9,19,9.0
22003,1610612742,DAL,Dallas Mavericks,0020300696,2004-02-03,DAL vs. GSW,W,240,107,43,88,0.489,5,19,0.263,16,21,0.762,17,31,48,23,7,5,9,18,14.0
22003,1610612742,DAL,Dallas Mavericks,0020300669,2004-01-31,DAL vs. DEN,L,240,102,42,87,0.483,6,21,0.286,12,16,0.75,12,31,43,19,9,8,18,23,-5.0
22003,1610612742,DAL,Dallas Mavericks,0020300654,2004-01-28,DAL @ UTA,L,240,88,34,73,0.466,8,23,0.348,12,12,1.0,4,20,24,24,8,7,10,18,-3.0
22003,1610612742,DAL,Dallas Mavericks,0020300643,2004-01-27,DAL @ SEA,W,240,118,43,89,0.483,11,26,0.423,21,27,0.778,19,25,44,27,6,4,12,20,2.0
22003,1610612742,DAL,Dallas Mavericks,0020300628,2004-01-25,DAL vs. SAC,W,240,108,44,94,0.468,7,16,0.438,13,15,0.867,13,37,50,29,13,9,14,18,9.0
22003,1610612742,DAL,Dallas Mavericks,0020300616,2004-01-23,DAL @ CHI,W,239,106,41,84,0.488,6,21,0.286,18,21,0.857,11,27,38,26,9,10,13,12,13.0
22003,1610612742,DAL,Dallas Mavericks,0020300606,2004-01-22,DAL vs. LAL,W,240,106,40,82,0.488,7,13,0.538,19,26,0.731,16,35,51,28,5,2,9,22,19.0
22003,1610612742,DAL,Dallas Mavericks,0020300593,2004-01-20,DAL vs. NJN,W,240,106,40,87,0.46,8,18,0.444,18,24,0.75,15,37,52,20,4,2,4,16,13.0
22003,1610612742,DAL,Dallas Mavericks,0020300574,2004-01-17,DAL @ POR,W,240,108,41,87,0.471,5,17,0.294,21,24,0.875,14,18,32,29,10,3,8,24,4.0
22003,1610612742,DAL,Dallas Mavericks,0020300561,2004-01-16,DAL @ DEN,W,240,91,33,79,0.418,4,13,0.308,21,24,0.875,13,34,47,22,6,11,15,17,3.0
22003,1610612742,DAL,Dallas Mavericks,0020300549,2004-01-14,DAL vs. PHI,W,290,125,48,113,0.425,5,23,0.217,24,33,0.727,21,37,58,37,4,5,6,20,3.0
22003,1610612742,DAL,Dallas Mavericks,0020300529,2004-01-12,DAL @ NYK,W,265,127,50,101,0.495,12,29,0.414,15,19,0.789,11,33,44,30,9,2,8,19,6.0
22003,1610612742,DAL,Dallas Mavericks,0020300525,2004-01-11,DAL @ DET,L,240,102,40,83,0.482,5,24,0.208,17,23,0.739,9,26,35,20,7,1,9,20,-13.0
22003,1610612742,DAL,Dallas Mavericks,0020300510,2004-01-09,DAL vs. IND,L,240,80,32,87,0.368,4,19,0.211,12,15,0.8,12,29,41,21,9,6,15,16,-12.0
22003,1610612742,DAL,Dallas Mavericks,0020300499,2004-01-07,DAL vs. GSW,W,240,105,41,88,0.466,6,19,0.316,17,20,0.85,12,34,46,26,8,4,13,13,6.0
22003,1610612742,DAL,Dallas Mavericks,0020300483,2004-01-05,DAL @ UTA,L,240,94,33,82,0.402,7,20,0.35,21,24,0.875,9,24,33,20,11,12,13,24,-14.0
22003,1610612742,DAL,Dallas Mavericks,0020300469,2004-01-03,DAL vs. MIN,W,240,119,43,84,0.512,12,24,0.5,21,28,0.75,12,31,43,28,6,1,11,19,7.0
22003,1610612742,DAL,Dallas Mavericks,0020300460,2004-01-02,DAL @ MIL,L,240,101,39,82,0.476,9,21,0.429,14,16,0.875,13,31,44,24,3,3,11,19,-8.0
22003,1610612742,DAL,Dallas Mavericks,0020300444,2003-12-30,DAL vs. MIL,W,240,101,41,87,0.471,3,16,0.188,16,21,0.762,13,36,49,22,4,4,6,13,9.0
22003,1610612742,DAL,Dallas Mavericks,0020300421,2003-12-27,DAL vs. MEM,W,240,104,40,86,0.465,11,20,0.55,13,14,0.929,16,32,48,24,7,3,17,18,6.0
22003,1610612742,DAL,Dallas Mavericks,0020300402,2003-12-25,DAL @ SAC,W,240,111,40,92,0.435,13,29,0.448,18,23,0.783,15,32,47,29,6,11,13,20,8.0
22003,1610612742,DAL,Dallas Mavericks,0020300398,2003-12-23,DAL @ POR,L,240,88,33,77,0.429,4,16,0.25,18,20,0.9,15,23,38,20,3,2,15,21,-9.0
22003,1610612742,DAL,Dallas Mavericks,0020300376,2003-12-20,DAL vs. LAC,L,240,105,39,90,0.433,9,23,0.391,18,29,0.621,21,25,46,23,5,8,15,24,-10.0
22003,1610612742,DAL,Dallas Mavericks,0020300357,2003-12-18,DAL @ MIN,L,240,109,39,85,0.459,7,22,0.318,24,29,0.828,15,27,42,21,6,2,12,25,-5.0
22003,1610612742,DAL,Dallas Mavericks,0020300353,2003-12-17,DAL @ BOS,L,240,103,35,95,0.368,7,25,0.28,26,38,0.684,23,33,56,21,9,4,16,21,-2.0
22003,1610612742,DAL,Dallas Mavericks,0020300335,2003-12-15,DAL vs. TOR,W,240,111,42,89,0.472,11,24,0.458,16,20,0.8,17,32,49,24,9,5,12,17,17.0
22003,1610612742,DAL,Dallas Mavericks,0020300318,2003-12-12,DAL @ LAL,W,240,110,41,93,0.441,4,16,0.25,24,27,0.889,15,33,48,25,4,1,10,30,17.0
22003,1610612742,DAL,Dallas Mavericks,0020300305,2003-12-10,DAL @ LAC,L,240,99,41,88,0.466,6,15,0.4,11,16,0.688,11,29,40,24,8,2,9,22,-1.0
22003,1610612742,DAL,Dallas Mavericks,0020300276,2003-12-06,DAL vs. ORL,W,241,110,45,86,0.523,5,14,0.357,15,22,0.682,21,34,55,21,10,6,21,21,13.0
22003,1610612742,DAL,Dallas Mavericks,0020300258,2003-12-04,DAL vs. LAL,L,239,103,37,99,0.374,9,24,0.375,20,24,0.833,12,33,45,16,5,4,10,29,-11.0
22003,1610612742,DAL,Dallas Mavericks,0020300244,2003-12-02,DAL vs. WAS,W,239,97,40,96,0.417,2,13,0.154,15,17,0.882,22,41,63,24,11,4,13,22,25.0
22003,1610612742,DAL,Dallas Mavericks,0020300228,2003-11-29,DAL vs. MIN,W,239,92,34,99,0.343,6,24,0.25,18,27,0.667,26,34,60,13,6,4,10,17,4.0
22003,1610612742,DAL,Dallas Mavericks,0020300217,2003-11-28,DAL @ DEN,L,240,103,41,97,0.423,6,16,0.375,15,21,0.714,15,23,38,20,8,3,13,28,-10.0
22003,1610612742,DAL,Dallas Mavericks,0020300207,2003-11-26,DAL @ PHX,L,240,90,34,86,0.395,7,28,0.25,15,19,0.789,15,17,32,15,8,2,11,17,-31.0
22003,1610612742,DAL,Dallas Mavericks,0020300195,2003-11-25,DAL vs. CHI,W,239,124,47,89,0.528,6,16,0.375,24,30,0.8,13,36,49,29,5,3,7,18,26.0
22003,1610612742,DAL,Dallas Mavericks,0020300180,2003-11-22,DAL vs. DEN,W,239,115,42,89,0.472,9,17,0.529,22,26,0.846,11,32,43,26,11,9,11,19,14.0
22003,1610612742,DAL,Dallas Mavericks,0020300162,2003-11-20,DAL vs. SAS,W,241,95,31,84,0.369,5,22,0.227,28,34,0.824,12,37,49,18,11,6,9,24,3.0
22003,1610612742,DAL,Dallas Mavericks,0020300142,2003-11-17,DAL vs. POR,W,240,105,41,87,0.471,9,20,0.45,14,20,0.7,19,26,45,26,7,4,10,19,7.0
22003,1610612742,DAL,Dallas Mavericks,0020300131,2003-11-15,DAL @ MEM,L,264,101,39,97,0.402,6,19,0.316,17,27,0.63,20,38,58,22,10,8,17,24,-7.0
22003,1610612742,DAL,Dallas Mavericks,0020300112,2003-11-13,DAL vs. HOU,W,241,97,36,80,0.45,2,19,0.105,23,28,0.821,11,33,44,19,8,7,7,17,11.0
22003,1610612742,DAL,Dallas Mavericks,0020300098,2003-11-11,DAL vs. NOH,W,240,125,54,93,0.581,9,19,0.474,8,10,0.8,17,28,45,40,9,7,15,22,28.0
22003,1610612742,DAL,Dallas Mavericks,0020300082,2003-11-08,DAL @ SAS,W,241,81,34,85,0.4,5,20,0.25,8,15,0.533,13,32,45,18,9,2,14,19,3.0
22003,1610612742,DAL,Dallas Mavericks,0020300063,2003-11-06,DAL @ TOR,L,241,71,29,82,0.354,4,12,0.333,9,11,0.818,17,27,44,20,6,8,18,19,-6.0
22003,1610612742,DAL,Dallas Mavericks,0020300053,2003-11-05,DAL @ WAS,L,240,90,32,85,0.376,2,11,0.182,24,30,0.8,17,29,46,22,8,5,15,15,-10.0
22003,1610612742,DAL,Dallas Mavericks,0020300045,2003-11-03,DAL vs. MIA,W,240,103,39,77,0.506,9,19,0.474,16,17,0.941,4,32,36,25,8,4,11,10,10.0
22003,1610612742,DAL,Dallas Mavericks,0020300033,2003-11-01,DAL vs. UTA,W,240,127,46,89,0.517,9,23,0.391,26,31,0.839,16,33,49,28,10,4,7,23,25.0
22003,1610612742,DAL,Dallas Mavericks,0020300013,2003-10-29,DAL @ GSW,W,240,95,34,78,0.436,2,14,0.143,25,29,0.862,11,39,50,19,9,5,14,17,8.0
22003,1610612742,DAL,Dallas Mavericks,0020300003,2003-10-28,DAL @ LAL,L,240,93,32,85,0.376,7,25,0.28,22,30,0.733,11,35,46,17,4,1,11,21,-16.0
12003,1610612742,DAL,Dallas Mavericks,0010300004,2003-10-07,DAL vs. ORL,W,65,99,40,82,0.488,1,6,0.167,18,27,0.667,15,37,52,20,9,5,17,30,
12003,1610612742,DAL,Dallas Mavericks,0010300001,2003-10-05,DAL @ UTA,L,55,85,34,76,0.447,2,8,0.25,15,30,0.5,12,26,38,20,9,4,18,34,
42002,1610612742,DAL,Dallas Mavericks,0040200316,2003-05-29,DAL vs. SAS,L,240,78,33,78,0.423,5,18,0.278,7,11,0.636,8,34,42,21,4,10,17,20,-12.0
42002,1610612742,DAL,Dallas Mavericks,0040200315,2003-05-27,DAL @ SAS,W,240,103,36,83,0.434,8,22,0.364,23,23,1.0,11,31,42,16,9,2,11,25,12.0
42002,1610612742,DAL,Dallas Mavericks,0040200314,2003-05-25,DAL vs. SAS,L,240,95,37,85,0.435,12,31,0.387,9,13,0.692,14,26,40,15,5,7,13,22,-7.0
42002,1610612742,DAL,Dallas Mavericks,0040200313,2003-05-23,DAL vs. SAS,L,240,83,35,87,0.402,9,19,0.474,4,6,0.667,7,29,36,24,8,8,13,23,-13.0
42002,1610612742,DAL,Dallas Mavericks,0040200312,2003-05-21,DAL @ SAS,L,240,106,37,90,0.411,12,30,0.4,20,22,0.909,8,33,41,22,9,2,11,26,-13.0
42002,1610612742,DAL,Dallas Mavericks,0040200311,2003-05-19,DAL @ SAS,W,240,113,29,72,0.403,6,16,0.375,49,50,0.98,10,36,46,10,4,5,14,36,3.0
42002,1610612742,DAL,Dallas Mavericks,0040200237,2003-05-17,DAL vs. SAC,W,240,112,45,91,0.495,11,20,0.55,11,16,0.688,8,40,48,27,6,5,7,19,13.0
42002,1610612742,DAL,Dallas Mavericks,0040200236,2003-05-15,DAL @ SAC,L,240,109,40,82,0.488,10,26,0.385,19,22,0.864,6,32,38,16,4,9,14,23,-6.0
42002,1610612742,DAL,Dallas Mavericks,0040200235,2003-05-13,DAL vs. SAC,W,240,112,38,86,0.442,7,23,0.304,29,36,0.806,15,43,58,23,8,11,11,25,19.0
42002,1610612742,DAL,Dallas Mavericks,0040200234,2003-05-11,DAL @ SAC,L,240,83,36,95,0.379,3,20,0.15,8,15,0.533,17,36,53,16,4,3,16,22,-16.0
42002,1610612742,DAL,Dallas Mavericks,0040200233,2003-05-10,DAL @ SAC,W,290,141,53,110,0.482,19,42,0.452,16,20,0.8,11,36,47,28,7,2,10,31,4.0
42002,1610612742,DAL,Dallas Mavericks,0040200232,2003-05-08,DAL vs. SAC,W,240,132,51,99,0.515,17,32,0.531,13,18,0.722,14,32,46,23,5,4,11,25,22.0
42002,1610612742,DAL,Dallas Mavericks,0040200231,2003-05-06,DAL vs. SAC,L,240,113,46,98,0.469,8,24,0.333,13,18,0.722,16,26,42,25,4,5,13,23,-11.0
42002,1610612742,DAL,Dallas Mavericks,0040200167,2003-05-04,DAL vs. POR,W,240,107,38,83,0.458,7,20,0.35,24,26,0.923,13,29,42,15,7,9,11,24,12.0
42002,1610612742,DAL,Dallas Mavericks,0040200166,2003-05-02,DAL @ POR,L,240,103,39,92,0.424,9,17,0.529,16,21,0.762,17,15,32,26,6,2,11,23,-22.0
42002,1610612742,DAL,Dallas Mavericks,0040200165,2003-04-30,DAL vs. POR,L,240,99,36,73,0.493,3,11,0.273,24,29,0.828,11,21,32,18,6,2,11,24,-4.0
42002,1610612742,DAL,Dallas Mavericks,0040200164,2003-04-27,DAL @ POR,L,240,79,31,83,0.373,5,20,0.25,12,13,0.923,10,34,44,18,6,6,15,28,-19.0
42002,1610612742,DAL,Dallas Mavericks,0040200163,2003-04-25,DAL @ POR,W,240,115,42,83,0.506,13,29,0.448,18,21,0.857,10,24,34,27,8,2,6,26,12.0
42002,1610612742,DAL,Dallas Mavericks,0040200162,2003-04-23,DAL vs. POR,W,240,103,38,78,0.487,12,25,0.48,15,18,0.833,10,28,38,20,8,0,14,25,4.0
42002,1610612742,DAL,Dallas Mavericks,0040200161,2003-04-19,DAL vs. POR,W,240,96,34,73,0.466,8,18,0.444,20,24,0.833,7,33,40,18,3,9,10,16,10.0
22002,1610612742,DAL,Dallas Mavericks,0020201184,2003-04-16,DAL @ SAS,W,240,93,40,91,0.44,6,17,0.353,7,8,0.875,9,35,44,28,12,2,10,18,21.0
22002,1610612742,DAL,Dallas Mavericks,0020201168,2003-04-14,DAL vs. SEA,W,241,109,41,83,0.494,5,18,0.278,22,31,0.71,11,38,49,26,4,7,11,25,3.0
22002,1610612742,DAL,Dallas Mavericks,0020201154,2003-04-12,DAL vs. GSW,W,241,117,39,88,0.443,7,19,0.368,32,34,0.941,9,39,48,28,8,4,12,17,9.0
22002,1610612742,DAL,Dallas Mavericks,0020201147,2003-04-11,DAL @ UTA,L,240,92,33,76,0.434,13,24,0.542,13,14,0.929,5,24,29,19,6,3,13,30,-3.0
22002,1610612742,DAL,Dallas Mavericks,0020201133,2003-04-09,DAL @ PHX,L,241,89,32,80,0.4,7,19,0.368,18,23,0.783,12,29,41,19,6,6,19,19,-23.0
22002,1610612742,DAL,Dallas Mavericks,0020201123,2003-04-08,DAL @ LAL,L,241,99,33,81,0.407,13,33,0.394,20,22,0.909,6,31,37,23,8,2,14,25,-9.0
22002,1610612742,DAL,Dallas Mavericks,0020201101,2003-04-05,DAL vs. ORL,W,239,108,42,85,0.494,11,23,0.478,13,17,0.765,9,30,39,29,10,3,16,20,18.0
22002,1610612742,DAL,Dallas Mavericks,0020201086,2003-04-03,DAL vs. LAL,L,240,89,33,89,0.371,7,23,0.304,16,16,1.0,11,33,44,15,11,3,14,26,-11.0
22002,1610612742,DAL,Dallas Mavericks,0020201070,2003-04-01,DAL vs. NOH,W,239,95,38,83,0.458,1,5,0.2,18,21,0.857,11,31,42,20,14,7,8,21,9.0
22002,1610612742,DAL,Dallas Mavericks,0020201054,2003-03-30,DAL @ MIN,W,238,119,49,88,0.557,11,23,0.478,10,14,0.714,11,29,40,39,5,4,12,27,24.0
22002,1610612742,DAL,Dallas Mavericks,0020201047,2003-03-28,DAL @ POR,L,240,95,38,84,0.452,5,16,0.313,14,16,0.875,6,21,27,19,9,2,9,20,-17.0
22002,1610612742,DAL,Dallas Mavericks,0020201033,2003-03-26,DAL @ LAC,W,241,114,41,86,0.477,8,21,0.381,24,27,0.889,14,29,43,27,8,3,9,21,7.0
22002,1610612742,DAL,Dallas Mavericks,0020201012,2003-03-24,DAL @ DEN,W,240,108,36,80,0.45,8,20,0.4,28,30,0.933,13,28,41,17,11,10,12,24,12.0
22002,1610612742,DAL,Dallas Mavericks,0020200999,2003-03-22,DAL vs. PHX,W,240,102,39,84,0.464,7,21,0.333,17,24,0.708,12,32,44,27,4,3,10,18,7.0
22002,1610612742,DAL,Dallas Mavericks,0020200982,2003-03-20,DAL vs. SAS,L,265,110,39,89,0.438,8,21,0.381,24,30,0.8,15,31,46,17,6,3,12,21,-2.0
22002,1610612742,DAL,Dallas Mavericks,0020200966,2003-03-18,DAL vs. CLE,W,240,114,41,80,0.513,9,17,0.529,23,30,0.767,6,30,36,27,13,9,13,24,21.0
22002,1610612742,DAL,Dallas Mavericks,0020200951,2003-03-16,DAL @ SAC,W,264,129,47,99,0.475,10,25,0.4,25,33,0.758,12,43,55,26,6,5,11,22,6.0
22002,1610612742,DAL,Dallas Mavericks,0020200942,2003-03-14,DAL @ GSW,W,239,116,47,95,0.495,10,26,0.385,12,15,0.8,18,24,42,27,7,9,10,25,2.0
22002,1610612742,DAL,Dallas Mavericks,0020200932,2003-03-13,DAL @ SEA,L,239,100,41,84,0.488,7,26,0.269,11,13,0.846,9,23,32,17,5,2,11,27,-7.0
22002,1610612742,DAL,Dallas Mavericks,0020200911,2003-03-10,DAL vs. MIN,L,242,83,33,103,0.32,5,25,0.2,12,16,0.75,30,30,60,22,5,1,10,18,-9.0
22002,1610612742,DAL,Dallas Mavericks,0020200897,2003-03-08,DAL vs. UTA,W,240,101,39,82,0.476,7,17,0.412,16,21,0.762,13,30,43,18,11,9,13,19,24.0
22002,1610612742,DAL,Dallas Mavericks,0020200887,2003-03-07,DAL @ MIA,W,240,91,34,87,0.391,7,17,0.412,16,18,0.889,18,31,49,17,8,3,10,19,2.0
22002,1610612742,DAL,Dallas Mavericks,0020200867,2003-03-04,DAL vs. NJN,W,239,88,34,81,0.42,5,14,0.357,15,17,0.882,10,26,36,21,10,1,9,18,9.0
22002,1610612742,DAL,Dallas Mavericks,0020200846,2003-03-01,DAL vs. MEM,W,241,114,45,91,0.495,8,18,0.444,16,19,0.842,13,36,49,31,10,2,10,25,27.0
22002,1610612742,DAL,Dallas Mavericks,0020200832,2003-02-27,DAL vs. SAC,L,266,124,45,96,0.469,11,28,0.393,23,26,0.885,10,30,40,30,8,7,11,19,-1.0
22002,1610612742,DAL,Dallas Mavericks,0020200813,2003-02-25,DAL @ ORL,L,241,93,39,83,0.47,7,24,0.292,8,10,0.8,7,20,27,18,7,10,13,22,-5.0
22002,1610612742,DAL,Dallas Mavericks,0020200800,2003-02-23,DAL @ WAS,W,264,106,40,85,0.471,10,26,0.385,16,18,0.889,6,33,39,19,7,3,15,20,5.0
22002,1610612742,DAL,Dallas Mavericks,0020200789,2003-02-21,DAL @ HOU,W,241,100,38,77,0.494,6,17,0.353,18,25,0.72,6,34,40,23,9,6,9,18,15.0
22002,1610612742,DAL,Dallas Mavericks,0020200781,2003-02-20,DAL vs. SAS,W,239,95,37,82,0.451,7,21,0.333,14,19,0.737,13,34,47,19,12,6,12,25,8.0
22002,1610612742,DAL,Dallas Mavericks,0020200766,2003-02-18,DAL vs. ATL,W,241,105,40,78,0.513,9,16,0.563,16,17,0.941,10,36,46,24,8,6,18,27,26.0
22002,1610612742,DAL,Dallas Mavericks,0020200745,2003-02-15,DAL vs. MIA,W,240,98,31,73,0.425,5,15,0.333,31,38,0.816,6,32,38,18,6,7,5,18,6.0
22002,1610612742,DAL,Dallas Mavericks,0020200737,2003-02-14,DAL @ MEM,W,240,110,40,85,0.471,10,29,0.345,20,20,1.0,15,36,51,24,4,9,16,23,7.0
22002,1610612742,DAL,Dallas Mavericks,0020200726,2003-02-12,DAL @ MIL,L,241,114,48,97,0.495,8,24,0.333,10,17,0.588,14,29,43,26,4,3,5,24,-6.0
22002,1610612742,DAL,Dallas Mavericks,0020200712,2003-02-11,DAL @ MIN,L,242,98,36,82,0.439,13,25,0.52,13,19,0.684,6,27,33,27,10,4,14,24,-2.0
22002,1610612742,DAL,Dallas Mavericks,0020200695,2003-02-04,DAL vs. SAC,L,239,109,38,87,0.437,13,29,0.448,20,24,0.833,7,34,41,27,7,5,7,15,-1.0
22002,1610612742,DAL,Dallas Mavericks,0020200686,2003-02-03,DAL @ UTA,W,240,92,37,84,0.44,12,29,0.414,6,7,0.857,8,23,31,21,8,11,10,17,2.0
22002,1610612742,DAL,Dallas Mavericks,0020200673,2003-02-01,DAL vs. DEN,W,240,122,48,87,0.552,12,20,0.6,14,17,0.824,8,28,36,31,8,4,12,20,22.0
22002,1610612742,DAL,Dallas Mavericks,0020200653,2003-01-30,DAL vs. MIN,W,240,112,44,91,0.484,8,19,0.421,16,23,0.696,15,29,44,25,6,7,5,15,3.0
22002,1610612742,DAL,Dallas Mavericks,0020200649,2003-01-29,DAL @ HOU,W,242,104,36,85,0.424,15,32,0.469,17,18,0.944,9,31,40,25,11,10,12,22,23.0
22002,1610612742,DAL,Dallas Mavericks,0020200629,2003-01-26,DAL vs. POR,L,240,93,35,76,0.461,8,22,0.364,15,23,0.652,11,23,34,22,6,10,14,23,-7.0
22002,1610612742,DAL,Dallas Mavericks,0020200606,2003-01-24,DAL @ NYK,W,239,101,34,77,0.442,9,23,0.391,24,30,0.8,8,29,37,21,9,1,9,15,11.0
22002,1610612742,DAL,Dallas Mavericks,0020200603,2003-01-23,DAL @ PHI,W,240,107,42,85,0.494,12,22,0.545,11,11,1.0,9,30,39,24,7,7,10,22,13.0
22002,1610612742,DAL,Dallas Mavericks,0020200589,2003-01-21,DAL vs. HOU,W,240,107,36,86,0.419,8,18,0.444,27,28,0.964,14,23,37,22,15,6,9,32,21.0
22002,1610612742,DAL,Dallas Mavericks,0020200575,2003-01-19,DAL @ SEA,L,240,81,30,79,0.38,6,19,0.316,15,19,0.789,12,23,35,14,3,4,13,16,-4.0
22002,1610612742,DAL,Dallas Mavericks,0020200562,2003-01-17,DAL @ PHX,L,240,106,36,94,0.383,9,26,0.346,25,27,0.926,19,31,50,14,5,4,8,22,-5.0
22002,1610612742,DAL,Dallas Mavericks,0020200549,2003-01-15,DAL @ SAC,L,241,94,39,91,0.429,5,18,0.278,11,16,0.688,13,27,40,20,6,2,16,18,-29.0
22002,1610612742,DAL,Dallas Mavericks,0020200524,2003-01-12,DAL @ LAC,W,240,96,36,80,0.45,6,20,0.3,18,24,0.75,11,27,38,20,4,8,9,18,6.0
22002,1610612742,DAL,Dallas Mavericks,0020200510,2003-01-10,DAL vs. BOS,W,240,103,39,84,0.464,8,18,0.444,17,20,0.85,15,34,49,30,6,6,8,20,25.0
22002,1610612742,DAL,Dallas Mavericks,0020200495,2003-01-08,DAL @ ATL,W,239,117,45,88,0.511,10,21,0.476,17,19,0.895,8,31,39,28,7,2,8,14,18.0
22002,1610612742,DAL,Dallas Mavericks,0020200485,2003-01-06,DAL vs. DEN,W,239,86,31,76,0.408,3,15,0.2,21,27,0.778,13,26,39,20,11,5,10,19,15.0
22002,1610612742,DAL,Dallas Mavericks,0020200463,2003-01-04,DAL vs. PHI,W,239,102,40,79,0.506,3,10,0.3,19,25,0.76,15,28,43,21,5,12,12,19,19.0
22002,1610612742,DAL,Dallas Mavericks,0020200451,2003-01-02,DAL vs. LAC,W,239,102,38,89,0.427,1,11,0.091,25,30,0.833,9,35,44,19,7,11,8,24,10.0
22002,1610612742,DAL,Dallas Mavericks,0020200438,2002-12-30,DAL vs. MIL,L,240,107,41,102,0.402,3,19,0.158,22,26,0.846,16,30,46,24,9,4,6,15,-3.0
22002,1610612742,DAL,Dallas Mavericks,0020200424,2002-12-28,DAL vs. NYK,W,239,107,45,83,0.542,4,15,0.267,13,17,0.765,8,35,43,31,7,6,8,15,25.0
22002,1610612742,DAL,Dallas Mavericks,0020200406,2002-12-26,DAL @ NOH,W,239,83,34,90,0.378,3,14,0.214,12,15,0.8,9,34,43,20,5,10,7,20,2.0
22002,1610612742,DAL,Dallas Mavericks,0020200398,2002-12-23,DAL vs. WAS,W,239,92,33,81,0.407,3,13,0.231,23,28,0.821,15,39,54,15,5,3,9,21,6.0
22002,1610612742,DAL,Dallas Mavericks,0020200375,2002-12-20,DAL vs. UTA,L,240,81,25,75,0.333,4,24,0.167,27,31,0.871,10,27,37,9,10,4,12,29,-12.0
22002,1610612742,DAL,Dallas Mavericks,0020200362,2002-12-18,DAL @ DEN,W,240,80,27,82,0.329,6,24,0.25,20,21,0.952,9,29,38,17,11,8,9,22,5.0
22002,1610612742,DAL,Dallas Mavericks,0020200353,2002-12-17,DAL vs. IND,W,241,118,46,97,0.474,10,24,0.417,16,18,0.889,16,31,47,27,9,8,11,25,21.0
22002,1610612742,DAL,Dallas Mavericks,0020200334,2002-12-14,DAL vs. MEM,W,240,104,41,95,0.432,8,25,0.32,14,16,0.875,18,34,52,19,9,11,10,21,17.0
22002,1610612742,DAL,Dallas Mavericks,0020200313,2002-12-11,DAL @ SAS,L,240,104,42,93,0.452,10,28,0.357,10,13,0.769,6,29,35,22,9,5,11,23,-7.0
22002,1610612742,DAL,Dallas Mavericks,0020200303,2002-12-10,DAL vs. LAC,W,240,122,43,81,0.531,14,24,0.583,22,24,0.917,11,34,45,29,7,8,12,26,27.0
22002,1610612742,DAL,Dallas Mavericks,0020200288,2002-12-07,DAL @ GSW,W,243,121,40,82,0.488,5,13,0.385,36,41,0.878,9,27,36,18,9,6,10,24,5.0
22002,1610612742,DAL,Dallas Mavericks,0020200278,2002-12-06,DAL @ LAL,L,242,103,33,80,0.413,15,25,0.6,22,24,0.917,4,27,31,21,7,3,7,24,-2.0
22002,1610612742,DAL,Dallas Mavericks,0020200264,2002-12-04,DAL @ POR,W,239,103,41,90,0.456,13,28,0.464,8,10,0.8,16,35,51,23,8,5,15,19,15.0
22002,1610612742,DAL,Dallas Mavericks,0020200246,2002-12-02,DAL vs. TOR,W,240,113,41,74,0.554,6,13,0.462,25,30,0.833,8,28,36,23,12,5,10,16,11.0
22002,1610612742,DAL,Dallas Mavericks,0020200233,2002-11-30,DAL vs. CHI,W,241,103,41,82,0.5,9,21,0.429,12,16,0.75,8,38,46,26,10,4,17,28,13.0
22002,1610612742,DAL,Dallas Mavericks,0020200216,2002-11-28,DAL @ IND,L,240,98,34,90,0.378,8,28,0.286,22,28,0.786,12,24,36,18,10,7,11,24,-12.0
22002,1610612742,DAL,Dallas Mavericks,0020200208,2002-11-27,DAL @ DET,W,240,102,37,86,0.43,2,11,0.182,26,30,0.867,15,36,51,19,10,7,8,19,20.0
22002,1610612742,DAL,Dallas Mavericks,0020200185,2002-11-23,DAL vs. SEA,W,241,115,39,92,0.424,8,26,0.308,29,31,0.935,18,29,47,19,6,4,10,20,10.0
22002,1610612742,DAL,Dallas Mavericks,0020200166,2002-11-21,DAL vs. HOU,W,240,103,41,84,0.488,8,13,0.615,13,18,0.722,8,35,43,23,8,4,10,18,13.0
22002,1610612742,DAL,Dallas Mavericks,0020200151,2002-11-19,DAL vs. LAL,W,238,98,37,92,0.402,5,14,0.357,19,22,0.864,15,49,64,21,9,4,14,21,26.0
22002,1610612742,DAL,Dallas Mavericks,0020200131,2002-11-16,DAL @ NJN,W,240,96,38,88,0.432,6,9,0.667,14,16,0.875,12,33,45,17,6,6,12,15,8.0
22002,1610612742,DAL,Dallas Mavericks,0020200119,2002-11-15,DAL @ BOS,W,241,97,38,81,0.469,7,21,0.333,14,18,0.778,10,40,50,26,8,7,16,14,11.0
22002,1610612742,DAL,Dallas Mavericks,0020200109,2002-11-13,DAL @ CLE,W,240,103,37,79,0.468,2,15,0.133,27,29,0.931,8,27,35,18,5,4,10,22,4.0
22002,1610612742,DAL,Dallas Mavericks,0020200097,2002-11-11,DAL vs. POR,W,240,82,31,78,0.397,7,25,0.28,13,15,0.867,14,40,54,20,16,4,18,20,9.0
22002,1610612742,DAL,Dallas Mavericks,0020200088,2002-11-09,DAL vs. DET,W,241,114,41,79,0.519,8,17,0.471,24,28,0.857,5,34,39,24,10,2,3,24,39.0
22002,1610612742,DAL,Dallas Mavericks,0020200078,2002-11-08,DAL @ CHI,W,240,114,40,81,0.494,9,18,0.5,25,30,0.833,9,38,47,26,10,11,13,21,27.0
22002,1610612742,DAL,Dallas Mavericks,0020200062,2002-11-06,DAL @ TOR,W,239,106,41,79,0.519,8,13,0.615,16,21,0.762,9,33,42,22,7,7,12,14,14.0
22002,1610612742,DAL,Dallas Mavericks,0020200050,2002-11-04,DAL vs. GSW,W,241,107,41,88,0.466,7,19,0.368,18,25,0.72,12,35,47,16,8,6,15,25,7.0
22002,1610612742,DAL,Dallas Mavericks,0020200038,2002-11-02,DAL vs. PHX,W,239,97,34,78,0.436,9,20,0.45,20,26,0.769,9,25,34,21,11,4,13,20,14.0
22002,1610612742,DAL,Dallas Mavericks,0020200012,2002-10-30,DAL @ MEM,W,240,119,47,95,0.495,10,24,0.417,15,20,0.75,13,33,46,32,11,3,13,25,11.0
42001,1610612742,DAL,Dallas Mavericks,0040100225,2002-05-13,DAL @ SAC,L,239,101,40,84,0.476,6,18,0.333,15,20,0.75,10,30,40,23,5,3,11,25,-13.0
42001,1610612742,DAL,Dallas Mavericks,0040100224,2002-05-11,DAL vs. SAC,L,266,113,40,93,0.43,9,23,0.391,24,26,0.923,14,28,42,22,9,4,16,26,-1.0
42001,1610612742,DAL,Dallas Mavericks,0040100223,2002-05-09,DAL vs. SAC,L,241,119,43,94,0.457,8,25,0.32,25,29,0.862,14,24,38,24,6,2,11,26,-6.0
42001,1610612742,DAL,Dallas Mavericks,0040100222,2002-05-06,DAL @ SAC,W,239,110,42,87,0.483,7,19,0.368,19,24,0.792,11,37,48,17,5,7,15,23,8.0
42001,1610612742,DAL,Dallas Mavericks,0040100221,2002-05-04,DAL @ SAC,L,241,91,35,90,0.389,6,23,0.261,15,22,0.682,13,30,43,13,4,5,14,25,-17.0
42001,1610612742,DAL,Dallas Mavericks,0040100173,2002-04-28,DAL @ MIN,W,239,115,35,78,0.449,13,24,0.542,32,35,0.914,9,31,40,18,8,2,13,30,13.0
42001,1610612742,DAL,Dallas Mavericks,0040100172,2002-04-24,DAL vs. MIN,W,241,122,46,94,0.489,11,22,0.5,19,23,0.826,12,33,45,23,6,4,6,30,12.0
42001,1610612742,DAL,Dallas Mavericks,0040100171,2002-04-21,DAL vs. MIN,W,239,101,37,84,0.44,7,23,0.304,20,23,0.87,4,35,39,17,7,10,8,21,7.0
22001,1610612742,DAL,Dallas Mavericks,0020101185,2002-04-17,DAL @ PHX,L,239,76,30,84,0.357,6,20,0.3,10,12,0.833,12,32,44,17,10,7,12,12,-12.0
22001,1610612742,DAL,Dallas Mavericks,0020101171,2002-04-16,DAL vs. UTA,W,240,96,32,79,0.405,4,12,0.333,28,32,0.875,12,29,41,19,13,9,15,19,9.0
22001,1610612742,DAL,Dallas Mavericks,0020101161,2002-04-14,DAL @ SAC,W,239,113,45,94,0.479,8,22,0.364,15,16,0.938,18,32,50,24,4,5,8,32,13.0
22001,1610612742,DAL,Dallas Mavericks,0020101149,2002-04-13,DAL @ SEA,W,239,116,47,88,0.534,6,17,0.353,16,19,0.842,11,32,43,23,8,7,10,20,17.0
22001,1610612742,DAL,Dallas Mavericks,0020101133,2002-04-11,DAL vs. HOU,L,265,95,39,101,0.386,6,17,0.353,11,15,0.733,23,32,55,20,6,8,11,24,-3.0
22001,1610612742,DAL,Dallas Mavericks,0020101119,2002-04-09,DAL vs. POR,W,240,108,36,79,0.456,11,31,0.355,25,31,0.806,8,35,43,17,5,5,9,22,12.0
22001,1610612742,DAL,Dallas Mavericks,0020101110,2002-04-08,DAL @ UTA,W,240,105,43,91,0.473,6,18,0.333,13,15,0.867,16,30,46,22,7,7,13,23,9.0
22001,1610612742,DAL,Dallas Mavericks,0020101093,2002-04-06,DAL @ SAS,L,241,87,35,82,0.427,5,22,0.227,12,19,0.632,8,33,41,12,5,2,13,32,-2.0
22001,1610612742,DAL,Dallas Mavericks,0020101078,2002-04-04,DAL vs. LAC,W,241,115,50,95,0.526,5,14,0.357,10,14,0.714,18,32,50,24,5,8,11,21,25.0
22001,1610612742,DAL,Dallas Mavericks,0020101051,2002-03-31,DAL @ WAS,W,239,110,40,77,0.519,10,20,0.5,20,23,0.87,11,31,42,22,7,4,12,17,7.0
22001,1610612742,DAL,Dallas Mavericks,0020101032,2002-03-29,DAL @ BOS,W,241,108,40,91,0.44,9,25,0.36,19,26,0.731,12,40,52,28,12,7,16,24,26.0
22001,1610612742,DAL,Dallas Mavericks,0020101027,2002-03-28,DAL @ MIN,L,240,111,40,79,0.506,11,21,0.524,20,24,0.833,5,27,32,28,2,4,8,24,-3.0
22001,1610612742,DAL,Dallas Mavericks,0020101012,2002-03-26,DAL @ MIL,W,265,112,43,94,0.457,9,26,0.346,17,20,0.85,12,34,46,27,5,3,8,19,6.0
22001,1610612742,DAL,Dallas Mavericks,0020100989,2002-03-23,DAL vs. MEM,W,239,111,43,77,0.558,9,15,0.6,16,18,0.889,8,29,37,26,11,6,14,32,11.0
22001,1610612742,DAL,Dallas Mavericks,0020100974,2002-03-21,DAL vs. SAS,L,240,102,39,86,0.453,11,28,0.393,13,16,0.813,9,31,40,19,4,2,9,28,-3.0
22001,1610612742,DAL,Dallas Mavericks,0020100962,2002-03-19,DAL vs. LAL,W,240,114,36,88,0.409,10,24,0.417,32,37,0.865,19,37,56,18,5,6,10,28,16.0
22001,1610612742,DAL,Dallas Mavericks,0020100950,2002-03-17,DAL @ LAL,L,240,103,37,85,0.435,15,40,0.375,14,16,0.875,7,36,43,21,4,6,9,23,-2.0
22001,1610612742,DAL,Dallas Mavericks,0020100943,2002-03-16,DAL @ GSW,W,240,117,45,90,0.5,13,28,0.464,14,17,0.824,12,27,39,24,12,2,13,24,17.0
22001,1610612742,DAL,Dallas Mavericks,0020100925,2002-03-14,DAL @ POR,L,238,106,40,76,0.526,4,12,0.333,22,22,1.0,7,25,32,24,9,5,22,22,-26.0
22001,1610612742,DAL,Dallas Mavericks,0020100905,2002-03-11,DAL vs. SEA,W,240,119,44,84,0.524,11,22,0.5,20,26,0.769,11,29,40,26,6,6,11,24,11.0
22001,1610612742,DAL,Dallas Mavericks,0020100889,2002-03-09,DAL vs. GSW,W,240,107,41,92,0.446,6,15,0.4,19,23,0.826,16,31,47,20,11,9,11,21,2.0
22001,1610612742,DAL,Dallas Mavericks,0020100872,2002-03-07,DAL vs. TOR,W,241,122,46,71,0.648,7,11,0.636,23,33,0.697,5,29,34,32,7,6,8,27,19.0
22001,1610612742,DAL,Dallas Mavericks,0020100857,2002-03-05,DAL vs. PHX,W,240,81,30,81,0.37,2,14,0.143,19,24,0.792,10,43,53,19,9,9,18,21,4.0
22001,1610612742,DAL,Dallas Mavericks,0020100846,2002-03-03,DAL @ DEN,W,265,116,42,92,0.457,8,23,0.348,24,37,0.649,13,33,46,23,7,6,6,28,6.0
22001,1610612742,DAL,Dallas Mavericks,0020100834,2002-03-02,DAL vs. MIA,L,240,95,33,81,0.407,8,18,0.444,21,27,0.778,8,27,35,19,7,5,14,28,-14.0
22001,1610612742,DAL,Dallas Mavericks,0020100805,2002-02-26,DAL vs. MEM,W,240,104,42,84,0.5,7,20,0.35,13,17,0.765,11,33,44,28,9,5,10,18,13.0
22001,1610612742,DAL,Dallas Mavericks,0020100783,2002-02-23,DAL vs. SAC,W,241,111,41,81,0.506,12,24,0.5,17,24,0.708,6,40,46,23,7,5,12,17,14.0
22001,1610612742,DAL,Dallas Mavericks,0020100771,2002-02-21,DAL vs. BOS,W,240,98,35,85,0.412,10,25,0.4,18,21,0.857,13,41,54,20,8,6,19,21,6.0
22001,1610612742,DAL,Dallas Mavericks,0020100754,2002-02-19,DAL vs. MIN,L,241,100,37,92,0.402,7,26,0.269,19,23,0.826,14,32,46,22,5,1,14,23,-17.0
22001,1610612742,DAL,Dallas Mavericks,0020100743,2002-02-17,DAL @ PHX,W,240,105,38,86,0.442,10,20,0.5,19,21,0.905,9,35,44,23,8,2,8,18,13.0
22001,1610612742,DAL,Dallas Mavericks,0020100735,2002-02-16,DAL @ LAC,L,240,110,41,96,0.427,8,18,0.444,20,24,0.833,14,27,41,20,5,3,6,23,-9.0
22001,1610612742,DAL,Dallas Mavericks,0020100714,2002-02-13,DAL @ POR,L,239,103,38,79,0.481,7,21,0.333,20,22,0.909,2,25,27,24,10,4,15,18,-11.0
22001,1610612742,DAL,Dallas Mavericks,0020100706,2002-02-12,DAL @ SEA,W,241,112,43,82,0.524,11,28,0.393,15,21,0.714,10,33,43,25,7,4,16,20,6.0
22001,1610612742,DAL,Dallas Mavericks,0020100688,2002-02-06,DAL @ NJN,W,239,112,40,78,0.513,5,20,0.25,27,27,1.0,7,30,37,20,6,3,14,19,12.0
22001,1610612742,DAL,Dallas Mavericks,0020100682,2002-02-05,DAL @ IND,W,288,141,46,93,0.495,11,21,0.524,38,42,0.905,9,42,51,25,9,5,17,22,1.0
22001,1610612742,DAL,Dallas Mavericks,0020100668,2002-02-03,DAL vs. LAL,L,240,94,32,85,0.376,4,28,0.143,26,33,0.788,9,39,48,21,3,5,6,24,-7.0
22001,1610612742,DAL,Dallas Mavericks,0020100645,2002-01-31,DAL vs. HOU,W,240,95,41,95,0.432,6,21,0.286,7,15,0.467,20,29,49,14,8,5,6,21,4.0
22001,1610612742,DAL,Dallas Mavericks,0020100630,2002-01-29,DAL vs. LAC,L,240,100,41,90,0.456,7,17,0.412,11,13,0.846,11,28,39,18,7,5,11,19,-17.0
22001,1610612742,DAL,Dallas Mavericks,0020100619,2002-01-26,DAL @ LAC,W,239,133,49,85,0.576,11,21,0.524,24,28,0.857,10,24,34,23,10,3,7,20,21.0
22001,1610612742,DAL,Dallas Mavericks,0020100602,2002-01-24,DAL @ DEN,W,240,104,40,81,0.494,9,14,0.643,15,20,0.75,8,34,42,28,4,6,14,15,7.0
22001,1610612742,DAL,Dallas Mavericks,0020100586,2002-01-22,DAL @ HOU,W,241,113,39,89,0.438,10,21,0.476,25,27,0.926,15,32,47,20,2,7,13,24,6.0
22001,1610612742,DAL,Dallas Mavericks,0020100574,2002-01-21,DAL vs. NJN,W,239,113,36,83,0.434,5,21,0.238,36,42,0.857,12,33,45,18,10,4,8,21,8.0
22001,1610612742,DAL,Dallas Mavericks,0020100565,2002-01-19,DAL vs. UTA,W,239,106,34,76,0.447,9,17,0.529,29,33,0.879,15,32,47,17,3,2,16,22,3.0
22001,1610612742,DAL,Dallas Mavericks,0020100546,2002-01-17,DAL @ MEM,W,240,108,39,82,0.476,9,16,0.563,21,26,0.808,14,25,39,21,11,2,12,21,11.0
22001,1610612742,DAL,Dallas Mavericks,0020100529,2002-01-15,DAL @ ATL,W,241,116,39,82,0.476,18,40,0.45,20,28,0.714,9,28,37,27,12,5,12,25,9.0
22001,1610612742,DAL,Dallas Mavericks,0020100523,2002-01-14,DAL @ ORL,L,240,87,33,82,0.402,4,19,0.211,17,24,0.708,13,22,35,14,10,4,11,26,-26.0
22001,1610612742,DAL,Dallas Mavericks,0020100515,2002-01-12,DAL vs. IND,W,242,111,39,94,0.415,8,19,0.421,25,31,0.806,14,32,46,21,6,2,8,17,9.0
22001,1610612742,DAL,Dallas Mavericks,0020100496,2002-01-10,DAL vs. NYK,W,239,111,43,81,0.531,4,20,0.2,21,25,0.84,9,36,45,26,10,8,13,22,22.0
22001,1610612742,DAL,Dallas Mavericks,0020100484,2002-01-08,DAL vs. DEN,W,241,95,35,76,0.461,5,17,0.294,20,29,0.69,7,30,37,20,8,4,13,18,1.0
22001,1610612742,DAL,Dallas Mavericks,0020100463,2002-01-05,DAL vs. SAS,L,241,103,37,86,0.43,6,14,0.429,23,29,0.793,16,29,45,24,2,3,9,27,-2.0
22001,1610612742,DAL,Dallas Mavericks,0020100445,2002-01-03,DAL @ NYK,L,266,101,37,97,0.381,7,25,0.28,20,23,0.87,13,31,44,20,8,2,17,24,-7.0
22001,1610612742,DAL,Dallas Mavericks,0020100438,2002-01-02,DAL @ CHI,W,239,107,36,78,0.462,7,19,0.368,28,36,0.778,7,28,35,24,9,5,13,24,10.0
22001,1610612742,DAL,Dallas Mavericks,0020100420,2001-12-29,DAL vs. ATL,W,241,113,42,87,0.483,10,23,0.435,19,26,0.731,12,40,52,27,7,8,16,23,16.0
22001,1610612742,DAL,Dallas Mavericks,0020100403,2001-12-27,DAL vs. CHI,W,240,89,36,82,0.439,5,18,0.278,12,21,0.571,12,32,44,24,13,5,15,24,15.0
22001,1610612742,DAL,Dallas Mavericks,0020100392,2001-12-26,DAL @ SAS,W,265,126,47,84,0.56,7,15,0.467,25,29,0.862,10,31,41,24,7,3,20,31,3.0
22001,1610612742,DAL,Dallas Mavericks,0020100376,2001-12-22,DAL vs. ORL,W,241,102,35,81,0.432,10,23,0.435,22,27,0.815,14,35,49,22,4,3,8,17,22.0
22001,1610612742,DAL,Dallas Mavericks,0020100359,2001-12-20,DAL vs. MIL,W,240,113,45,87,0.517,9,25,0.36,14,21,0.667,11,39,50,27,9,6,13,22,12.0
22001,1610612742,DAL,Dallas Mavericks,0020100342,2001-12-18,DAL @ MIN,W,240,107,35,80,0.438,9,20,0.45,28,32,0.875,10,27,37,17,3,4,11,20,4.0
22001,1610612742,DAL,Dallas Mavericks,0020100325,2001-12-15,DAL vs. MIN,W,240,125,42,80,0.525,11,21,0.524,30,35,0.857,9,31,40,28,4,2,12,20,8.0
22001,1610612742,DAL,Dallas Mavericks,0020100310,2001-12-13,DAL vs. CLE,W,239,102,39,84,0.464,8,17,0.471,16,23,0.696,13,35,48,24,4,4,11,17,20.0
22001,1610612742,DAL,Dallas Mavericks,0020100297,2001-12-11,DAL vs. POR,W,240,105,37,86,0.43,6,19,0.316,25,32,0.781,17,25,42,22,7,7,10,22,2.0
22001,1610612742,DAL,Dallas Mavericks,0020100289,2001-12-10,DAL @ UTA,L,240,98,35,75,0.467,7,23,0.304,21,24,0.875,8,29,37,20,4,3,14,33,-9.0
22001,1610612742,DAL,Dallas Mavericks,0020100282,2001-12-08,DAL vs. WAS,L,238,95,40,83,0.482,7,18,0.389,8,14,0.571,11,19,30,26,8,1,11,28,-7.0
22001,1610612742,DAL,Dallas Mavericks,0020100259,2001-12-05,DAL @ LAL,L,241,94,35,79,0.443,5,17,0.294,19,23,0.826,8,33,41,24,8,5,14,32,-4.0
22001,1610612742,DAL,Dallas Mavericks,0020100240,2001-12-02,DAL @ SAC,W,263,120,45,87,0.517,8,21,0.381,22,29,0.759,8,34,42,26,6,7,9,25,6.0
22001,1610612742,DAL,Dallas Mavericks,0020100236,2001-12-01,DAL @ GSW,W,240,111,45,90,0.5,6,17,0.353,15,19,0.789,11,38,49,34,11,4,9,35,29.0
22001,1610612742,DAL,Dallas Mavericks,0020100217,2001-11-29,DAL vs. SAC,L,242,98,39,88,0.443,8,23,0.348,12,12,1.0,13,26,39,23,7,5,14,23,-12.0
22001,1610612742,DAL,Dallas Mavericks,0020100201,2001-11-27,DAL vs. GSW,W,239,116,44,88,0.5,5,15,0.333,23,27,0.852,12,27,39,24,6,2,7,23,10.0
22001,1610612742,DAL,Dallas Mavericks,0020100185,2001-11-24,DAL vs. PHX,W,240,119,39,82,0.476,8,14,0.571,33,38,0.868,15,28,43,16,6,6,10,21,15.0
22001,1610612742,DAL,Dallas Mavericks,0020100170,2001-11-23,DAL @ MIA,W,239,104,38,80,0.475,6,15,0.4,22,26,0.846,12,32,44,19,5,4,10,24,10.0
22001,1610612742,DAL,Dallas Mavericks,0020100156,2001-11-21,DAL @ CHH,W,240,89,34,87,0.391,4,18,0.222,17,19,0.895,11,28,39,18,9,7,7,22,11.0
22001,1610612742,DAL,Dallas Mavericks,0020100150,2001-11-20,DAL vs. SEA,L,241,97,40,97,0.412,8,26,0.308,9,10,0.9,21,30,51,21,8,4,9,24,-8.0
22001,1610612742,DAL,Dallas Mavericks,0020100138,2001-11-17,DAL @ HOU,L,240,87,37,84,0.44,4,13,0.308,9,14,0.643,7,22,29,16,8,3,12,26,-37.0
22001,1610612742,DAL,Dallas Mavericks,0020100117,2001-11-15,DAL @ DET,L,239,89,35,86,0.407,4,13,0.308,15,16,0.938,12,28,40,9,0,1,9,19,-26.0
22001,1610612742,DAL,Dallas Mavericks,0020100111,2001-11-14,DAL @ CLE,W,240,107,46,83,0.554,5,13,0.385,10,14,0.714,10,26,36,27,5,5,9,17,13.0
22001,1610612742,DAL,Dallas Mavericks,0020100091,2001-11-10,DAL vs. PHI,L,240,91,30,79,0.38,7,21,0.333,24,26,0.923,9,29,38,21,9,5,13,15,-7.0
22001,1610612742,DAL,Dallas Mavericks,0020100074,2001-11-08,DAL vs. DEN,W,243,105,36,79,0.456,4,11,0.364,29,36,0.806,16,33,49,22,4,13,12,21,14.0
22001,1610612742,DAL,Dallas Mavericks,0020100059,2001-11-06,DAL vs. CHH,W,238,110,38,79,0.481,7,19,0.368,27,32,0.844,6,36,42,22,9,5,9,15,18.0
22001,1610612742,DAL,Dallas Mavericks,0020100045,2001-11-04,DAL @ MEM,W,240,94,37,78,0.474,2,18,0.111,18,31,0.581,5,37,42,24,11,5,15,26,9.0
22001,1610612742,DAL,Dallas Mavericks,0020100026,2001-11-02,DAL @ TOR,L,240,92,33,79,0.418,7,18,0.389,19,24,0.792,7,32,39,19,3,4,16,15,-17.0
22001,1610612742,DAL,Dallas Mavericks,0020100019,2001-11-01,DAL @ PHI,W,239,99,35,79,0.443,9,25,0.36,20,28,0.714,8,30,38,21,9,3,9,18,7.0
22001,1610612742,DAL,Dallas Mavericks,0020100006,2001-10-30,DAL vs. DET,W,239,94,34,82,0.415,8,19,0.421,18,20,0.9,12,30,42,24,9,4,13,20,7.0
42000,1610612742,DAL,Dallas Mavericks,0040000059,2001-05-14,DAL @ SAS,L,240,87,33,90,0.367,0,11,0.0,21,26,0.808,19,28,47,16,12,3,12,20,-18.0
42000,1610612742,DAL,Dallas Mavericks,0040000058,2001-05-12,DAL vs. SAS,W,240,112,45,93,0.484,4,11,0.364,18,19,0.947,12,29,41,29,6,6,7,28,4.0
42000,1610612742,DAL,Dallas Mavericks,0040000057,2001-05-09,DAL vs. SAS,L,240,90,33,95,0.347,9,17,0.529,15,22,0.682,21,27,48,19,8,6,11,28,-14.0
42000,1610612742,DAL,Dallas Mavericks,0040000056,2001-05-07,DAL @ SAS,L,240,86,27,79,0.342,7,14,0.5,25,29,0.862,12,26,38,13,9,4,8,16,-14.0
42000,1610612742,DAL,Dallas Mavericks,0040000055,2001-05-05,DAL @ SAS,L,240,78,30,81,0.37,3,16,0.188,15,17,0.882,9,33,42,18,5,9,12,28,-16.0
42000,1610612742,DAL,Dallas Mavericks,0040000034,2001-05-03,DAL @ UTA,W,240,84,27,68,0.397,8,18,0.444,22,26,0.846,9,28,37,12,3,9,12,23,1.0
42000,1610612742,DAL,Dallas Mavericks,0040000028,2001-05-01,DAL vs. UTA,W,239,107,36,78,0.462,13,25,0.52,22,23,0.957,8,37,45,20,5,8,9,19,30.0
42000,1610612742,DAL,Dallas Mavericks,0040000018,2001-04-28,DAL vs. UTA,W,240,94,32,83,0.386,4,15,0.267,26,30,0.867,12,33,45,15,6,2,11,15,3.0
42000,1610612742,DAL,Dallas Mavericks,0040000012,2001-04-24,DAL @ UTA,L,240,98,28,69,0.406,6,25,0.24,36,46,0.783,11,19,30,13,1,2,13,34,-11.0
42000,1610612742,DAL,Dallas Mavericks,0040000001,2001-04-21,DAL @ UTA,L,240,86,31,72,0.431,7,20,0.35,17,18,0.944,9,28,37,15,4,6,16,23,-2.0
22000,1610612742,DAL,Dallas Mavericks,0020001185,2001-04-18,DAL vs. MIN,W,241,120,50,91,0.549,5,17,0.294,15,20,0.75,6,39,45,33,8,9,14,23,20.0
22000,1610612742,DAL,Dallas Mavericks,0020001168,2001-04-16,DAL @ GSW,W,239,110,36,69,0.522,7,11,0.636,31,39,0.795,8,30,38,25,5,10,20,34,9.0
22000,1610612742,DAL,Dallas Mavericks,0020001163,2001-04-15,DAL @ SEA,W,265,107,36,89,0.404,9,27,0.333,26,32,0.813,16,44,60,23,8,7,19,19,8.0
22000,1610612742,DAL,Dallas Mavericks,0020001144,2001-04-13,DAL vs. SAC,W,240,101,40,93,0.43,3,10,0.3,18,24,0.75,12,32,44,20,7,10,11,18,4.0
22000,1610612742,DAL,Dallas Mavericks,0020001130,2001-04-11,DAL @ PHX,L,241,106,38,80,0.475,5,15,0.333,25,32,0.781,6,31,37,19,8,4,13,25,-5.0
22000,1610612742,DAL,Dallas Mavericks,0020001120,2001-04-10,DAL @ SAS,L,240,79,29,82,0.354,6,17,0.353,15,19,0.789,12,33,45,17,7,10,16,22,-12.0
22000,1610612742,DAL,Dallas Mavericks,0020001100,2001-04-07,DAL vs. UTA,L,240,103,33,63,0.524,7,18,0.389,30,32,0.938,3,25,28,23,7,6,23,31,-13.0
22000,1610612742,DAL,Dallas Mavericks,0020001084,2001-04-05,DAL vs. ATL,W,240,108,36,85,0.424,7,17,0.412,29,35,0.829,9,32,41,24,10,7,9,18,14.0
22000,1610612742,DAL,Dallas Mavericks,0020001069,2001-04-03,DAL @ HOU,W,241,109,44,86,0.512,5,16,0.313,16,19,0.842,9,35,44,20,5,3,11,28,12.0
22000,1610612742,DAL,Dallas Mavericks,0020001060,2001-04-01,DAL @ SAC,W,241,119,49,97,0.505,9,18,0.5,12,14,0.857,12,33,45,29,11,6,13,21,12.0
22000,1610612742,DAL,Dallas Mavericks,0020001044,2001-03-30,DAL @ LAL,L,240,89,38,76,0.5,4,13,0.308,9,17,0.529,5,22,27,22,10,5,10,21,-9.0
22000,1610612742,DAL,Dallas Mavericks,0020001029,2001-03-28,DAL @ POR,W,239,94,38,83,0.458,8,19,0.421,10,13,0.769,9,37,46,26,6,5,16,25,10.0
22000,1610612742,DAL,Dallas Mavericks,0020001013,2001-03-26,DAL @ UTA,W,240,98,32,85,0.376,7,18,0.389,27,29,0.931,9,41,50,18,4,8,7,23,8.0
22000,1610612742,DAL,Dallas Mavericks,0020001000,2001-03-24,DAL vs. CHH,W,240,103,35,76,0.461,7,19,0.368,26,39,0.667,9,41,50,22,4,7,14,28,3.0
22000,1610612742,DAL,Dallas Mavericks,0020000982,2001-03-21,DAL @ MIN,L,239,97,35,80,0.438,6,15,0.4,21,31,0.677,10,24,34,18,7,7,15,16,-12.0
22000,1610612742,DAL,Dallas Mavericks,0020000972,2001-03-20,DAL vs. POR,L,239,88,33,84,0.393,6,22,0.273,16,25,0.64,12,27,39,19,5,10,8,26,-8.0
22000,1610612742,DAL,Dallas Mavericks,0020000956,2001-03-17,DAL vs. PHX,W,240,109,39,84,0.464,8,12,0.667,23,30,0.767,15,31,46,23,6,6,12,23,10.0
22000,1610612742,DAL,Dallas Mavericks,0020000938,2001-03-15,DAL vs. MIN,W,239,103,35,78,0.449,10,15,0.667,23,29,0.793,9,43,52,18,6,6,13,20,20.0
22000,1610612742,DAL,Dallas Mavericks,0020000922,2001-03-13,DAL vs. NJN,W,241,122,44,88,0.5,9,13,0.692,25,27,0.926,11,32,43,32,11,5,13,25,24.0
22000,1610612742,DAL,Dallas Mavericks,0020000909,2001-03-11,DAL vs. LAC,W,240,111,45,88,0.511,6,9,0.667,15,21,0.714,9,35,44,32,10,5,11,21,18.0
22000,1610612742,DAL,Dallas Mavericks,0020000894,2001-03-09,DAL vs. GSW,W,239,102,38,91,0.418,2,13,0.154,24,32,0.75,18,37,55,26,11,7,11,21,29.0
22000,1610612742,DAL,Dallas Mavericks,0020000878,2001-03-07,DAL @ MIA,W,239,93,36,66,0.545,7,14,0.5,14,18,0.778,2,38,40,17,7,10,16,17,7.0
22000,1610612742,DAL,Dallas Mavericks,0020000862,2001-03-05,DAL @ ORL,L,241,81,26,75,0.347,3,22,0.136,26,34,0.765,8,39,47,15,8,3,21,29,-14.0
22000,1610612742,DAL,Dallas Mavericks,0020000848,2001-03-03,DAL vs. HOU,W,240,100,40,83,0.482,5,15,0.333,15,17,0.882,6,34,40,22,9,9,13,20,5.0
22000,1610612742,DAL,Dallas Mavericks,0020000821,2001-02-27,DAL @ VAN,W,240,116,46,78,0.59,6,9,0.667,18,22,0.818,4,20,24,26,14,3,12,20,4.0
22000,1610612742,DAL,Dallas Mavericks,0020000815,2001-02-26,DAL @ LAC,W,241,103,38,75,0.507,2,12,0.167,25,31,0.806,9,22,31,21,12,1,10,20,11.0
22000,1610612742,DAL,Dallas Mavericks,0020000798,2001-02-24,DAL vs. SAS,L,239,104,39,83,0.47,8,19,0.421,18,21,0.857,13,26,39,23,6,6,8,27,-3.0
22000,1610612742,DAL,Dallas Mavericks,0020000782,2001-02-22,DAL vs. BOS,W,241,98,40,79,0.506,5,15,0.333,13,19,0.684,11,32,43,27,11,7,16,25,7.0
22000,1610612742,DAL,Dallas Mavericks,0020000767,2001-02-20,DAL vs. LAL,L,241,109,41,91,0.451,12,29,0.414,15,20,0.75,6,26,32,20,3,7,6,29,-10.0
22000,1610612742,DAL,Dallas Mavericks,0020000745,2001-02-17,DAL vs. WAS,W,241,112,39,75,0.52,3,12,0.25,31,38,0.816,12,27,39,23,10,1,13,24,7.0
22000,1610612742,DAL,Dallas Mavericks,0020000731,2001-02-15,DAL vs. CLE,W,242,102,43,83,0.518,3,11,0.273,13,20,0.65,15,33,48,18,10,5,17,22,21.0
22000,1610612742,DAL,Dallas Mavericks,0020000717,2001-02-13,DAL @ SAS,L,240,92,35,86,0.407,5,14,0.357,17,20,0.85,13,27,40,10,9,7,12,27,-12.0
22000,1610612742,DAL,Dallas Mavericks,0020000697,2001-02-07,DAL @ NYK,L,292,93,37,86,0.43,7,24,0.292,12,15,0.8,7,27,34,19,15,3,16,20,-3.0
22000,1610612742,DAL,Dallas Mavericks,0020000684,2001-02-05,DAL @ ATL,W,239,91,36,78,0.462,4,10,0.4,15,19,0.789,6,35,41,17,9,11,11,19,10.0
22000,1610612742,DAL,Dallas Mavericks,0020000673,2001-02-03,DAL vs. GSW,W,238,101,38,85,0.447,9,18,0.5,16,20,0.8,8,32,40,22,9,6,13,24,6.0
22000,1610612742,DAL,Dallas Mavericks,0020000656,2001-02-01,DAL vs. MIA,W,265,95,40,91,0.44,4,12,0.333,11,14,0.786,12,39,51,19,4,9,9,20,4.0
22000,1610612742,DAL,Dallas Mavericks,0020000625,2001-01-27,DAL @ DEN,L,240,100,36,82,0.439,7,15,0.467,21,23,0.913,6,26,32,22,7,9,10,21,-2.0
22000,1610612742,DAL,Dallas Mavericks,0020000609,2001-01-25,DAL vs. VAN,W,240,120,46,88,0.523,5,12,0.417,23,25,0.92,14,30,44,24,9,5,7,24,37.0
22000,1610612742,DAL,Dallas Mavericks,0020000594,2001-01-23,DAL vs. PHI,L,240,98,39,85,0.459,8,24,0.333,12,18,0.667,10,31,41,20,12,8,19,23,-16.0
22000,1610612742,DAL,Dallas Mavericks,0020000575,2001-01-20,DAL vs. DEN,W,241,97,36,96,0.375,8,18,0.444,17,21,0.81,23,40,63,26,10,7,10,19,18.0
22000,1610612742,DAL,Dallas Mavericks,0020000561,2001-01-18,DAL vs. ORL,W,263,115,38,105,0.362,4,20,0.2,35,42,0.833,29,40,69,18,8,7,18,30,9.0
22000,1610612742,DAL,Dallas Mavericks,0020000553,2001-01-17,DAL @ CHH,W,240,91,34,78,0.436,3,7,0.429,20,22,0.909,6,23,29,18,10,6,8,17,1.0
22000,1610612742,DAL,Dallas Mavericks,0020000542,2001-01-15,DAL vs. SAC,L,240,105,38,87,0.437,11,26,0.423,18,24,0.75,11,31,42,24,6,5,15,20,-11.0
22000,1610612742,DAL,Dallas Mavericks,0020000527,2001-01-13,DAL vs. PHX,L,239,86,32,81,0.395,3,16,0.188,19,22,0.864,10,39,49,15,4,10,23,20,-17.0
22000,1610612742,DAL,Dallas Mavericks,0020000511,2001-01-11,DAL @ MIL,L,240,94,37,89,0.416,3,17,0.176,17,21,0.81,12,28,40,13,11,1,10,21,-8.0
22000,1610612742,DAL,Dallas Mavericks,0020000504,2001-01-10,DAL @ MIN,W,240,106,44,88,0.5,7,16,0.438,11,19,0.579,9,38,47,27,7,6,11,22,20.0
22000,1610612742,DAL,Dallas Mavericks,0020000489,2001-01-08,DAL @ CHI,W,240,104,39,82,0.476,8,22,0.364,18,23,0.783,12,29,41,26,10,4,11,16,15.0
22000,1610612742,DAL,Dallas Mavericks,0020000474,2001-01-06,DAL @ WAS,W,240,103,36,72,0.5,5,13,0.385,26,30,0.867,6,36,42,21,6,1,17,13,18.0
22000,1610612742,DAL,Dallas Mavericks,0020000467,2001-01-05,DAL @ TOR,W,240,115,43,82,0.524,9,17,0.529,20,24,0.833,8,36,44,19,8,9,16,25,10.0
22000,1610612742,DAL,Dallas Mavericks,0020000454,2001-01-03,DAL vs. DET,L,239,104,35,77,0.455,7,25,0.28,27,34,0.794,9,35,44,20,5,7,12,26,-3.0
22000,1610612742,DAL,Dallas Mavericks,0020000431,2000-12-30,DAL vs. HOU,L,241,99,28,74,0.378,6,16,0.375,37,45,0.822,10,31,41,16,5,3,16,31,-15.0
22000,1610612742,DAL,Dallas Mavericks,0020000417,2000-12-28,DAL vs. LAC,W,240,105,39,76,0.513,6,12,0.5,21,25,0.84,10,37,47,23,7,7,16,27,9.0
22000,1610612742,DAL,Dallas Mavericks,0020000403,2000-12-26,DAL vs. SEA,W,240,114,41,81,0.506,10,22,0.455,22,33,0.667,5,34,39,30,12,7,10,23,21.0
22000,1610612742,DAL,Dallas Mavericks,0020000379,2000-12-22,DAL vs. LAL,L,239,103,37,83,0.446,6,18,0.333,23,31,0.742,6,24,30,23,7,0,5,32,-5.0
22000,1610612742,DAL,Dallas Mavericks,0020000364,2000-12-20,DAL vs. POR,W,240,106,40,81,0.494,2,7,0.286,24,26,0.923,17,30,47,20,5,5,17,19,5.0
22000,1610612742,DAL,Dallas Mavericks,0020000351,2000-12-18,DAL @ BOS,W,240,106,38,74,0.514,7,16,0.438,23,26,0.885,8,24,32,26,8,5,12,21,8.0
22000,1610612742,DAL,Dallas Mavericks,0020000348,2000-12-17,DAL @ DET,W,240,99,36,77,0.468,10,24,0.417,17,18,0.944,6,30,36,23,3,4,16,30,9.0
22000,1610612742,DAL,Dallas Mavericks,0020000327,2000-12-15,DAL @ PHI,W,241,112,44,95,0.463,10,24,0.417,14,17,0.824,13,29,42,24,8,3,9,24,18.0
22000,1610612742,DAL,Dallas Mavericks,0020000316,2000-12-13,DAL @ IND,L,242,92,33,76,0.434,8,17,0.471,18,19,0.947,10,26,36,19,5,3,17,24,-5.0
22000,1610612742,DAL,Dallas Mavericks,0020000307,2000-12-12,DAL @ CLE,L,241,87,34,85,0.4,10,27,0.37,9,12,0.75,8,21,29,23,6,8,7,25,-5.0
22000,1610612742,DAL,Dallas Mavericks,0020000295,2000-12-10,DAL @ NJN,W,240,99,37,70,0.529,5,17,0.294,20,25,0.8,6,38,44,20,9,7,16,20,26.0
22000,1610612742,DAL,Dallas Mavericks,0020000279,2000-12-08,DAL vs. CHI,W,240,105,43,87,0.494,3,10,0.3,16,25,0.64,15,31,46,23,8,7,13,21,19.0
22000,1610612742,DAL,Dallas Mavericks,0020000266,2000-12-06,DAL vs. NYK,W,240,94,40,73,0.548,7,18,0.389,7,8,0.875,8,38,46,17,2,4,16,26,9.0
22000,1610612742,DAL,Dallas Mavericks,0020000256,2000-12-05,DAL @ HOU,L,239,102,37,79,0.468,8,18,0.444,20,23,0.87,10,24,34,16,6,1,14,28,-7.0
22000,1610612742,DAL,Dallas Mavericks,0020000246,2000-12-03,DAL @ LAL,L,240,97,43,86,0.5,2,11,0.182,9,11,0.818,9,23,32,21,6,4,11,31,-2.0
22000,1610612742,DAL,Dallas Mavericks,0020000241,2000-12-02,DAL @ GSW,W,239,97,38,84,0.452,9,22,0.409,12,18,0.667,12,44,56,26,11,7,18,21,19.0
22000,1610612742,DAL,Dallas Mavericks,0020000221,2000-11-30,DAL @ POR,L,239,84,31,76,0.408,5,15,0.333,17,18,0.944,14,23,37,17,8,2,19,24,-12.0
22000,1610612742,DAL,Dallas Mavericks,0020000204,2000-11-28,DAL vs. TOR,W,239,107,42,91,0.462,6,18,0.333,17,20,0.85,10,29,39,21,5,4,5,18,14.0
22000,1610612742,DAL,Dallas Mavericks,0020000187,2000-11-25,DAL vs. DEN,W,241,108,39,81,0.481,11,19,0.579,19,25,0.76,11,35,46,26,6,7,7,22,24.0
22000,1610612742,DAL,Dallas Mavericks,0020000157,2000-11-21,DAL vs. SEA,L,240,110,39,78,0.5,12,26,0.462,20,30,0.667,10,23,33,21,5,6,14,27,-6.0
22000,1610612742,DAL,Dallas Mavericks,0020000150,2000-11-20,DAL @ UTA,W,241,107,38,71,0.535,9,18,0.5,22,25,0.88,4,35,39,23,6,9,16,21,9.0
22000,1610612742,DAL,Dallas Mavericks,0020000143,2000-11-18,DAL @ VAN,W,240,91,33,73,0.452,7,16,0.438,18,25,0.72,9,35,44,16,6,6,16,19,3.0
22000,1610612742,DAL,Dallas Mavericks,0020000133,2000-11-17,DAL @ SEA,W,240,99,41,83,0.494,4,10,0.4,13,18,0.722,13,34,47,20,10,9,16,20,4.0
22000,1610612742,DAL,Dallas Mavericks,0020000117,2000-11-15,DAL @ PHX,L,239,78,29,75,0.387,3,13,0.231,17,21,0.81,8,25,33,18,9,2,22,21,-21.0
22000,1610612742,DAL,Dallas Mavericks,0020000102,2000-11-13,DAL @ LAC,W,242,90,31,78,0.397,6,14,0.429,22,27,0.815,12,29,41,15,7,6,10,26,14.0
22000,1610612742,DAL,Dallas Mavericks,0020000100,2000-11-12,DAL @ SAC,L,240,84,36,89,0.404,1,9,0.111,11,13,0.846,10,27,37,17,7,2,10,21,-25.0
22000,1610612742,DAL,Dallas Mavericks,0020000082,2000-11-10,DAL vs. SAS,W,240,79,34,86,0.395,2,13,0.154,9,12,0.75,14,35,49,18,5,15,12,26,2.0
22000,1610612742,DAL,Dallas Mavericks,0020000067,2000-11-08,DAL vs. VAN,L,240,74,31,84,0.369,1,8,0.125,11,17,0.647,11,25,36,10,7,9,17,25,-28.0
22000,1610612742,DAL,Dallas Mavericks,0020000051,2000-11-06,DAL @ DEN,W,241,108,38,77,0.494,8,19,0.421,24,29,0.828,6,28,34,26,5,4,12,26,12.0
22000,1610612742,DAL,Dallas Mavericks,0020000042,2000-11-04,DAL vs. UTA,L,241,106,35,76,0.461,11,22,0.5,25,29,0.862,12,25,37,21,2,4,16,30,-6.0
22000,1610612742,DAL,Dallas Mavericks,0020000022,2000-11-02,DAL vs. IND,W,239,94,35,75,0.467,6,15,0.4,18,21,0.857,8,24,32,18,8,7,13,24,6.0
22000,1610612742,DAL,Dallas Mavericks,0020000007,2000-10-31,DAL vs. MIL,W,240,97,35,88,0.398,9,25,0.36,18,27,0.667,20,32,52,22,9,9,17,26,4.0
21999,1610612742,DAL,Dallas Mavericks,0029901183,2000-04-19,DAL @ MIN,W,240,113,41,77,0.532,10,22,0.455,21,23,0.913,8,30,38,25,8,3,13,12,6.0
21999,1610612742,DAL,Dallas Mavericks,0029901171,2000-04-18,DAL vs. LAL,W,241,112,42,87,0.483,3,10,0.3,25,28,0.893,14,27,41,19,15,5,10,25,10.0
21999,1610612742,DAL,Dallas Mavericks,0029901156,2000-04-16,DAL vs. VAN,W,240,114,44,91,0.484,8,21,0.381,18,22,0.818,11,34,45,21,5,7,6,25,8.0
21999,1610612742,DAL,Dallas Mavericks,0029901141,2000-04-14,DAL vs. SEA,W,240,117,49,93,0.527,7,22,0.318,12,14,0.857,20,37,57,22,4,7,18,20,14.0
21999,1610612742,DAL,Dallas Mavericks,0029901132,2000-04-13,DAL @ HOU,L,241,102,37,88,0.42,7,25,0.28,21,26,0.808,12,25,37,20,6,5,6,24,-9.0
21999,1610612742,DAL,Dallas Mavericks,0029901116,2000-04-11,DAL vs. POR,W,239,92,34,76,0.447,8,20,0.4,16,18,0.889,9,28,37,19,8,9,9,23,11.0
21999,1610612742,DAL,Dallas Mavericks,0029901095,2000-04-08,DAL vs. LAC,W,239,98,34,83,0.41,9,18,0.5,21,29,0.724,15,25,40,23,12,3,12,23,2.0
21999,1610612742,DAL,Dallas Mavericks,0029901078,2000-04-06,DAL @ DEN,W,266,116,44,90,0.489,6,17,0.353,22,28,0.786,14,24,38,25,7,3,10,22,1.0
21999,1610612742,DAL,Dallas Mavericks,0029901064,2000-04-04,DAL vs. SAC,W,240,105,43,79,0.544,13,19,0.684,6,8,0.75,5,27,32,28,6,9,19,18,3.0
21999,1610612742,DAL,Dallas Mavericks,0029901056,2000-04-02,DAL @ VAN,W,240,100,37,79,0.468,8,22,0.364,18,18,1.0,8,37,45,25,8,5,19,22,13.0
21999,1610612742,DAL,Dallas Mavericks,0029901032,2000-03-30,DAL @ POR,L,240,85,33,78,0.423,3,21,0.143,16,20,0.8,12,21,33,15,10,5,13,18,-11.0
21999,1610612742,DAL,Dallas Mavericks,0029901017,2000-03-28,DAL @ LAC,W,243,112,41,85,0.482,13,26,0.5,17,18,0.944,12,29,41,24,5,1,8,17,10.0
21999,1610612742,DAL,Dallas Mavericks,0029901008,2000-03-27,DAL @ UTA,W,240,113,40,69,0.58,7,15,0.467,26,29,0.897,6,32,38,24,5,4,15,24,8.0
21999,1610612742,DAL,Dallas Mavericks,0029900995,2000-03-25,DAL vs. WAS,L,241,86,33,79,0.418,7,20,0.35,13,16,0.813,13,28,41,18,5,4,11,24,-7.0
21999,1610612742,DAL,Dallas Mavericks,0029900980,2000-03-23,DAL vs. CLE,L,239,98,36,92,0.391,5,19,0.263,21,26,0.808,17,27,44,17,4,3,13,25,-6.0
21999,1610612742,DAL,Dallas Mavericks,0029900965,2000-03-21,DAL vs. SAS,W,239,97,40,89,0.449,4,15,0.267,13,14,0.929,10,21,31,12,7,3,6,25,1.0
21999,1610612742,DAL,Dallas Mavericks,0029900950,2000-03-19,DAL @ ATL,W,240,89,34,85,0.4,7,17,0.412,14,17,0.824,11,34,45,22,7,2,3,22,4.0
21999,1610612742,DAL,Dallas Mavericks,0029900943,2000-03-18,DAL vs. BOS,L,241,99,38,87,0.437,7,22,0.318,16,21,0.762,11,29,40,22,7,3,10,19,-5.0
21999,1610612742,DAL,Dallas Mavericks,0029900927,2000-03-16,DAL @ SAS,W,241,110,41,79,0.519,12,23,0.522,16,17,0.941,7,27,34,26,9,3,11,30,22.0
21999,1610612742,DAL,Dallas Mavericks,0029900913,2000-03-14,DAL vs. IND,W,240,111,46,95,0.484,9,15,0.6,10,10,1.0,13,37,50,29,7,10,15,25,21.0
21999,1610612742,DAL,Dallas Mavericks,0029900893,2000-03-11,DAL vs. PHX,W,241,104,33,79,0.418,6,16,0.375,32,43,0.744,9,39,48,16,10,10,14,28,5.0
21999,1610612742,DAL,Dallas Mavericks,0029900876,2000-03-09,DAL vs. MIN,L,241,79,32,73,0.438,2,7,0.286,13,20,0.65,13,21,34,10,6,4,15,19,-21.0
21999,1610612742,DAL,Dallas Mavericks,0029900866,2000-03-07,DAL @ SEA,L,240,86,33,84,0.393,5,22,0.227,15,19,0.789,11,29,40,22,13,2,21,24,-15.0
21999,1610612742,DAL,Dallas Mavericks,0029900857,2000-03-06,DAL @ SAC,L,240,109,41,88,0.466,9,20,0.45,18,23,0.783,14,26,40,20,10,1,16,24,-21.0
21999,1610612742,DAL,Dallas Mavericks,0029900843,2000-03-04,DAL @ PHX,L,240,96,37,85,0.435,6,15,0.4,16,22,0.727,17,30,47,22,7,2,17,20,-14.0
21999,1610612742,DAL,Dallas Mavericks,0029900827,2000-03-02,DAL vs. NJN,L,240,102,43,98,0.439,10,19,0.526,6,6,1.0,17,36,53,24,5,4,12,13,-1.0
21999,1610612742,DAL,Dallas Mavericks,0029900808,2000-02-29,DAL @ PHI,L,241,87,33,85,0.388,7,19,0.368,14,15,0.933,12,22,34,20,9,1,19,18,-19.0
21999,1610612742,DAL,Dallas Mavericks,0029900802,2000-02-28,DAL @ BOS,W,239,108,38,81,0.469,5,14,0.357,27,35,0.771,12,26,38,26,6,3,17,20,8.0
21999,1610612742,DAL,Dallas Mavericks,0029900792,2000-02-26,DAL vs. DEN,W,240,98,40,87,0.46,2,7,0.286,16,19,0.842,9,35,44,21,7,4,9,23,2.0
21999,1610612742,DAL,Dallas Mavericks,0029900776,2000-02-24,DAL vs. UTA,L,238,85,35,87,0.402,5,17,0.294,10,13,0.769,13,31,44,18,5,5,17,20,-7.0
21999,1610612742,DAL,Dallas Mavericks,0029900753,2000-02-21,DAL @ IND,L,241,93,39,90,0.433,8,21,0.381,7,9,0.778,11,33,44,25,7,1,15,21,-1.0
21999,1610612742,DAL,Dallas Mavericks,0029900745,2000-02-20,DAL @ TOR,W,240,100,37,80,0.463,8,17,0.471,18,26,0.692,8,30,38,20,4,6,9,19,4.0
21999,1610612742,DAL,Dallas Mavericks,0029900725,2000-02-17,DAL vs. DET,W,240,106,42,91,0.462,12,23,0.522,10,14,0.714,12,34,46,24,4,9,14,19,9.0
21999,1610612742,DAL,Dallas Mavericks,0029900710,2000-02-15,DAL vs. MIL,L,240,99,40,84,0.476,3,13,0.231,16,22,0.727,14,28,42,22,2,7,12,18,-13.0
21999,1610612742,DAL,Dallas Mavericks,0029900695,2000-02-09,DAL vs. SEA,L,240,106,45,90,0.5,6,19,0.316,10,11,0.909,10,34,44,21,2,4,17,17,-11.0
21999,1610612742,DAL,Dallas Mavericks,0029900676,2000-02-06,DAL @ VAN,W,265,103,35,89,0.393,9,17,0.529,24,29,0.828,12,32,44,18,11,4,12,22,4.0
21999,1610612742,DAL,Dallas Mavericks,0029900667,2000-02-05,DAL @ LAC,W,239,119,40,81,0.494,10,20,0.5,29,33,0.879,5,35,40,29,8,5,13,24,13.0
21999,1610612742,DAL,Dallas Mavericks,0029900648,2000-02-03,DAL vs. CHH,W,240,106,40,75,0.533,3,8,0.375,23,29,0.793,3,40,43,18,9,6,16,28,10.0
21999,1610612742,DAL,Dallas Mavericks,0029900633,2000-02-01,DAL vs. PHI,L,240,100,38,92,0.413,7,18,0.389,17,21,0.81,13,26,39,29,12,12,12,18,-1.0
21999,1610612742,DAL,Dallas Mavericks,0029900619,2000-01-29,DAL vs. DEN,W,241,107,41,84,0.488,6,17,0.353,19,25,0.76,10,34,44,20,9,6,14,20,11.0
21999,1610612742,DAL,Dallas Mavericks,0029900601,2000-01-27,DAL vs. LAC,W,240,99,41,87,0.471,5,13,0.385,12,14,0.857,9,30,39,27,5,1,16,20,9.0
21999,1610612742,DAL,Dallas Mavericks,0029900590,2000-01-25,DAL vs. GSW,W,240,117,42,86,0.488,6,19,0.316,27,31,0.871,14,27,41,26,7,6,16,25,14.0
21999,1610612742,DAL,Dallas Mavericks,0029900575,2000-01-23,DAL @ DET,W,242,99,38,81,0.469,4,13,0.308,19,28,0.679,10,35,45,27,9,3,15,25,8.0
21999,1610612742,DAL,Dallas Mavericks,0029900564,2000-01-22,DAL @ NJN,L,241,95,41,87,0.471,7,13,0.538,6,8,0.75,9,35,44,24,3,3,14,26,-3.0
21999,1610612742,DAL,Dallas Mavericks,0029900546,2000-01-19,DAL @ WAS,W,240,104,43,93,0.462,6,14,0.429,12,15,0.8,15,27,42,27,10,6,9,22,18.0
21999,1610612742,DAL,Dallas Mavericks,0029900535,2000-01-17,DAL vs. HOU,L,240,111,41,94,0.436,4,19,0.211,25,28,0.893,13,34,47,18,9,7,13,29,-10.0
21999,1610612742,DAL,Dallas Mavericks,0029900523,2000-01-15,DAL vs. POR,W,239,113,42,90,0.467,10,20,0.5,19,22,0.864,16,29,45,27,5,8,9,27,8.0
21999,1610612742,DAL,Dallas Mavericks,0029900488,2000-01-11,DAL @ GSW,W,240,109,38,78,0.487,5,13,0.385,28,33,0.848,14,28,42,27,10,9,13,26,7.0
21999,1610612742,DAL,Dallas Mavericks,0029900484,2000-01-10,DAL @ POR,L,240,94,37,77,0.481,7,16,0.438,13,22,0.591,11,22,33,20,9,2,11,15,-13.0
21999,1610612742,DAL,Dallas Mavericks,0029900467,2000-01-08,DAL vs. ATL,W,241,95,32,77,0.416,7,15,0.467,24,27,0.889,9,41,50,20,3,10,12,18,10.0
21999,1610612742,DAL,Dallas Mavericks,0029900453,2000-01-06,DAL vs. UTA,L,239,92,37,85,0.435,4,15,0.267,14,20,0.7,10,33,43,21,8,3,14,29,-13.0
21999,1610612742,DAL,Dallas Mavericks,0029900438,2000-01-04,DAL @ DEN,L,240,96,38,84,0.452,4,9,0.444,16,18,0.889,9,30,39,22,3,4,11,23,-2.0
21999,1610612742,DAL,Dallas Mavericks,0029900418,1999-12-30,DAL vs. TOR,L,240,104,41,89,0.461,8,17,0.471,14,17,0.824,10,24,34,28,8,10,12,22,-5.0
21999,1610612742,DAL,Dallas Mavericks,0029900394,1999-12-27,DAL @ LAL,L,240,106,41,93,0.441,10,18,0.556,14,21,0.667,12,34,46,21,6,4,10,19,-2.0
21999,1610612742,DAL,Dallas Mavericks,0029900388,1999-12-26,DAL @ SAC,L,240,111,46,101,0.455,6,16,0.375,13,15,0.867,17,24,41,26,8,6,14,23,-7.0
21999,1610612742,DAL,Dallas Mavericks,0029900374,1999-12-23,DAL @ PHX,W,240,111,44,85,0.518,8,16,0.5,15,20,0.75,18,30,48,26,6,4,19,17,1.0
21999,1610612742,DAL,Dallas Mavericks,0029900352,1999-12-20,DAL vs. MIA,L,240,89,33,77,0.429,7,11,0.636,16,23,0.696,10,27,37,13,5,8,9,19,-3.0
21999,1610612742,DAL,Dallas Mavericks,0029900338,1999-12-18,DAL vs. MIN,L,239,104,42,91,0.462,5,15,0.333,15,19,0.789,13,29,42,18,3,3,14,22,-4.0
21999,1610612742,DAL,Dallas Mavericks,0029900319,1999-12-16,DAL vs. NYK,L,241,93,37,89,0.416,3,15,0.2,16,20,0.8,9,30,39,19,4,6,10,20,-7.0
21999,1610612742,DAL,Dallas Mavericks,0029900302,1999-12-14,DAL vs. SAS,L,239,93,36,88,0.409,6,11,0.545,15,18,0.833,7,31,38,26,8,6,13,22,-18.0
21999,1610612742,DAL,Dallas Mavericks,0029900289,1999-12-11,DAL vs. PHX,W,240,120,46,87,0.529,10,18,0.556,18,26,0.692,11,34,45,32,7,8,16,25,5.0
21999,1610612742,DAL,Dallas Mavericks,0029900266,1999-12-08,DAL @ UTA,L,241,79,31,87,0.356,5,16,0.313,12,15,0.8,13,23,36,19,8,5,12,18,-6.0
21999,1610612742,DAL,Dallas Mavericks,0029900256,1999-12-07,DAL vs. VAN,L,240,95,38,85,0.447,4,13,0.308,15,22,0.682,10,28,38,22,7,10,12,24,-9.0
21999,1610612742,DAL,Dallas Mavericks,0029900243,1999-12-05,DAL @ MIL,L,241,97,33,81,0.407,11,24,0.458,20,26,0.769,8,29,37,18,12,1,22,19,-6.0
21999,1610612742,DAL,Dallas Mavericks,0029900237,1999-12-04,DAL @ MIN,W,240,103,38,83,0.458,4,12,0.333,23,29,0.793,13,31,44,15,4,4,11,17,19.0
21999,1610612742,DAL,Dallas Mavericks,0029900219,1999-12-02,DAL @ CHI,W,240,101,40,84,0.476,4,13,0.308,17,24,0.708,10,27,37,19,4,9,10,24,6.0
21999,1610612742,DAL,Dallas Mavericks,0029900205,1999-11-30,DAL @ CLE,L,240,99,36,88,0.409,8,22,0.364,19,24,0.792,17,23,40,24,5,4,16,26,-7.0
21999,1610612742,DAL,Dallas Mavericks,0029900196,1999-11-29,DAL @ NYK,L,241,82,31,88,0.352,6,16,0.375,14,19,0.737,14,24,38,19,5,4,14,14,-25.0
21999,1610612742,DAL,Dallas Mavericks,0029900189,1999-11-27,DAL vs. CHI,W,239,95,37,75,0.493,4,9,0.444,17,18,0.944,6,28,34,27,7,7,13,12,12.0
21999,1610612742,DAL,Dallas Mavericks,0029900162,1999-11-24,DAL @ ORL,L,240,100,41,92,0.446,7,22,0.318,11,14,0.786,15,26,41,27,8,3,25,23,-12.0
21999,1610612742,DAL,Dallas Mavericks,0029900156,1999-11-23,DAL @ HOU,L,240,99,42,91,0.462,3,12,0.25,12,15,0.8,13,24,37,19,9,2,17,18,-20.0
21999,1610612742,DAL,Dallas Mavericks,0029900141,1999-11-20,DAL @ SAS,L,241,90,37,92,0.402,3,8,0.375,13,16,0.813,14,34,48,25,8,5,9,5,-16.0
21999,1610612742,DAL,Dallas Mavericks,0029900131,1999-11-19,DAL vs. SAC,L,241,94,40,101,0.396,3,16,0.188,11,12,0.917,17,41,58,21,7,1,15,22,-9.0
21999,1610612742,DAL,Dallas Mavericks,0029900113,1999-11-17,DAL @ CHH,L,240,99,37,89,0.416,4,15,0.267,21,26,0.808,8,27,35,23,10,5,15,32,-5.0
21999,1610612742,DAL,Dallas Mavericks,0029900105,1999-11-16,DAL vs. HOU,W,240,114,46,88,0.523,2,4,0.5,20,24,0.833,5,39,44,29,9,10,11,25,19.0
21999,1610612742,DAL,Dallas Mavericks,0029900087,1999-11-13,DAL vs. ORL,W,241,125,44,87,0.506,8,13,0.615,29,39,0.744,11,28,39,24,14,9,17,26,8.0
21999,1610612742,DAL,Dallas Mavericks,0029900068,1999-11-11,DAL @ MIA,L,242,105,40,97,0.412,8,18,0.444,17,20,0.85,7,26,33,20,7,2,8,19,-23.0
21999,1610612742,DAL,Dallas Mavericks,0029900057,1999-11-09,DAL vs. LAL,L,240,101,38,91,0.418,7,16,0.438,18,22,0.818,12,23,35,12,9,2,15,25,-22.0
21999,1610612742,DAL,Dallas Mavericks,0029900049,1999-11-07,DAL @ LAL,L,241,97,35,82,0.427,3,9,0.333,24,30,0.8,10,32,42,15,5,3,13,28,-8.0
21999,1610612742,DAL,Dallas Mavericks,0029900042,1999-11-06,DAL @ GSW,W,240,120,45,89,0.506,7,13,0.538,23,26,0.885,10,34,44,26,10,8,9,25,23.0
21999,1610612742,DAL,Dallas Mavericks,0029900026,1999-11-04,DAL @ SEA,L,241,96,42,89,0.472,2,6,0.333,10,15,0.667,8,33,41,28,6,9,16,17,-10.0
21999,1610612742,DAL,Dallas Mavericks,0029900007,1999-11-02,DAL vs. GSW,W,239,108,39,85,0.459,2,15,0.133,28,34,0.824,11,30,41,22,11,6,13,19,12.0
21998,1610612742,DAL,Dallas Mavericks,0029800712,1999-05-04,DAL @ SEA,L,241,100,36,88,0.409,8,18,0.444,20,29,0.69,9,28,37,21,10,4,10,32,-10.0
21998,1610612742,DAL,Dallas Mavericks,0029800703,1999-05-03,DAL @ LAL,L,242,102,35,71,0.493,4,13,0.308,28,40,0.7,9,24,33,13,8,3,17,28,-13.0
21998,1610612742,DAL,Dallas Mavericks,0029800688,1999-05-01,DAL vs. GSW,W,240,105,40,78,0.513,5,8,0.625,20,25,0.8,14,29,43,24,7,7,14,13,11.0
21998,1610612742,DAL,Dallas Mavericks,0029800669,1999-04-29,DAL @ HOU,W,240,91,34,83,0.41,4,14,0.286,19,24,0.792,12,33,45,16,12,6,6,16,10.0
21998,1610612742,DAL,Dallas Mavericks,0029800656,1999-04-27,DAL vs. VAN,W,239,84,32,74,0.432,1,7,0.143,19,30,0.633,11,30,41,16,14,8,12,24,9.0
21998,1610612742,DAL,Dallas Mavericks,0029800645,1999-04-26,DAL vs. CHI,W,240,101,41,85,0.482,3,11,0.273,16,17,0.941,17,30,47,18,3,8,10,21,8.0
21998,1610612742,DAL,Dallas Mavericks,0029800632,1999-04-24,DAL @ SAC,L,240,102,43,89,0.483,4,14,0.286,12,22,0.545,18,32,50,20,9,5,14,24,-3.0
21998,1610612742,DAL,Dallas Mavericks,0029800616,1999-04-22,DAL @ SAS,L,240,76,30,79,0.38,4,8,0.5,12,18,0.667,10,26,36,10,11,1,20,27,-27.0
21998,1610612742,DAL,Dallas Mavericks,0029800607,1999-04-21,DAL @ HOU,W,240,109,46,87,0.529,5,12,0.417,12,13,0.923,7,32,39,25,9,7,8,19,14.0
21998,1610612742,DAL,Dallas Mavericks,0029800597,1999-04-20,DAL vs. PHX,W,241,104,40,77,0.519,5,11,0.455,19,23,0.826,7,34,41,20,9,6,15,21,4.0
21998,1610612742,DAL,Dallas Mavericks,0029800573,1999-04-17,DAL vs. POR,L,240,94,33,72,0.458,8,17,0.471,20,27,0.741,9,21,30,14,5,5,16,19,-8.0
21998,1610612742,DAL,Dallas Mavericks,0029800568,1999-04-16,DAL @ PHX,L,240,85,33,71,0.465,2,8,0.25,17,25,0.68,11,29,40,18,9,2,17,19,-7.0
21998,1610612742,DAL,Dallas Mavericks,0029800554,1999-04-15,DAL vs. MIN,W,241,101,33,69,0.478,6,10,0.6,29,37,0.784,8,28,36,18,8,5,13,16,6.0
21998,1610612742,DAL,Dallas Mavericks,0029800539,1999-04-13,DAL vs. SAS,W,239,92,37,80,0.463,3,10,0.3,15,26,0.577,15,35,50,22,8,8,16,21,6.0
21998,1610612742,DAL,Dallas Mavericks,0029800515,1999-04-10,DAL vs. GSW,L,241,90,32,82,0.39,4,8,0.5,22,31,0.71,21,25,46,15,6,7,14,16,-1.0
21998,1610612742,DAL,Dallas Mavericks,0029800489,1999-04-07,DAL @ MIA,L,240,87,34,74,0.459,1,6,0.167,18,23,0.783,10,28,38,18,3,3,8,22,-6.0
21998,1610612742,DAL,Dallas Mavericks,0029800474,1999-04-05,DAL @ MIN,L,239,93,34,72,0.472,3,11,0.273,22,25,0.88,10,27,37,19,6,5,19,25,-7.0
21998,1610612742,DAL,Dallas Mavericks,0029800442,1999-04-01,DAL vs. LAC,W,241,93,37,73,0.507,4,7,0.571,15,18,0.833,12,32,44,21,6,7,13,15,9.0
21998,1610612742,DAL,Dallas Mavericks,0029800426,1999-03-30,DAL @ MIN,L,240,78,30,69,0.435,1,8,0.125,17,28,0.607,9,22,31,20,2,6,15,16,-20.0
21998,1610612742,DAL,Dallas Mavericks,0029800416,1999-03-29,DAL vs. SEA,L,239,101,39,92,0.424,6,20,0.3,17,24,0.708,20,25,45,21,6,5,8,25,-8.0
21998,1610612742,DAL,Dallas Mavericks,0029800402,1999-03-27,DAL @ SAS,L,240,77,32,81,0.395,3,10,0.3,10,14,0.714,11,29,40,16,5,6,10,20,-22.0
21998,1610612742,DAL,Dallas Mavericks,0029800393,1999-03-26,DAL vs. DEN,W,241,98,40,78,0.513,5,12,0.417,13,13,1.0,5,29,34,15,9,5,10,20,19.0
21998,1610612742,DAL,Dallas Mavericks,0029800377,1999-03-24,DAL vs. HOU,L,241,78,31,87,0.356,4,13,0.308,12,18,0.667,18,25,43,16,9,9,10,18,-10.0
21998,1610612742,DAL,Dallas Mavericks,0029800362,1999-03-22,DAL vs. LAL,L,240,93,37,84,0.44,2,12,0.167,17,22,0.773,10,33,43,20,8,3,13,28,-3.0
21998,1610612742,DAL,Dallas Mavericks,0029800346,1999-03-20,DAL vs. SAC,W,238,104,38,83,0.458,9,20,0.45,19,21,0.905,13,37,50,22,4,4,13,15,14.0
21998,1610612742,DAL,Dallas Mavericks,0029800337,1999-03-19,DAL @ DET,L,241,87,34,72,0.472,4,16,0.25,15,19,0.789,3,29,32,24,6,7,12,21,-7.0
21998,1610612742,DAL,Dallas Mavericks,0029800318,1999-03-17,DAL @ NJN,L,240,87,33,89,0.371,6,13,0.462,15,25,0.6,19,28,47,15,8,3,7,24,-1.0
21998,1610612742,DAL,Dallas Mavericks,0029800304,1999-03-15,DAL vs. POR,L,240,91,37,84,0.44,1,12,0.083,16,23,0.696,12,31,43,18,6,7,16,17,-15.0
21998,1610612742,DAL,Dallas Mavericks,0029800285,1999-03-13,DAL vs. VAN,W,240,91,34,76,0.447,5,11,0.455,18,28,0.643,16,29,45,19,11,5,17,25,17.0
21998,1610612742,DAL,Dallas Mavericks,0029800270,1999-03-11,DAL vs. ORL,W,239,93,37,79,0.468,2,10,0.2,17,26,0.654,13,36,49,24,8,9,12,16,17.0
21998,1610612742,DAL,Dallas Mavericks,0029800252,1999-03-09,DAL vs. PHX,L,240,91,38,78,0.487,4,15,0.267,11,21,0.524,12,27,39,26,5,4,11,18,-12.0
21998,1610612742,DAL,Dallas Mavericks,0029800240,1999-03-07,DAL @ SAC,L,241,89,37,96,0.385,3,11,0.273,12,18,0.667,21,29,50,17,5,4,14,25,-5.0
21998,1610612742,DAL,Dallas Mavericks,0029800226,1999-03-05,DAL @ UTA,L,239,95,32,82,0.39,4,15,0.267,27,37,0.73,16,30,46,18,8,4,14,31,-11.0
21998,1610612742,DAL,Dallas Mavericks,0029800216,1999-03-04,DAL vs. SAS,L,240,79,32,76,0.421,2,11,0.182,13,17,0.765,12,24,36,15,6,5,17,22,-16.0
21998,1610612742,DAL,Dallas Mavericks,0029800201,1999-03-02,DAL vs. LAC,W,240,112,40,79,0.506,7,16,0.438,25,32,0.781,14,28,42,26,5,11,7,21,13.0
21998,1610612742,DAL,Dallas Mavericks,0029800175,1999-02-27,DAL vs. SAC,W,240,97,42,105,0.4,3,6,0.5,10,19,0.526,28,31,59,14,9,8,10,20,7.0
21998,1610612742,DAL,Dallas Mavericks,0029800168,1999-02-26,DAL @ UTA,L,240,65,20,68,0.294,0,8,0.0,25,34,0.735,10,31,41,10,7,5,14,29,-15.0
21998,1610612742,DAL,Dallas Mavericks,0029800158,1999-02-25,DAL vs. DEN,W,239,90,31,80,0.388,2,8,0.25,26,32,0.813,14,36,50,14,8,9,12,17,9.0
21998,1610612742,DAL,Dallas Mavericks,0029800142,1999-02-23,DAL vs. ATL,W,241,89,33,81,0.407,5,11,0.455,18,19,0.947,9,30,39,23,4,5,10,26,4.0
21998,1610612742,DAL,Dallas Mavericks,0029800137,1999-02-22,DAL @ PHX,L,241,83,33,84,0.393,6,15,0.4,11,12,0.917,13,26,39,20,6,3,12,15,-18.0
21998,1610612742,DAL,Dallas Mavericks,0029800121,1999-02-20,DAL @ LAC,W,241,105,41,91,0.451,5,13,0.385,18,26,0.692,17,37,54,19,7,7,10,20,15.0
21998,1610612742,DAL,Dallas Mavericks,0029800113,1999-02-19,DAL @ GSW,L,241,79,26,78,0.333,2,6,0.333,25,34,0.735,11,39,50,15,4,9,11,17,-5.0
21998,1610612742,DAL,Dallas Mavericks,0029800096,1999-02-17,DAL @ LAL,L,240,88,39,86,0.453,1,3,0.333,9,18,0.5,11,29,40,24,8,8,14,27,-13.0
21998,1610612742,DAL,Dallas Mavericks,0029800079,1999-02-15,DAL @ POR,L,239,84,32,78,0.41,5,10,0.5,15,19,0.789,10,27,37,12,4,8,19,18,-15.0
21998,1610612742,DAL,Dallas Mavericks,0029800073,1999-02-14,DAL @ VAN,L,240,92,37,80,0.463,5,9,0.556,13,20,0.65,18,25,43,18,5,6,18,18,-4.0
21998,1610612742,DAL,Dallas Mavericks,0029800063,1999-02-12,DAL @ DEN,L,240,94,38,94,0.404,6,27,0.222,12,18,0.667,16,33,49,24,11,4,16,27,-6.0
21998,1610612742,DAL,Dallas Mavericks,0029800059,1999-02-11,DAL vs. HOU,L,240,95,33,83,0.398,3,9,0.333,26,30,0.867,14,27,41,10,9,5,10,21,-10.0
21998,1610612742,DAL,Dallas Mavericks,0029800041,1999-02-09,DAL vs. UTA,L,239,79,26,74,0.351,3,16,0.188,24,32,0.75,15,29,44,16,7,10,18,20,-11.0
21998,1610612742,DAL,Dallas Mavericks,0029800026,1999-02-07,DAL @ GSW,W,289,102,33,78,0.423,8,18,0.444,28,43,0.651,13,34,47,21,7,7,20,32,3.0
21998,1610612742,DAL,Dallas Mavericks,0029800012,1999-02-05,DAL @ SEA,L,264,86,34,84,0.405,6,18,0.333,12,15,0.8,12,30,42,21,2,4,9,18,-6.0
21997,1610612742,DAL,Dallas Mavericks,0029701173,1998-04-17,DAL @ LAL,L,240,95,39,95,0.411,4,11,0.364,13,15,0.867,15,16,31,24,10,5,13,26,-29.0
21997,1610612742,DAL,Dallas Mavericks,0029701160,1998-04-16,DAL @ GSW,L,240,82,34,86,0.395,3,10,0.3,11,14,0.786,19,29,48,26,5,8,14,15,-6.0
21997,1610612742,DAL,Dallas Mavericks,0029701145,1998-04-14,DAL vs. LAL,L,240,95,36,83,0.434,3,10,0.3,20,24,0.833,9,26,35,19,8,3,10,20,-16.0
21997,1610612742,DAL,Dallas Mavericks,0029701126,1998-04-11,DAL vs. DEN,W,240,99,40,84,0.476,4,13,0.308,15,19,0.789,12,36,48,23,6,9,12,19,18.0
21997,1610612742,DAL,Dallas Mavericks,0029701110,1998-04-09,DAL vs. SEA,L,240,101,35,76,0.461,3,17,0.176,28,32,0.875,10,33,43,19,14,7,14,17,-2.0
21997,1610612742,DAL,Dallas Mavericks,0029701095,1998-04-07,DAL vs. POR,L,241,91,32,79,0.405,3,7,0.429,24,30,0.8,10,34,44,15,9,16,14,14,-8.0
21997,1610612742,DAL,Dallas Mavericks,0029701084,1998-04-05,DAL @ SAC,L,239,99,39,87,0.448,6,14,0.429,15,18,0.833,12,30,42,14,7,9,14,19,-6.0
21997,1610612742,DAL,Dallas Mavericks,0029701069,1998-04-03,DAL @ POR,L,240,102,40,77,0.519,7,19,0.368,15,23,0.652,6,23,29,25,6,4,12,17,-7.0
21997,1610612742,DAL,Dallas Mavericks,0029701059,1998-04-02,DAL @ SEA,L,241,86,33,80,0.413,5,18,0.278,15,17,0.882,14,29,43,24,7,5,22,25,-21.0
21997,1610612742,DAL,Dallas Mavericks,0029701047,1998-03-31,DAL @ VAN,W,241,104,41,94,0.436,5,15,0.333,17,21,0.81,22,14,36,28,9,5,6,20,3.0
21997,1610612742,DAL,Dallas Mavericks,0029701032,1998-03-29,DAL @ LAC,L,239,86,33,79,0.418,5,12,0.417,15,25,0.6,15,29,44,16,8,2,23,18,-22.2
21997,1610612742,DAL,Dallas Mavericks,0029701016,1998-03-27,DAL vs. UTA,L,240,90,32,80,0.4,9,20,0.45,17,25,0.68,5,20,25,25,9,6,11,25,-9.0
21997,1610612742,DAL,Dallas Mavericks,0029701000,1998-03-25,DAL @ DEN,W,240,105,38,75,0.507,4,9,0.444,25,30,0.833,11,31,42,17,10,9,9,18,11.0
21997,1610612742,DAL,Dallas Mavericks,0029700984,1998-03-23,DAL vs. MIN,W,240,91,36,81,0.444,8,15,0.533,11,16,0.688,12,37,49,19,4,6,15,17,4.0
21997,1610612742,DAL,Dallas Mavericks,0029700969,1998-03-21,DAL vs. HOU,L,241,95,38,87,0.437,5,13,0.385,14,19,0.737,10,25,35,24,12,5,9,13,-8.0
21997,1610612742,DAL,Dallas Mavericks,0029700955,1998-03-19,DAL vs. GSW,W,265,88,34,88,0.386,4,9,0.444,16,20,0.8,14,34,48,24,7,12,21,19,6.0
21997,1610612742,DAL,Dallas Mavericks,0029700939,1998-03-17,DAL vs. BOS,W,240,99,35,72,0.486,6,13,0.462,23,29,0.793,8,34,42,25,4,8,21,19,6.0
21997,1610612742,DAL,Dallas Mavericks,0029700924,1998-03-15,DAL @ PHX,L,241,90,37,88,0.42,2,9,0.222,14,21,0.667,15,25,40,26,8,2,18,18,-10.0
21997,1610612742,DAL,Dallas Mavericks,0029700915,1998-03-14,DAL vs. NJN,L,240,93,41,83,0.494,1,8,0.125,10,21,0.476,19,30,49,15,7,3,22,23,-15.0
21997,1610612742,DAL,Dallas Mavericks,0029700899,1998-03-12,DAL vs. CHI,W,264,104,45,94,0.479,2,7,0.286,12,23,0.522,15,41,56,20,8,8,17,17,7.0
21997,1610612742,DAL,Dallas Mavericks,0029700886,1998-03-10,DAL @ HOU,L,240,91,36,73,0.493,5,7,0.714,14,19,0.737,2,25,27,23,8,3,12,19,-6.0
21997,1610612742,DAL,Dallas Mavericks,0029700867,1998-03-07,DAL vs. MIA,L,241,88,35,81,0.432,6,12,0.5,12,15,0.8,12,22,34,21,8,6,14,24,-6.0
21997,1610612742,DAL,Dallas Mavericks,0029700853,1998-03-05,DAL vs. LAC,W,242,119,47,94,0.5,4,9,0.444,21,28,0.75,19,24,43,25,13,3,14,22,10.0
21997,1610612742,DAL,Dallas Mavericks,0029700839,1998-03-03,DAL @ MIN,W,239,110,42,90,0.467,7,14,0.5,19,20,0.95,18,23,41,29,4,7,8,18,11.0
21997,1610612742,DAL,Dallas Mavericks,0029700833,1998-03-02,DAL @ DET,L,240,94,32,73,0.438,6,16,0.375,24,27,0.889,9,23,32,18,10,6,14,25,-6.0
21997,1610612742,DAL,Dallas Mavericks,0029700818,1998-02-28,DAL @ WAS,W,240,103,39,90,0.433,4,10,0.4,21,27,0.778,15,37,52,24,8,4,8,22,26.0
21997,1610612742,DAL,Dallas Mavericks,0029700805,1998-02-26,DAL @ MIA,L,240,72,25,71,0.352,3,9,0.333,19,28,0.679,11,23,34,13,7,8,12,19,-19.0
21997,1610612742,DAL,Dallas Mavericks,0029700795,1998-02-25,DAL @ ORL,L,241,79,34,71,0.479,3,10,0.3,8,16,0.5,8,21,29,19,8,7,18,23,-21.0
21997,1610612742,DAL,Dallas Mavericks,0029700770,1998-02-21,DAL vs. DET,L,240,82,33,80,0.413,3,11,0.273,13,19,0.684,14,26,40,15,3,4,11,17,-12.0
21997,1610612742,DAL,Dallas Mavericks,0029700754,1998-02-19,DAL vs. SAS,L,241,81,33,90,0.367,1,8,0.125,14,18,0.778,22,36,58,14,8,7,15,22,-6.0
21997,1610612742,DAL,Dallas Mavericks,0029700739,1998-02-17,DAL vs. PHX,L,238,77,30,89,0.337,4,17,0.235,13,16,0.813,7,22,29,10,14,5,9,14,-18.0
21997,1610612742,DAL,Dallas Mavericks,0029700727,1998-02-15,DAL @ MIN,L,265,99,37,93,0.398,7,23,0.304,18,26,0.692,10,34,44,24,7,10,11,27,-6.0
21997,1610612742,DAL,Dallas Mavericks,0029700711,1998-02-13,DAL @ IND,W,291,85,37,94,0.394,5,16,0.313,6,8,0.75,10,34,44,14,8,5,19,19,3.0
21997,1610612742,DAL,Dallas Mavericks,0029700694,1998-02-11,DAL @ PHI,L,241,90,34,83,0.41,7,27,0.259,15,24,0.625,12,22,34,16,13,5,11,23,-1.0
21997,1610612742,DAL,Dallas Mavericks,0029700683,1998-02-10,DAL @ NJN,L,241,81,35,69,0.507,1,8,0.125,10,11,0.909,12,17,29,6,9,7,13,19,-9.0
21997,1610612742,DAL,Dallas Mavericks,0029700678,1998-02-05,DAL @ TOR,L,241,93,37,88,0.42,3,17,0.176,16,18,0.889,14,28,42,22,2,8,9,19,-8.0
21997,1610612742,DAL,Dallas Mavericks,0029700667,1998-02-04,DAL @ BOS,L,240,99,32,72,0.444,4,21,0.19,31,36,0.861,13,28,41,11,7,4,21,17,-11.0
21997,1610612742,DAL,Dallas Mavericks,0029700656,1998-02-02,DAL vs. VAN,W,240,104,39,86,0.453,7,11,0.636,19,22,0.864,14,28,42,22,8,9,6,18,14.0
21997,1610612742,DAL,Dallas Mavericks,0029700641,1998-01-31,DAL @ DEN,L,240,98,36,87,0.414,7,17,0.412,19,24,0.792,15,21,36,17,8,6,14,15,-12.0
21997,1610612742,DAL,Dallas Mavericks,0029700632,1998-01-30,DAL @ UTA,L,240,94,33,71,0.465,4,12,0.333,24,28,0.857,5,26,31,16,9,6,18,25,-10.0
21997,1610612742,DAL,Dallas Mavericks,0029700609,1998-01-27,DAL vs. CLE,W,265,84,29,83,0.349,2,11,0.182,24,27,0.889,14,34,48,14,14,8,16,20,7.0
21997,1610612742,DAL,Dallas Mavericks,0029700593,1998-01-24,DAL vs. CHH,L,241,92,36,84,0.429,4,11,0.364,16,19,0.842,11,26,37,18,7,10,9,18,-2.0
21997,1610612742,DAL,Dallas Mavericks,0029700583,1998-01-23,DAL @ SAS,L,240,75,29,84,0.345,3,15,0.2,14,19,0.737,8,34,42,18,7,4,7,18,-6.0
21997,1610612742,DAL,Dallas Mavericks,0029700560,1998-01-20,DAL vs. SEA,W,240,107,43,80,0.538,8,13,0.615,13,23,0.565,11,25,36,24,6,2,8,19,9.0
21997,1610612742,DAL,Dallas Mavericks,0029700541,1998-01-17,DAL vs. MIN,L,265,110,40,88,0.455,10,22,0.455,20,27,0.741,10,34,44,21,6,5,16,22,-3.0
21997,1610612742,DAL,Dallas Mavericks,0029700517,1998-01-14,DAL @ ATL,L,241,82,32,89,0.36,7,18,0.389,11,15,0.733,7,29,36,18,17,2,15,20,-26.0
21997,1610612742,DAL,Dallas Mavericks,0029700512,1998-01-13,DAL @ HOU,L,239,87,32,80,0.4,5,20,0.25,18,25,0.72,15,27,42,17,9,3,15,23,-13.0
21997,1610612742,DAL,Dallas Mavericks,0029700494,1998-01-10,DAL vs. IND,L,240,79,33,88,0.375,6,20,0.3,7,12,0.583,15,30,45,18,12,5,14,21,-5.0
21997,1610612742,DAL,Dallas Mavericks,0029700477,1998-01-08,DAL vs. SAC,L,240,92,36,87,0.414,7,22,0.318,13,23,0.565,17,32,49,14,12,8,13,22,-11.0
21997,1610612742,DAL,Dallas Mavericks,0029700460,1998-01-06,DAL vs. DEN,W,240,108,42,84,0.5,8,16,0.5,16,21,0.762,17,23,40,25,10,6,11,20,18.0
21997,1610612742,DAL,Dallas Mavericks,0029700448,1998-01-03,DAL @ LAC,L,238,88,38,90,0.422,4,14,0.286,8,14,0.571,16,31,47,10,9,4,14,18,-9.0
21997,1610612742,DAL,Dallas Mavericks,0029700434,1998-01-02,DAL @ PHX,L,239,85,33,78,0.423,5,12,0.417,14,19,0.737,12,28,40,16,14,4,20,17,-7.0
21997,1610612742,DAL,Dallas Mavericks,0029700415,1997-12-30,DAL @ MIL,L,264,98,33,86,0.384,5,9,0.556,27,33,0.818,15,28,43,20,11,9,16,19,-7.0
21997,1610612742,DAL,Dallas Mavericks,0029700409,1997-12-29,DAL @ CHI,L,241,105,37,87,0.425,6,13,0.462,25,32,0.781,11,26,37,14,8,3,8,29,-5.6
21997,1610612742,DAL,Dallas Mavericks,0029700387,1997-12-26,DAL vs. WAS,L,240,95,37,86,0.43,5,12,0.417,16,19,0.842,17,32,49,11,4,6,19,26,-2.0
21997,1610612742,DAL,Dallas Mavericks,0029700374,1997-12-23,DAL @ CLE,L,238,85,31,74,0.419,7,15,0.467,16,20,0.8,5,27,32,23,8,2,12,20,-14.0
21997,1610612742,DAL,Dallas Mavericks,0029700364,1997-12-22,DAL @ NYK,L,240,67,24,62,0.387,4,15,0.267,15,16,0.938,6,30,36,13,2,1,11,10,-12.0
21997,1610612742,DAL,Dallas Mavericks,0029700357,1997-12-20,DAL vs. SAC,L,240,88,34,78,0.436,4,6,0.667,16,20,0.8,14,33,47,22,6,7,18,17,-1.0
21997,1610612742,DAL,Dallas Mavericks,0029700338,1997-12-18,DAL vs. PHX,L,240,75,32,74,0.432,2,11,0.182,9,15,0.6,7,38,45,17,6,6,17,12,-14.0
21997,1610612742,DAL,Dallas Mavericks,0029700326,1997-12-16,DAL @ GSW,L,239,92,38,97,0.392,6,13,0.462,10,19,0.526,22,27,49,20,8,1,11,22,-11.0
21997,1610612742,DAL,Dallas Mavericks,0029700310,1997-12-14,DAL @ LAL,L,240,89,35,84,0.417,2,13,0.154,17,26,0.654,12,23,35,12,7,4,13,20,-30.0
21997,1610612742,DAL,Dallas Mavericks,0029700295,1997-12-12,DAL @ UTA,L,239,66,25,63,0.397,7,19,0.368,9,13,0.692,7,18,25,16,9,1,9,22,-2.0
21997,1610612742,DAL,Dallas Mavericks,0029700289,1997-12-11,DAL vs. ORL,L,240,90,31,75,0.413,6,16,0.375,22,23,0.957,12,24,36,13,9,6,12,21,-10.0
21997,1610612742,DAL,Dallas Mavericks,0029700274,1997-12-09,DAL vs. LAC,L,240,92,36,83,0.434,5,13,0.385,15,17,0.882,8,33,41,21,4,7,12,25,-7.0
21997,1610612742,DAL,Dallas Mavericks,0029700255,1997-12-06,DAL vs. HOU,L,240,106,37,81,0.457,10,27,0.37,22,25,0.88,7,30,37,13,5,5,14,26,-2.0
21997,1610612742,DAL,Dallas Mavericks,0029700239,1997-12-04,DAL vs. NYK,W,241,105,37,81,0.457,12,22,0.545,19,24,0.792,11,26,37,17,7,4,13,18,14.0
21997,1610612742,DAL,Dallas Mavericks,0029700224,1997-12-02,DAL vs. ATL,L,238,79,31,92,0.337,3,18,0.167,14,18,0.778,16,30,46,16,4,7,8,22,-33.0
21997,1610612742,DAL,Dallas Mavericks,0029700211,1997-11-29,DAL @ SAS,L,240,87,33,78,0.423,7,20,0.35,14,20,0.7,14,22,36,15,8,1,14,22,-9.0
21997,1610612742,DAL,Dallas Mavericks,0029700199,1997-11-28,DAL vs. TOR,W,240,93,39,83,0.47,8,22,0.364,7,10,0.7,17,30,47,24,4,5,9,21,2.0
21997,1610612742,DAL,Dallas Mavericks,0029700179,1997-11-25,DAL vs. SAS,L,239,91,37,86,0.43,8,19,0.421,9,12,0.75,12,22,34,18,8,9,13,16,-11.0
21997,1610612742,DAL,Dallas Mavericks,0029700166,1997-11-22,DAL vs. MIL,L,241,62,24,76,0.316,2,6,0.333,12,15,0.8,9,31,40,13,7,12,17,16,-21.0
21997,1610612742,DAL,Dallas Mavericks,0029700149,1997-11-20,DAL vs. GSW,L,266,97,37,96,0.385,12,27,0.444,11,18,0.611,15,27,42,23,11,7,13,23,-4.0
21997,1610612742,DAL,Dallas Mavericks,0029700137,1997-11-18,DAL @ SAC,L,242,95,37,86,0.43,7,19,0.368,14,16,0.875,14,23,37,20,10,4,15,18,-7.0
21997,1610612742,DAL,Dallas Mavericks,0029700128,1997-11-17,DAL @ POR,L,240,75,28,76,0.368,3,15,0.2,16,25,0.64,7,23,30,14,6,2,14,16,-45.0
21997,1610612742,DAL,Dallas Mavericks,0029700119,1997-11-15,DAL vs. UTA,L,241,77,29,75,0.387,7,20,0.35,12,19,0.632,12,27,39,19,4,5,16,15,-8.0
21997,1610612742,DAL,Dallas Mavericks,0029700099,1997-11-13,DAL vs. PHI,L,240,98,42,85,0.494,5,14,0.357,9,16,0.563,12,24,36,25,10,2,12,22,-1.0
21997,1610612742,DAL,Dallas Mavericks,0029700086,1997-11-11,DAL vs. LAL,L,242,96,38,86,0.442,10,19,0.526,10,16,0.625,12,28,40,23,9,4,22,31,-22.0
21997,1610612742,DAL,Dallas Mavericks,0029700071,1997-11-08,DAL vs. POR,L,239,94,35,82,0.427,9,17,0.529,15,24,0.625,11,31,42,19,9,9,9,23,-7.0
21997,1610612742,DAL,Dallas Mavericks,0029700046,1997-11-05,DAL @ CHH,L,240,103,37,79,0.468,5,9,0.556,24,26,0.923,12,20,32,17,3,2,10,24,-7.0
21997,1610612742,DAL,Dallas Mavericks,0029700037,1997-11-04,DAL vs. VAN,W,240,92,37,88,0.42,5,15,0.333,13,20,0.65,16,38,54,22,5,9,10,22,5.0
21997,1610612742,DAL,Dallas Mavericks,0029700024,1997-11-01,DAL @ SEA,W,240,89,32,73,0.438,0,10,0.0,25,33,0.758,17,33,50,17,6,5,15,20,8.0
21997,1610612742,DAL,Dallas Mavericks,0029700014,1997-10-31,DAL @ VAN,W,241,90,32,74,0.432,1,11,0.091,25,32,0.781,10,27,37,18,5,8,16,21,2.0
21996,1610612742,DAL,Dallas Mavericks,0029601177,1997-04-19,DAL vs. DEN,L,240,95,40,93,0.43,3,10,0.3,12,19,0.632,14,34,48,19,8,5,10,20,-5.0
21996,1610612742,DAL,Dallas Mavericks,0029601171,1997-04-18,DAL @ HOU,L,264,102,43,99,0.434,7,24,0.292,9,15,0.6,18,27,45,24,15,2,14,19,-10.0
21996,1610612742,DAL,Dallas Mavericks,0029601158,1997-04-16,DAL @ MIN,W,240,92,34,78,0.436,6,14,0.429,18,19,0.947,12,28,40,19,4,6,10,23,15.0
21996,1610612742,DAL,Dallas Mavericks,0029601143,1997-04-14,DAL vs. LAC,L,241,93,33,87,0.379,4,15,0.267,23,27,0.852,23,28,51,14,10,3,19,27,-6.0
21996,1610612742,DAL,Dallas Mavericks,0029601129,1997-04-12,DAL vs. VAN,L,240,85,32,74,0.432,8,19,0.421,13,20,0.65,10,19,29,15,8,6,14,16,-11.0
21996,1610612742,DAL,Dallas Mavericks,0029601109,1997-04-10,DAL vs. SEA,L,241,82,30,66,0.455,7,24,0.292,15,25,0.6,7,24,31,17,12,2,17,26,-8.0
21996,1610612742,DAL,Dallas Mavericks,0029601095,1997-04-08,DAL vs. POR,W,240,87,31,71,0.437,5,12,0.417,20,32,0.625,9,31,40,20,4,7,15,18,5.0
21996,1610612742,DAL,Dallas Mavericks,0029601083,1997-04-06,DAL @ LAL,L,239,80,33,76,0.434,4,12,0.333,10,16,0.625,14,26,40,22,14,3,25,19,-7.0
21996,1610612742,DAL,Dallas Mavericks,0029601078,1997-04-05,DAL @ SEA,L,240,84,32,85,0.376,3,14,0.214,17,23,0.739,15,25,40,13,6,3,16,17,-19.0
21996,1610612742,DAL,Dallas Mavericks,0029601060,1997-04-03,DAL @ GSW,L,241,90,32,72,0.444,9,18,0.5,17,22,0.773,8,19,27,22,13,4,18,24,-16.0
21996,1610612742,DAL,Dallas Mavericks,0029601043,1997-04-01,DAL vs. DET,L,240,82,30,85,0.353,2,14,0.143,20,27,0.741,16,29,45,16,7,3,6,27,-18.0
21996,1610612742,DAL,Dallas Mavericks,0029601032,1997-03-30,DAL @ CLE,L,241,80,28,69,0.406,3,12,0.25,21,25,0.84,13,26,39,19,9,2,16,25,-4.0
21996,1610612742,DAL,Dallas Mavericks,0029601025,1997-03-29,DAL @ WAS,L,240,87,36,84,0.429,5,17,0.294,10,11,0.909,11,22,33,22,7,8,9,19,-7.0
21996,1610612742,DAL,Dallas Mavericks,0029601006,1997-03-26,DAL @ IND,L,240,80,34,82,0.415,4,14,0.286,8,12,0.667,13,25,38,24,7,2,14,17,-24.0
21996,1610612742,DAL,Dallas Mavericks,0029600995,1997-03-25,DAL @ CHI,L,240,92,40,91,0.44,5,14,0.357,7,11,0.636,19,23,42,23,5,4,13,19,-2.0
21996,1610612742,DAL,Dallas Mavericks,0029600979,1997-03-22,DAL vs. CLE,L,240,72,26,72,0.361,3,13,0.231,17,21,0.81,12,32,44,10,4,9,9,19,-3.0
21996,1610612742,DAL,Dallas Mavericks,0029600969,1997-03-21,DAL @ ATL,L,241,72,27,73,0.37,5,14,0.357,13,16,0.813,11,19,30,18,8,0,12,21,-21.0
21996,1610612742,DAL,Dallas Mavericks,0029600949,1997-03-18,DAL vs. WAS,L,239,85,31,77,0.403,4,10,0.4,19,22,0.864,9,30,39,16,11,10,18,22,-1.0
21996,1610612742,DAL,Dallas Mavericks,0029600936,1997-03-16,DAL @ SAC,W,240,89,38,73,0.521,2,10,0.2,11,19,0.579,8,25,33,22,9,6,14,17,1.0
21996,1610612742,DAL,Dallas Mavericks,0029600926,1997-03-15,DAL @ PHX,L,241,76,30,76,0.395,1,10,0.1,15,26,0.577,11,27,38,19,5,3,14,22,-25.0
21996,1610612742,DAL,Dallas Mavericks,0029600907,1997-03-13,DAL vs. BOS,W,241,109,45,82,0.549,3,11,0.273,16,24,0.667,11,29,40,22,6,9,13,21,2.0
21996,1610612742,DAL,Dallas Mavericks,0029600893,1997-03-11,DAL vs. NYK,W,240,91,27,69,0.391,8,15,0.533,29,36,0.806,8,28,36,15,8,3,11,23,8.0
21996,1610612742,DAL,Dallas Mavericks,0029600882,1997-03-09,DAL vs. HOU,L,241,83,29,75,0.387,6,16,0.375,19,20,0.95,12,34,46,14,5,4,17,18,-5.0
21996,1610612742,DAL,Dallas Mavericks,0029600871,1997-03-07,DAL @ POR,L,240,69,23,76,0.303,4,17,0.235,19,25,0.76,12,25,37,16,12,5,18,16,-11.0
21996,1610612742,DAL,Dallas Mavericks,0029600852,1997-03-05,DAL @ UTA,L,240,65,24,71,0.338,4,14,0.286,13,20,0.65,17,19,36,14,7,5,16,19,-31.0
21996,1610612742,DAL,Dallas Mavericks,0029600844,1997-03-04,DAL vs. LAL,L,241,92,35,79,0.443,1,13,0.077,21,25,0.84,10,32,42,20,7,12,18,17,-10.0
21996,1610612742,DAL,Dallas Mavericks,0029600830,1997-03-02,DAL vs. PHX,L,264,108,43,99,0.434,5,24,0.208,17,23,0.739,18,35,53,21,9,8,14,27,-1.0
21996,1610612742,DAL,Dallas Mavericks,0029600823,1997-03-01,DAL @ HOU,L,239,80,31,70,0.443,5,15,0.333,13,16,0.813,5,24,29,21,3,2,16,16,-9.0
21996,1610612742,DAL,Dallas Mavericks,0029600806,1997-02-27,DAL vs. MIN,L,290,105,39,91,0.429,6,16,0.375,21,24,0.875,19,35,54,23,5,5,21,31,-2.0
21996,1610612742,DAL,Dallas Mavericks,0029600790,1997-02-25,DAL vs. CHH,W,239,86,32,79,0.405,5,15,0.333,17,21,0.81,9,38,47,19,5,4,10,15,2.0
21996,1610612742,DAL,Dallas Mavericks,0029600780,1997-02-23,DAL @ PHX,W,238,88,36,80,0.45,3,11,0.273,13,18,0.722,16,29,45,21,5,3,14,12,2.0
21996,1610612742,DAL,Dallas Mavericks,0029600772,1997-02-22,DAL vs. TOR,L,240,92,36,80,0.45,6,19,0.316,14,19,0.737,16,27,43,21,8,1,15,16,-7.0
21996,1610612742,DAL,Dallas Mavericks,0029600754,1997-02-20,DAL vs. MIL,L,241,99,39,85,0.459,6,18,0.333,15,20,0.75,14,26,40,19,7,9,11,24,-2.0
21996,1610612742,DAL,Dallas Mavericks,0029600741,1997-02-18,DAL @ LAC,L,241,69,27,74,0.365,3,17,0.176,12,21,0.571,7,30,37,16,13,1,17,20,-18.0
21996,1610612742,DAL,Dallas Mavericks,0029600736,1997-02-17,DAL @ VAN,W,241,100,37,77,0.481,3,15,0.2,23,31,0.742,15,27,42,21,7,4,12,20,5.0
21996,1610612742,DAL,Dallas Mavericks,0029600720,1997-02-15,DAL @ UTA,L,238,84,28,74,0.378,4,21,0.19,24,27,0.889,11,22,33,16,8,3,17,25,-15.0
21996,1610612742,DAL,Dallas Mavericks,0029600703,1997-02-13,DAL vs. GSW,L,240,99,39,89,0.438,9,25,0.36,12,20,0.6,19,24,43,24,7,2,12,21,-8.0
21996,1610612742,DAL,Dallas Mavericks,0029600688,1997-02-11,DAL vs. SAS,L,240,97,36,81,0.444,5,16,0.313,20,26,0.769,16,31,47,22,3,4,10,19,-14.0
21996,1610612742,DAL,Dallas Mavericks,0029600664,1997-02-04,DAL vs. SAC,W,241,104,36,67,0.537,9,16,0.563,23,29,0.793,7,30,37,22,9,4,22,27,8.0
21996,1610612742,DAL,Dallas Mavericks,0029600643,1997-02-01,DAL vs. UTA,W,240,100,36,74,0.486,8,17,0.471,20,31,0.645,14,26,40,21,8,6,15,23,3.0
21996,1610612742,DAL,Dallas Mavericks,0029600626,1997-01-30,DAL vs. MIN,L,240,82,31,78,0.397,1,11,0.091,19,26,0.731,12,31,43,18,7,1,15,22,-10.0
21996,1610612742,DAL,Dallas Mavericks,0029600613,1997-01-28,DAL vs. LAL,L,239,83,31,79,0.392,2,11,0.182,19,24,0.792,16,28,44,17,8,1,18,18,-19.0
21996,1610612742,DAL,Dallas Mavericks,0029600597,1997-01-25,DAL vs. NJN,W,240,92,38,76,0.5,4,9,0.444,12,17,0.706,14,25,39,23,9,11,12,13,11.0
21996,1610612742,DAL,Dallas Mavericks,0029600587,1997-01-24,DAL @ SAS,L,239,87,33,73,0.452,4,15,0.267,17,23,0.739,14,16,30,20,3,4,11,22,-10.0
21996,1610612742,DAL,Dallas Mavericks,0029600567,1997-01-21,DAL @ GSW,L,240,93,34,76,0.447,9,23,0.391,16,20,0.8,14,34,48,19,5,3,21,22,-12.0
21996,1610612742,DAL,Dallas Mavericks,0029600559,1997-01-20,DAL @ LAL,L,240,99,34,78,0.436,7,16,0.438,24,34,0.706,18,31,49,20,7,3,21,31,-10.0
21996,1610612742,DAL,Dallas Mavericks,0029600543,1997-01-18,DAL @ DEN,W,240,107,39,78,0.5,7,15,0.467,22,24,0.917,9,26,35,23,12,4,13,18,3.0
21996,1610612742,DAL,Dallas Mavericks,0029600534,1997-01-17,DAL vs. HOU,L,240,78,31,75,0.413,5,15,0.333,11,16,0.688,8,31,39,17,9,2,17,18,-10.0
21996,1610612742,DAL,Dallas Mavericks,0029600519,1997-01-15,DAL vs. ORL,L,242,66,28,73,0.384,3,12,0.25,7,16,0.438,13,30,43,17,10,4,18,20,-12.0
21996,1610612742,DAL,Dallas Mavericks,0029600506,1997-01-13,DAL vs. PHX,L,240,98,40,90,0.444,4,18,0.222,14,21,0.667,15,27,42,22,11,5,18,22,-7.0
21996,1610612742,DAL,Dallas Mavericks,0029600496,1997-01-11,DAL vs. DEN,W,240,104,37,69,0.536,7,14,0.5,23,32,0.719,9,28,37,18,9,4,15,30,5.0
21996,1610612742,DAL,Dallas Mavericks,0029600469,1997-01-08,DAL @ PHI,W,238,111,40,75,0.533,8,22,0.364,23,30,0.767,9,30,39,23,3,4,15,27,18.0
21996,1610612742,DAL,Dallas Mavericks,0029600458,1997-01-07,DAL @ NYK,L,240,72,23,79,0.291,4,20,0.2,22,36,0.611,18,25,43,11,11,1,21,20,-30.0
21996,1610612742,DAL,Dallas Mavericks,0029600447,1997-01-04,DAL vs. POR,L,239,104,39,91,0.429,5,13,0.385,21,30,0.7,17,29,46,21,7,4,9,22,-6.0
21996,1610612742,DAL,Dallas Mavericks,0029600427,1997-01-02,DAL @ CHH,L,240,97,39,78,0.5,5,17,0.294,14,27,0.519,10,27,37,24,6,1,15,23,-10.0
21996,1610612742,DAL,Dallas Mavericks,0029600405,1996-12-28,DAL vs. SEA,W,241,95,34,80,0.425,8,21,0.381,19,28,0.679,15,32,47,16,9,5,14,25,5.0
21996,1610612742,DAL,Dallas Mavericks,0029600389,1996-12-26,DAL vs. GSW,L,240,108,41,83,0.494,12,21,0.571,14,16,0.875,10,24,34,24,9,1,17,19,-5.0
21996,1610612742,DAL,Dallas Mavericks,0029600370,1996-12-22,DAL @ SEA,L,240,79,28,69,0.406,10,20,0.5,13,18,0.722,7,24,31,18,8,4,17,31,-15.0
21996,1610612742,DAL,Dallas Mavericks,0029600355,1996-12-20,DAL @ POR,L,242,77,27,80,0.338,3,13,0.231,20,27,0.741,9,20,29,16,5,5,12,22,-30.0
21996,1610612742,DAL,Dallas Mavericks,0029600348,1996-12-19,DAL @ VAN,W,241,105,42,76,0.553,9,20,0.45,12,16,0.75,13,23,36,24,7,4,13,20,7.0
21996,1610612742,DAL,Dallas Mavericks,0029600331,1996-12-17,DAL vs. ATL,L,240,73,28,79,0.354,6,18,0.333,11,18,0.611,12,27,39,18,5,1,16,21,-36.0
21996,1610612742,DAL,Dallas Mavericks,0029600314,1996-12-14,DAL @ SAS,L,241,105,41,80,0.513,12,22,0.545,11,15,0.733,13,31,44,31,6,3,16,21,-1.0
21996,1610612742,DAL,Dallas Mavericks,0029600298,1996-12-12,DAL @ SAC,L,240,86,37,79,0.468,1,15,0.067,11,15,0.733,9,24,33,20,4,3,15,20,-7.0
21996,1610612742,DAL,Dallas Mavericks,0029600283,1996-12-10,DAL @ LAC,W,240,100,37,78,0.474,5,15,0.333,21,29,0.724,10,26,36,15,13,4,13,17,5.0
21996,1610612742,DAL,Dallas Mavericks,0029600262,1996-12-07,DAL vs. VAN,W,242,96,40,77,0.519,6,14,0.429,10,17,0.588,12,42,54,27,9,6,19,22,11.0
21996,1610612742,DAL,Dallas Mavericks,0029600245,1996-12-05,DAL vs. PHI,W,240,106,39,90,0.433,5,18,0.278,23,32,0.719,14,28,42,29,13,11,9,22,4.0
21996,1610612742,DAL,Dallas Mavericks,0029600236,1996-12-04,DAL @ MIA,L,240,79,34,78,0.436,2,9,0.222,9,14,0.643,15,26,41,21,7,5,19,15,-22.0
21996,1610612742,DAL,Dallas Mavericks,0029600222,1996-12-02,DAL @ ORL,W,264,108,42,88,0.477,5,16,0.313,19,24,0.792,10,33,43,30,11,8,15,30,6.0
21996,1610612742,DAL,Dallas Mavericks,0029600204,1996-11-29,DAL vs. CHI,L,239,97,37,88,0.42,1,13,0.077,22,30,0.733,17,25,42,29,10,3,12,22,-19.0
21996,1610612742,DAL,Dallas Mavericks,0029600183,1996-11-26,DAL vs. SAS,W,240,105,38,67,0.567,8,17,0.471,21,25,0.84,8,21,29,29,7,7,11,20,4.0
21996,1610612742,DAL,Dallas Mavericks,0029600169,1996-11-24,DAL @ BOS,L,240,91,35,78,0.449,1,10,0.1,20,30,0.667,11,24,35,18,10,3,18,29,-14.0
21996,1610612742,DAL,Dallas Mavericks,0029600159,1996-11-23,DAL @ NJN,L,239,91,34,76,0.447,2,13,0.154,21,32,0.656,11,25,36,23,11,2,17,17,-23.0
21996,1610612742,DAL,Dallas Mavericks,0029600151,1996-11-21,DAL vs. LAC,W,240,105,35,70,0.5,5,11,0.455,30,41,0.732,14,28,42,23,8,3,12,20,11.0
21996,1610612742,DAL,Dallas Mavericks,0029600133,1996-11-19,DAL @ MIL,L,239,97,33,72,0.458,10,22,0.455,21,32,0.656,11,33,44,17,8,1,20,31,-3.0
21996,1610612742,DAL,Dallas Mavericks,0029600121,1996-11-16,DAL vs. UTA,L,240,87,32,78,0.41,6,20,0.3,17,27,0.63,14,35,49,17,6,1,19,29,-1.0
21996,1610612742,DAL,Dallas Mavericks,0029600099,1996-11-14,DAL @ MIN,L,239,90,33,81,0.407,3,13,0.231,21,33,0.636,14,30,44,27,9,4,21,26,-10.0
21996,1610612742,DAL,Dallas Mavericks,0029600085,1996-11-12,DAL vs. IND,W,240,103,43,86,0.5,8,21,0.381,9,15,0.6,14,37,51,29,7,12,19,24,21.0
21996,1610612742,DAL,Dallas Mavericks,0029600067,1996-11-09,DAL vs. MIA,L,240,84,32,73,0.438,9,21,0.429,11,20,0.55,12,31,43,20,7,5,23,28,-7.0
21996,1610612742,DAL,Dallas Mavericks,0029600045,1996-11-06,DAL @ DET,L,241,84,34,77,0.442,9,25,0.36,7,12,0.583,10,23,33,21,7,2,14,22,-19.0
21996,1610612742,DAL,Dallas Mavericks,0029600033,1996-11-05,DAL @ TOR,L,239,96,33,82,0.402,7,19,0.368,23,34,0.676,16,27,43,22,9,3,14,28,-4.0
21996,1610612742,DAL,Dallas Mavericks,0029600021,1996-11-02,DAL vs. SAC,L,240,94,34,76,0.447,5,19,0.263,21,32,0.656,14,22,36,23,11,4,19,32,-13.0
21996,1610612742,DAL,Dallas Mavericks,0029600010,1996-11-01,DAL @ DEN,W,240,92,35,88,0.398,4,18,0.222,18,26,0.692,20,33,53,21,13,7,20,30,1.0
21995,1610612742,DAL,Dallas Mavericks,0029501189,1996-04-21,DAL @ SAN,W,240,103,37,94,0.394,8,28,0.286,21,28,0.75,13,43,56,25,6,6,10,23,
21995,1610612742,DAL,Dallas Mavericks,0029501165,1996-04-19,DAL @ PHX,L,240,103,38,95,0.4,9,28,0.321,18,24,0.75,20,29,49,24,8,1,19,19,
21995,1610612742,DAL,Dallas Mavericks,0029501162,1996-04-18,DAL vs. DEN,W,240,132,51,90,0.567,11,21,0.524,19,25,0.76,9,40,49,30,11,7,19,27,
21995,1610612742,DAL,Dallas Mavericks,0029501147,1996-04-16,DAL vs. LAL,L,240,95,37,98,0.378,3,25,0.12,18,21,0.857,24,25,49,16,10,4,20,23,
21995,1610612742,DAL,Dallas Mavericks,0029501120,1996-04-13,DAL @ HOU,L,240,111,41,94,0.436,7,22,0.318,22,30,0.733,20,28,48,26,15,2,15,22,
21995,1610612742,DAL,Dallas Mavericks,0029501110,1996-04-11,DAL @ POR,L,240,99,37,101,0.366,10,40,0.25,15,21,0.714,16,29,45,26,8,4,9,20,
21995,1610612742,DAL,Dallas Mavericks,0029501097,1996-04-09,DAL @ SAC,L,240,86,33,79,0.418,12,26,0.462,8,18,0.444,15,27,42,21,8,5,19,19,
21995,1610612742,DAL,Dallas Mavericks,0029501084,1996-04-08,DAL @ GOS,W,240,104,42,92,0.457,9,25,0.36,11,16,0.688,18,25,43,29,10,3,18,19,
21995,1610612742,DAL,Dallas Mavericks,0029501073,1996-04-06,DAL vs. LAC,W,240,101,43,93,0.462,7,19,0.368,8,9,0.889,17,31,48,20,7,4,15,19,
21995,1610612742,DAL,Dallas Mavericks,0029501035,1996-04-02,DAL vs. SAC,L,240,97,34,93,0.366,11,29,0.379,18,26,0.692,23,24,47,24,12,5,17,28,
21995,1610612742,DAL,Dallas Mavericks,0029501025,1996-03-31,DAL vs. POR,L,240,100,41,88,0.466,6,19,0.316,12,18,0.667,12,25,37,29,7,6,13,24,
21995,1610612742,DAL,Dallas Mavericks,0029501015,1996-03-29,DAL vs. SAN,L,240,104,44,94,0.468,11,31,0.355,5,6,0.833,11,30,41,28,3,7,16,18,
21995,1610612742,DAL,Dallas Mavericks,0029501001,1996-03-27,DAL vs. HOU,W,240,117,46,100,0.46,8,23,0.348,17,21,0.81,22,24,46,29,5,5,6,26,
21995,1610612742,DAL,Dallas Mavericks,0029500983,1996-03-25,DAL @ UTH,L,240,86,31,89,0.348,4,23,0.174,20,31,0.645,21,23,44,22,12,4,13,23,
21995,1610612742,DAL,Dallas Mavericks,0029500978,1996-03-24,DAL vs. NYK,L,240,79,32,95,0.337,9,34,0.265,6,7,0.857,24,32,56,16,7,4,20,15,
21995,1610612742,DAL,Dallas Mavericks,0029500963,1996-03-22,DAL vs. MIN,L,240,84,30,100,0.3,8,29,0.276,16,23,0.696,30,30,60,18,11,7,23,19,
21995,1610612742,DAL,Dallas Mavericks,0029500940,1996-03-19,DAL vs. CLE,L,240,72,23,79,0.291,9,29,0.31,17,18,0.944,16,27,43,16,6,4,14,19,
21995,1610612742,DAL,Dallas Mavericks,0029500921,1996-03-17,DAL @ POR,L,240,86,29,91,0.319,8,34,0.235,20,25,0.8,14,21,35,13,10,0,13,20,
21995,1610612742,DAL,Dallas Mavericks,0029500910,1996-03-15,DAL @ SEA,L,240,97,35,99,0.354,11,33,0.333,16,26,0.615,22,24,46,18,14,2,17,25,
21995,1610612742,DAL,Dallas Mavericks,0029500900,1996-03-14,DAL @ LAC,L,240,106,38,87,0.437,13,38,0.342,17,29,0.586,14,34,48,14,12,2,17,26,
21995,1610612742,DAL,Dallas Mavericks,0029500891,1996-03-12,DAL vs. MIA,L,240,118,39,87,0.448,14,34,0.412,26,34,0.765,6,22,28,23,11,4,13,32,
21995,1610612742,DAL,Dallas Mavericks,0029500879,1996-03-10,DAL @ TOR,L,240,112,43,102,0.422,12,39,0.308,14,22,0.636,19,18,37,19,12,5,11,22,
21995,1610612742,DAL,Dallas Mavericks,0029500868,1996-03-09,DAL @ DET,L,240,91,34,90,0.378,13,31,0.419,10,13,0.769,11,34,45,22,8,3,9,22,
21995,1610612742,DAL,Dallas Mavericks,0029500850,1996-03-07,DAL @ CHH,L,240,105,43,93,0.462,10,35,0.286,9,11,0.818,7,24,31,28,6,3,10,14,
21995,1610612742,DAL,Dallas Mavericks,0029500843,1996-03-05,DAL vs. NJN,W,240,127,47,105,0.448,18,49,0.367,15,19,0.789,17,33,50,24,9,3,12,25,
21995,1610612742,DAL,Dallas Mavericks,0029500827,1996-03-03,DAL vs. PHX,L,240,114,42,99,0.424,10,42,0.238,20,24,0.833,13,28,41,20,7,8,12,22,
21995,1610612742,DAL,Dallas Mavericks,0029500812,1996-03-01,DAL @ VAN,W,240,119,42,97,0.433,16,44,0.364,19,24,0.792,17,26,43,30,12,1,14,16,
21995,1610612742,DAL,Dallas Mavericks,0029500799,1996-02-29,DAL @ DEN,W,240,137,47,90,0.522,18,37,0.486,25,33,0.758,11,27,38,31,5,7,11,24,
21995,1610612742,DAL,Dallas Mavericks,0029500783,1996-02-27,DAL vs. PHL,L,240,115,39,98,0.398,15,40,0.375,22,26,0.846,13,32,45,20,8,4,11,22,
21995,1610612742,DAL,Dallas Mavericks,0029500768,1996-02-25,DAL vs. TOR,W,240,105,34,83,0.41,9,25,0.36,28,44,0.636,20,31,51,20,12,6,18,15,
21995,1610612742,DAL,Dallas Mavericks,0029500758,1996-02-23,DAL vs. LAL,L,240,88,38,107,0.355,2,15,0.133,10,19,0.526,24,34,58,20,8,7,16,22,
21995,1610612742,DAL,Dallas Mavericks,0029500741,1996-02-21,DAL vs. SAC,W,240,93,33,95,0.347,8,22,0.364,19,23,0.826,22,37,59,21,7,8,15,18,
21995,1610612742,DAL,Dallas Mavericks,0029500728,1996-02-19,DAL vs. GOS,L,240,100,40,90,0.444,9,19,0.474,11,17,0.647,16,22,38,26,11,2,17,19,
21995,1610612742,DAL,Dallas Mavericks,0029500705,1996-02-16,DAL @ LAL,L,240,114,44,93,0.473,10,26,0.385,16,20,0.8,15,24,39,28,8,4,15,19,
21995,1610612742,DAL,Dallas Mavericks,0029500697,1996-02-15,DAL @ UTH,L,240,103,36,83,0.434,14,31,0.452,17,22,0.773,11,28,39,22,5,4,16,21,
21995,1610612742,DAL,Dallas Mavericks,0029500685,1996-02-13,DAL @ HOU,L,240,106,40,100,0.4,9,22,0.409,17,26,0.654,23,26,49,27,9,3,16,21,
21995,1610612742,DAL,Dallas Mavericks,0029500674,1996-02-08,DAL vs. UTH,W,290,136,45,83,0.542,14,32,0.438,32,41,0.78,3,34,37,29,8,1,13,31,
21995,1610612742,DAL,Dallas Mavericks,0029500653,1996-02-06,DAL @ MIL,L,240,111,42,84,0.5,10,22,0.455,17,21,0.81,13,16,29,23,9,1,14,22,
21995,1610612742,DAL,Dallas Mavericks,0029500649,1996-02-05,DAL @ MIN,L,240,92,38,92,0.413,9,26,0.346,7,10,0.7,14,29,43,22,4,8,15,19,
21995,1610612742,DAL,Dallas Mavericks,0029500638,1996-02-03,DAL vs. MIN,L,240,96,33,88,0.375,12,29,0.414,18,28,0.643,21,24,45,19,5,7,18,24,
21995,1610612742,DAL,Dallas Mavericks,0029500620,1996-02-01,DAL vs. SEA,W,240,103,36,80,0.45,14,31,0.452,17,28,0.607,12,35,47,23,8,7,22,22,
21995,1610612742,DAL,Dallas Mavericks,0029500611,1996-01-30,DAL vs. LAC,W,240,105,36,92,0.391,11,24,0.458,22,33,0.667,23,38,61,24,9,5,16,22,
21995,1610612742,DAL,Dallas Mavericks,0029500586,1996-01-27,DAL vs. POR,L,240,103,38,93,0.409,10,27,0.37,17,26,0.654,13,28,41,25,8,2,8,24,
21995,1610612742,DAL,Dallas Mavericks,0029500573,1996-01-25,DAL vs. DET,L,240,92,33,77,0.429,8,27,0.296,18,24,0.75,9,29,38,26,4,3,8,19,
21995,1610612742,DAL,Dallas Mavericks,0029500558,1996-01-23,DAL @ SAC,W,240,111,39,79,0.494,7,19,0.368,26,37,0.703,14,27,41,23,12,3,15,26,
21995,1610612742,DAL,Dallas Mavericks,0029500549,1996-01-21,DAL @ SEA,L,240,101,39,104,0.375,8,31,0.258,15,20,0.75,26,26,52,22,9,0,15,26,
21995,1610612742,DAL,Dallas Mavericks,0029500534,1996-01-19,DAL vs. BOS,W,240,129,44,87,0.506,6,13,0.462,35,46,0.761,12,29,41,24,11,2,14,24,
21995,1610612742,DAL,Dallas Mavericks,0029500499,1996-01-15,DAL vs. ORL,W,240,119,41,87,0.471,5,16,0.313,32,39,0.821,18,29,47,29,8,3,8,24,
21995,1610612742,DAL,Dallas Mavericks,0029500492,1996-01-13,DAL vs. CHH,L,240,83,35,81,0.432,5,14,0.357,8,18,0.444,14,36,50,22,1,1,15,22,
21995,1610612742,DAL,Dallas Mavericks,0029500484,1996-01-12,DAL @ PHX,W,265,140,51,85,0.6,8,20,0.4,30,33,0.909,9,30,39,37,6,3,16,26,
21995,1610612742,DAL,Dallas Mavericks,0029500460,1996-01-09,DAL vs. IND,L,240,84,32,97,0.33,9,22,0.409,11,15,0.733,33,33,66,19,1,6,16,25,
21995,1610612742,DAL,Dallas Mavericks,0029500452,1996-01-07,DAL @ BOS,W,240,117,40,85,0.471,11,23,0.478,26,31,0.839,18,35,53,24,9,5,20,25,
21995,1610612742,DAL,Dallas Mavericks,0029500438,1996-01-05,DAL @ NJN,L,240,99,38,88,0.432,9,24,0.375,14,18,0.778,12,22,34,30,10,10,11,20,
21995,1610612742,DAL,Dallas Mavericks,0029500431,1996-01-04,DAL @ WAS,L,240,100,42,88,0.477,5,18,0.278,11,14,0.786,15,25,40,28,8,4,20,20,
21995,1610612742,DAL,Dallas Mavericks,0029500414,1996-01-02,DAL vs. UTH,L,240,92,32,77,0.416,12,25,0.48,16,21,0.762,11,25,36,19,9,2,16,22,
21995,1610612742,DAL,Dallas Mavericks,0029500410,1995-12-30,DAL vs. HOU,L,240,102,39,82,0.476,9,23,0.391,15,26,0.577,9,27,36,29,3,10,12,26,
21995,1610612742,DAL,Dallas Mavericks,0029500388,1995-12-28,DAL vs. VAN,W,290,103,32,106,0.302,6,22,0.273,33,44,0.75,37,39,76,20,11,8,21,28,
21995,1610612742,DAL,Dallas Mavericks,0029500373,1995-12-26,DAL @ DEN,L,240,102,41,93,0.441,6,17,0.353,14,19,0.737,14,27,41,27,11,4,13,20,
21995,1610612742,DAL,Dallas Mavericks,0029500355,1995-12-23,DAL @ MIN,L,240,98,41,94,0.436,5,20,0.25,11,15,0.733,18,21,39,27,8,9,17,24,
21995,1610612742,DAL,Dallas Mavericks,0029500347,1995-12-22,DAL @ IND,L,240,79,31,82,0.378,6,19,0.316,11,17,0.647,15,22,37,17,8,2,16,23,
21995,1610612742,DAL,Dallas Mavericks,0029500324,1995-12-19,DAL @ CHI,L,240,101,41,90,0.456,9,16,0.563,10,11,0.909,15,24,39,23,7,2,16,25,
21995,1610612742,DAL,Dallas Mavericks,0029500312,1995-12-16,DAL vs. PHX,L,265,108,39,94,0.415,14,22,0.636,16,25,0.64,29,26,55,23,6,3,19,27,
21995,1610612742,DAL,Dallas Mavericks,0029500293,1995-12-14,DAL vs. SAN,L,240,111,44,95,0.463,11,20,0.55,12,17,0.706,16,24,40,33,6,1,10,23,
21995,1610612742,DAL,Dallas Mavericks,0029500282,1995-12-12,DAL vs. SEA,W,265,112,42,96,0.438,13,25,0.52,15,29,0.517,17,38,55,30,8,6,14,28,
21995,1610612742,DAL,Dallas Mavericks,0029500258,1995-12-09,DAL vs. WAS,L,240,94,37,95,0.389,6,22,0.273,14,21,0.667,26,29,55,18,3,3,17,25,
21995,1610612742,DAL,Dallas Mavericks,0029500235,1995-12-06,DAL @ PHL,L,240,87,30,84,0.357,5,19,0.263,22,31,0.71,22,36,58,20,9,4,22,22,
21995,1610612742,DAL,Dallas Mavericks,0029500229,1995-12-05,DAL @ NYK,L,240,87,35,90,0.389,7,21,0.333,10,16,0.625,17,30,47,22,11,0,18,24,
21995,1610612742,DAL,Dallas Mavericks,0029500220,1995-12-03,DAL @ CLE,L,265,107,38,81,0.469,11,22,0.5,20,32,0.625,11,29,40,31,7,3,16,28,
21995,1610612742,DAL,Dallas Mavericks,0029500207,1995-12-01,DAL @ ATL,W,240,106,40,90,0.444,5,8,0.625,21,30,0.7,23,30,53,20,7,2,14,24,
21995,1610612742,DAL,Dallas Mavericks,0029500199,1995-11-30,DAL @ ORL,L,240,96,36,92,0.391,6,22,0.273,18,29,0.621,21,30,51,24,10,5,14,16,
21995,1610612742,DAL,Dallas Mavericks,0029500184,1995-11-28,DAL @ MIA,L,240,89,32,67,0.478,4,10,0.4,21,23,0.913,7,30,37,20,2,4,22,22,
21995,1610612742,DAL,Dallas Mavericks,0029500158,1995-11-24,DAL vs. DEN,L,265,109,39,96,0.406,8,23,0.348,23,32,0.719,22,30,52,27,8,4,10,18,
21995,1610612742,DAL,Dallas Mavericks,0029500136,1995-11-21,DAL vs. CHI,L,265,102,37,108,0.343,6,20,0.3,22,31,0.71,32,34,66,22,8,5,15,25,
21995,1610612742,DAL,Dallas Mavericks,0029500122,1995-11-18,DAL @ GOS,L,240,108,35,81,0.432,7,21,0.333,31,39,0.795,18,19,37,21,10,4,16,27,
21995,1610612742,DAL,Dallas Mavericks,0029500107,1995-11-17,DAL @ LAC,L,240,90,34,79,0.43,4,17,0.235,18,29,0.621,13,32,45,16,2,4,16,22,
21995,1610612742,DAL,Dallas Mavericks,0029500095,1995-11-15,DAL @ LAL,L,240,97,35,92,0.38,11,26,0.423,16,27,0.593,16,33,49,25,3,3,15,22,
21995,1610612742,DAL,Dallas Mavericks,0029500081,1995-11-13,DAL @ VAN,W,240,94,26,94,0.277,9,19,0.474,33,38,0.868,31,34,65,15,5,5,11,19,
21995,1610612742,DAL,Dallas Mavericks,0029500073,1995-11-11,DAL vs. ATL,L,240,100,37,84,0.44,11,28,0.393,15,25,0.6,15,31,46,23,5,3,18,23,
21995,1610612742,DAL,Dallas Mavericks,0029500055,1995-11-09,DAL vs. MIL,W,240,104,44,84,0.524,11,23,0.478,5,5,1.0,10,29,39,23,4,6,19,13,
21995,1610612742,DAL,Dallas Mavericks,0029500031,1995-11-07,DAL vs. VAN,W,240,99,41,92,0.446,3,10,0.3,14,14,1.0,21,37,58,24,10,3,17,20,
21995,1610612742,DAL,Dallas Mavericks,0029500015,1995-11-04,DAL vs. GOS,W,240,99,39,91,0.429,4,22,0.182,17,25,0.68,22,37,59,24,4,5,16,21,
21995,1610612742,DAL,Dallas Mavericks,0029500011,1995-11-03,DAL @ SAN,W,240,103,42,89,0.472,4,12,0.333,15,23,0.652,15,34,49,16,7,7,17,30,
21994,1610612742,DAL,Dallas Mavericks,0029401106,1995-04-23,DAL @ LAC,L,240,102,37,106,0.349,6,26,0.231,22,27,0.815,21,29,50,15,9,6,14,19,
21994,1610612742,DAL,Dallas Mavericks,0029401089,1995-04-21,DAL @ PHX,L,240,99,36,89,0.404,6,22,0.273,21,25,0.84,13,28,41,27,11,3,16,24,
21994,1610612742,DAL,Dallas Mavericks,0029401077,1995-04-20,DAL vs. SAN,L,240,111,45,95,0.474,7,14,0.5,14,16,0.875,17,30,47,28,4,5,13,15,
21994,1610612742,DAL,Dallas Mavericks,0029401065,1995-04-18,DAL vs. LAC,W,240,104,40,86,0.465,2,10,0.2,22,26,0.846,24,33,57,20,6,2,22,24,
21994,1610612742,DAL,Dallas Mavericks,0029401051,1995-04-16,DAL @ LAL,L,240,111,44,95,0.463,7,19,0.368,16,28,0.571,22,29,51,31,6,4,20,26,
21994,1610612742,DAL,Dallas Mavericks,0029401041,1995-04-15,DAL @ POR,W,240,102,38,75,0.507,8,19,0.421,18,32,0.563,12,36,48,22,5,3,20,20,
21994,1610612742,DAL,Dallas Mavericks,0029401033,1995-04-13,DAL @ SEA,L,240,112,38,105,0.362,12,29,0.414,24,32,0.75,24,30,54,21,9,5,18,26,
21994,1610612742,DAL,Dallas Mavericks,0029401018,1995-04-11,DAL @ HOU,W,290,156,55,128,0.43,15,31,0.484,31,45,0.689,27,35,62,29,12,2,17,28,
21994,1610612742,DAL,Dallas Mavericks,0029401009,1995-04-10,DAL vs. GOS,L,240,112,45,97,0.464,8,25,0.32,14,21,0.667,21,35,56,30,6,9,19,25,
21994,1610612742,DAL,Dallas Mavericks,0029400997,1995-04-08,DAL vs. SEA,L,240,98,32,78,0.41,11,25,0.44,23,28,0.821,11,23,34,27,8,3,20,20,
21994,1610612742,DAL,Dallas Mavericks,0029400990,1995-04-07,DAL vs. MIN,W,240,111,42,106,0.396,4,12,0.333,23,25,0.92,28,30,58,29,10,3,14,25,
21994,1610612742,DAL,Dallas Mavericks,0029400975,1995-04-05,DAL vs. LAL,W,240,130,50,102,0.49,7,16,0.438,23,29,0.793,27,31,58,26,6,7,10,21,
21994,1610612742,DAL,Dallas Mavericks,0029400959,1995-04-02,DAL @ BOS,L,240,87,35,95,0.368,5,16,0.313,12,18,0.667,22,28,50,19,11,7,14,13,
21994,1610612742,DAL,Dallas Mavericks,0029400949,1995-03-31,DAL @ NYK,L,240,90,32,90,0.356,2,10,0.2,24,32,0.75,19,22,41,15,13,2,12,15,
21994,1610612742,DAL,Dallas Mavericks,0029400938,1995-03-30,DAL @ CHH,W,240,125,51,88,0.58,4,15,0.267,19,24,0.792,13,37,50,30,3,4,15,19,
21994,1610612742,DAL,Dallas Mavericks,0029400930,1995-03-28,DAL vs. MIL,W,240,114,45,97,0.464,7,15,0.467,17,26,0.654,23,38,61,29,8,2,15,21,
21994,1610612742,DAL,Dallas Mavericks,0029400913,1995-03-25,DAL vs. UTH,W,240,117,39,75,0.52,6,17,0.353,33,42,0.786,17,25,42,23,10,0,19,24,
21994,1610612742,DAL,Dallas Mavericks,0029400896,1995-03-23,DAL @ DET,W,240,102,41,96,0.427,6,20,0.3,14,19,0.737,23,31,54,26,7,3,16,17,
21994,1610612742,DAL,Dallas Mavericks,0029400887,1995-03-22,DAL @ MIN,W,240,99,37,92,0.402,5,16,0.313,20,31,0.645,29,28,57,25,4,5,14,25,
21994,1610612742,DAL,Dallas Mavericks,0029400872,1995-03-20,DAL @ CLE,W,290,102,41,98,0.418,2,18,0.111,18,29,0.621,19,36,55,24,12,8,13,18,
21994,1610612742,DAL,Dallas Mavericks,0029400859,1995-03-18,DAL @ SAN,L,240,106,38,80,0.475,8,19,0.421,22,25,0.88,15,29,44,23,7,10,16,27,
21994,1610612742,DAL,Dallas Mavericks,0029400848,1995-03-17,DAL vs. PHL,W,240,103,43,99,0.434,6,19,0.316,11,17,0.647,20,27,47,26,4,4,9,23,
21994,1610612742,DAL,Dallas Mavericks,0029400831,1995-03-14,DAL @ SAC,W,240,91,37,87,0.425,3,12,0.25,14,21,0.667,12,33,45,20,7,3,12,20,
21994,1610612742,DAL,Dallas Mavericks,0029400823,1995-03-13,DAL @ GOS,W,240,130,46,99,0.465,9,19,0.474,29,38,0.763,20,32,52,34,7,3,13,24,
21994,1610612742,DAL,Dallas Mavericks,0029400812,1995-03-11,DAL @ HOU,L,240,102,34,88,0.386,9,20,0.45,25,28,0.893,19,27,46,19,6,5,16,23,
21994,1610612742,DAL,Dallas Mavericks,0029400786,1995-03-08,DAL @ UTH,L,240,87,34,93,0.366,4,14,0.286,15,20,0.75,21,24,45,18,7,3,15,24,
21994,1610612742,DAL,Dallas Mavericks,0029400782,1995-03-07,DAL vs. DEN,L,240,96,39,86,0.453,4,14,0.286,14,19,0.737,12,24,36,27,6,4,11,18,
21994,1610612742,DAL,Dallas Mavericks,0029400764,1995-03-04,DAL vs. DET,L,240,91,32,91,0.352,4,15,0.267,23,30,0.767,20,30,50,20,6,7,9,19,
21994,1610612742,DAL,Dallas Mavericks,0029400750,1995-03-02,DAL vs. CLE,W,240,90,32,77,0.416,3,6,0.5,23,29,0.793,15,41,56,20,1,5,17,17,
21994,1610612742,DAL,Dallas Mavericks,0029400737,1995-02-28,DAL vs. HOU,W,240,102,40,89,0.449,1,13,0.077,21,31,0.677,21,33,54,23,11,5,14,17,
21994,1610612742,DAL,Dallas Mavericks,0029400721,1995-02-26,DAL @ IND,L,240,92,36,83,0.434,4,14,0.286,16,23,0.696,12,27,39,25,9,5,15,19,
21994,1610612742,DAL,Dallas Mavericks,0029400707,1995-02-24,DAL @ NJN,L,240,104,38,78,0.487,6,15,0.4,22,31,0.71,12,30,42,25,6,2,16,23,
21994,1610612742,DAL,Dallas Mavericks,0029400698,1995-02-23,DAL @ ATL,L,240,92,36,99,0.364,3,14,0.214,17,22,0.773,26,27,53,15,6,3,12,17,
21994,1610612742,DAL,Dallas Mavericks,0029400683,1995-02-21,DAL @ WAS,W,240,102,42,84,0.5,3,11,0.273,15,18,0.833,17,29,46,25,5,4,14,18,
21994,1610612742,DAL,Dallas Mavericks,0029400662,1995-02-17,DAL vs. ATL,L,240,90,34,86,0.395,3,18,0.167,19,21,0.905,17,22,39,22,8,2,16,20,
21994,1610612742,DAL,Dallas Mavericks,0029400632,1995-02-14,DAL vs. POR,W,240,95,36,86,0.419,2,11,0.182,21,32,0.656,17,29,46,22,8,5,13,21,
21994,1610612742,DAL,Dallas Mavericks,0029400626,1995-02-08,DAL @ ORL,L,240,92,39,94,0.415,5,17,0.294,9,14,0.643,15,27,42,23,4,1,8,21,
21994,1610612742,DAL,Dallas Mavericks,0029400607,1995-02-07,DAL vs. PHX,L,240,113,45,102,0.441,7,22,0.318,16,24,0.667,26,33,59,29,5,5,11,21,
21994,1610612742,DAL,Dallas Mavericks,0029400594,1995-02-04,DAL vs. UTH,W,240,119,41,83,0.494,8,14,0.571,29,35,0.829,20,31,51,23,9,3,21,22,
21994,1610612742,DAL,Dallas Mavericks,0029400587,1995-02-03,DAL vs. SAN,L,240,103,36,87,0.414,5,12,0.417,26,34,0.765,15,27,42,17,5,4,9,18,
21994,1610612742,DAL,Dallas Mavericks,0029400575,1995-02-01,DAL @ MIN,W,240,104,38,77,0.494,7,14,0.5,21,30,0.7,19,34,53,20,4,5,15,17,
21994,1610612742,DAL,Dallas Mavericks,0029400564,1995-01-31,DAL @ MIL,L,240,105,40,85,0.471,5,10,0.5,20,21,0.952,16,31,47,23,4,5,13,21,
21994,1610612742,DAL,Dallas Mavericks,0029400546,1995-01-28,DAL vs. SAC,L,240,84,30,81,0.37,1,14,0.071,23,31,0.742,17,30,47,20,9,10,16,26,
21994,1610612742,DAL,Dallas Mavericks,0029400541,1995-01-27,DAL vs. MIN,L,240,94,34,84,0.405,4,17,0.235,22,28,0.786,21,25,46,19,3,4,17,20,
21994,1610612742,DAL,Dallas Mavericks,0029400520,1995-01-24,DAL @ SAC,L,290,109,44,100,0.44,10,27,0.37,11,18,0.611,13,34,47,26,12,8,14,17,
21994,1610612742,DAL,Dallas Mavericks,0029400510,1995-01-23,DAL @ UTH,L,240,111,43,75,0.573,8,18,0.444,17,23,0.739,9,25,34,26,5,4,17,24,
21994,1610612742,DAL,Dallas Mavericks,0029400500,1995-01-21,DAL vs. SEA,L,240,91,38,95,0.4,1,16,0.063,14,21,0.667,23,25,48,22,6,3,24,24,
21994,1610612742,DAL,Dallas Mavericks,0029400493,1995-01-20,DAL vs. NYK,L,240,93,34,69,0.493,3,10,0.3,22,31,0.71,9,29,38,20,3,5,15,23,
21994,1610612742,DAL,Dallas Mavericks,0029400479,1995-01-18,DAL vs. ORL,L,240,97,39,85,0.459,7,12,0.583,12,21,0.571,16,25,41,23,6,2,16,19,
21994,1610612742,DAL,Dallas Mavericks,0029400458,1995-01-15,DAL @ SAN,W,240,108,41,85,0.482,3,9,0.333,23,32,0.719,15,33,48,22,10,3,17,22,
21994,1610612742,DAL,Dallas Mavericks,0029400454,1995-01-14,DAL vs. MIA,L,240,77,28,85,0.329,1,17,0.059,20,32,0.625,19,32,51,19,6,2,15,15,
21994,1610612742,DAL,Dallas Mavericks,0029400435,1995-01-12,DAL @ DEN,L,240,78,31,84,0.369,2,12,0.167,14,19,0.737,10,31,41,20,4,11,16,17,
21994,1610612742,DAL,Dallas Mavericks,0029400433,1995-01-11,DAL vs. LAC,W,240,98,41,85,0.482,2,10,0.2,14,24,0.583,17,30,47,27,7,8,15,19,
21994,1610612742,DAL,Dallas Mavericks,0029400414,1995-01-09,DAL @ UTH,L,240,90,33,85,0.388,11,21,0.524,13,19,0.684,11,24,35,24,7,4,11,23,
21994,1610612742,DAL,Dallas Mavericks,0029400396,1995-01-06,DAL vs. IND,W,240,103,37,81,0.457,6,16,0.375,23,33,0.697,17,31,48,21,7,2,16,27,
21994,1610612742,DAL,Dallas Mavericks,0029400386,1995-01-05,DAL @ HOU,L,240,99,36,93,0.387,6,14,0.429,21,25,0.84,17,28,45,24,11,0,15,23,
21994,1610612742,DAL,Dallas Mavericks,0029400371,1995-01-03,DAL vs. HOU,L,240,98,42,98,0.429,3,12,0.25,11,14,0.786,28,20,48,23,12,2,18,18,
21994,1610612742,DAL,Dallas Mavericks,0029400360,1994-12-30,DAL vs. GOS,W,240,110,46,101,0.455,5,13,0.385,13,19,0.684,24,36,60,29,11,6,18,29,
21994,1610612742,DAL,Dallas Mavericks,0029400340,1994-12-27,DAL vs. PHX,L,240,118,46,81,0.568,3,12,0.25,23,35,0.657,16,35,51,32,7,3,21,22,
21994,1610612742,DAL,Dallas Mavericks,0029400328,1994-12-26,DAL @ PHX,L,240,113,47,95,0.495,3,16,0.188,16,25,0.64,17,24,41,34,9,5,21,26,
21994,1610612742,DAL,Dallas Mavericks,0029400324,1994-12-23,DAL @ POR,L,240,92,32,88,0.364,3,12,0.25,25,34,0.735,11,31,42,17,6,4,18,22,
21994,1610612742,DAL,Dallas Mavericks,0029400311,1994-12-22,DAL @ SEA,L,240,101,39,83,0.47,6,18,0.333,17,20,0.85,12,25,37,25,9,4,23,26,
21994,1610612742,DAL,Dallas Mavericks,0029400297,1994-12-20,DAL @ GOS,W,240,110,45,103,0.437,5,13,0.385,15,25,0.6,23,27,50,28,8,2,11,22,
21994,1610612742,DAL,Dallas Mavericks,0029400279,1994-12-17,DAL @ LAC,W,240,106,40,79,0.506,2,5,0.4,24,29,0.828,16,38,54,21,4,6,19,25,
21994,1610612742,DAL,Dallas Mavericks,0029400269,1994-12-15,DAL vs. BOS,W,240,122,48,89,0.539,2,5,0.4,24,27,0.889,18,31,49,29,4,2,18,27,
21994,1610612742,DAL,Dallas Mavericks,0029400250,1994-12-13,DAL vs. LAL,L,240,108,46,84,0.548,4,11,0.364,12,16,0.75,16,32,48,29,9,2,24,17,
21994,1610612742,DAL,Dallas Mavericks,0029400235,1994-12-10,DAL vs. CHH,W,240,99,43,92,0.467,1,4,0.25,12,16,0.75,22,32,54,27,5,2,12,15,
21994,1610612742,DAL,Dallas Mavericks,0029400217,1994-12-08,DAL vs. WAS,L,265,121,51,103,0.495,2,9,0.222,17,23,0.739,19,30,49,32,7,3,17,23,
21994,1610612742,DAL,Dallas Mavericks,0029400206,1994-12-06,DAL @ SAN,W,265,124,50,108,0.463,5,17,0.294,19,24,0.792,27,35,62,29,8,6,19,27,
21994,1610612742,DAL,Dallas Mavericks,0029400194,1994-12-03,DAL vs. UTH,L,240,87,28,69,0.406,3,11,0.273,28,37,0.757,11,22,33,16,6,4,19,22,
21994,1610612742,DAL,Dallas Mavericks,0029400176,1994-12-01,DAL vs. DEN,L,240,80,30,96,0.313,1,16,0.063,19,31,0.613,25,28,53,17,10,4,17,27,
21994,1610612742,DAL,Dallas Mavericks,0029400164,1994-11-29,DAL vs. MIN,W,240,84,28,72,0.389,3,7,0.429,25,36,0.694,18,31,49,17,6,9,19,29,
21994,1610612742,DAL,Dallas Mavericks,0029400149,1994-11-26,DAL @ DEN,W,265,124,45,97,0.464,1,11,0.091,33,40,0.825,22,28,50,20,5,7,16,28,
21994,1610612742,DAL,Dallas Mavericks,0029400142,1994-11-25,DAL vs. POR,W,240,101,37,79,0.468,1,6,0.167,26,39,0.667,19,37,56,20,6,5,17,26,
21994,1610612742,DAL,Dallas Mavericks,0029400129,1994-11-23,DAL @ LAL,L,240,106,43,98,0.439,3,15,0.2,17,27,0.63,25,29,54,26,4,2,17,22,
21994,1610612742,DAL,Dallas Mavericks,0029400105,1994-11-19,DAL vs. CHI,L,240,85,33,81,0.407,2,7,0.286,17,27,0.63,11,31,42,21,8,8,17,21,
21994,1610612742,DAL,Dallas Mavericks,0029400086,1994-11-17,DAL vs. SAC,W,240,96,37,80,0.463,1,6,0.167,21,28,0.75,19,23,42,24,7,3,21,25,
21994,1610612742,DAL,Dallas Mavericks,0029400076,1994-11-15,DAL @ MIA,L,240,102,38,92,0.413,7,17,0.412,19,26,0.731,16,21,37,17,4,3,11,26,
21994,1610612742,DAL,Dallas Mavericks,0029400056,1994-11-12,DAL @ CHI,W,265,124,46,89,0.517,6,12,0.5,26,33,0.788,17,35,52,25,6,4,27,30,
21994,1610612742,DAL,Dallas Mavericks,0029400049,1994-11-11,DAL @ PHL,W,240,107,41,84,0.488,3,13,0.231,22,27,0.815,15,29,44,26,13,2,20,21,
21994,1610612742,DAL,Dallas Mavericks,0029400029,1994-11-08,DAL vs. DEN,L,240,107,39,103,0.379,6,18,0.333,23,29,0.793,32,28,60,23,7,4,12,28,
21994,1610612742,DAL,Dallas Mavericks,0029400014,1994-11-05,DAL vs. NJN,W,240,112,39,85,0.459,1,3,0.333,33,48,0.688,22,32,54,26,7,4,16,33,
21993,1610612742,DAL,Dallas Mavericks,0029301101,1994-04-24,DAL vs. MIN,W,240,116,41,83,0.494,1,9,0.111,33,41,0.805,17,22,39,23,13,7,11,27,
21993,1610612742,DAL,Dallas Mavericks,0029301088,1994-04-22,DAL vs. HOU,W,240,107,42,88,0.477,2,7,0.286,21,29,0.724,13,27,40,19,16,1,15,23,
21993,1610612742,DAL,Dallas Mavericks,0029301081,1994-04-21,DAL @ HOU,L,240,100,41,104,0.394,3,10,0.3,15,20,0.75,21,28,49,24,9,3,17,18,
21993,1610612742,DAL,Dallas Mavericks,0029301058,1994-04-18,DAL vs. PHX,L,240,97,39,92,0.424,2,9,0.222,17,24,0.708,18,26,44,17,7,1,18,22,
21993,1610612742,DAL,Dallas Mavericks,0029301049,1994-04-16,DAL vs. SAC,L,240,98,38,84,0.452,2,7,0.286,20,26,0.769,11,28,39,19,8,1,11,23,
21993,1610612742,DAL,Dallas Mavericks,0029301041,1994-04-15,DAL vs. DEN,W,240,99,36,88,0.409,1,6,0.167,26,29,0.897,20,30,50,17,9,5,17,22,
21993,1610612742,DAL,Dallas Mavericks,0029301019,1994-04-12,DAL @ POR,W,240,108,42,87,0.483,2,9,0.222,22,24,0.917,14,28,42,16,10,2,17,19,
21993,1610612742,DAL,Dallas Mavericks,0029301006,1994-04-11,DAL @ GOS,L,240,108,47,93,0.505,5,16,0.313,9,12,0.75,10,28,38,32,13,8,18,22,
21993,1610612742,DAL,Dallas Mavericks,0029300989,1994-04-08,DAL @ SEA,L,240,93,34,69,0.493,6,14,0.429,19,29,0.655,6,28,34,7,12,3,26,25,
21993,1610612742,DAL,Dallas Mavericks,0029300983,1994-04-07,DAL @ UTH,L,240,82,29,77,0.377,3,9,0.333,21,28,0.75,11,33,44,16,7,7,19,23,
21993,1610612742,DAL,Dallas Mavericks,0029300964,1994-04-05,DAL @ SAC,W,240,88,36,85,0.424,1,4,0.25,15,22,0.682,12,33,45,21,13,3,10,21,
21993,1610612742,DAL,Dallas Mavericks,0029300948,1994-04-02,DAL vs. CLE,L,240,88,37,85,0.435,1,11,0.091,13,18,0.722,15,30,45,20,7,2,13,26,
21993,1610612742,DAL,Dallas Mavericks,0029300947,1994-04-01,DAL vs. CHH,L,240,104,39,83,0.47,4,11,0.364,22,32,0.688,19,22,41,21,9,5,21,22,
21993,1610612742,DAL,Dallas Mavericks,0029300929,1994-03-29,DAL vs. SAN,L,240,92,35,78,0.449,5,18,0.278,17,25,0.68,9,26,35,22,4,2,10,28,
21993,1610612742,DAL,Dallas Mavericks,0029300905,1994-03-26,DAL @ DEN,L,240,101,42,95,0.442,4,17,0.235,13,18,0.722,15,31,46,18,8,2,17,25,
21993,1610612742,DAL,Dallas Mavericks,0029300901,1994-03-25,DAL @ PHX,L,240,94,36,81,0.444,1,5,0.2,21,27,0.778,9,30,39,23,8,6,15,22,
21993,1610612742,DAL,Dallas Mavericks,0029300887,1994-03-23,DAL vs. LAL,L,240,109,40,79,0.506,2,8,0.25,27,32,0.844,11,24,35,26,10,2,14,21,
21993,1610612742,DAL,Dallas Mavericks,0029300856,1994-03-19,DAL vs. GOS,L,240,107,46,89,0.517,2,10,0.2,13,21,0.619,11,21,32,28,5,4,15,23,
21993,1610612742,DAL,Dallas Mavericks,0029300841,1994-03-17,DAL @ MIA,L,240,98,36,80,0.45,3,6,0.5,23,31,0.742,12,22,34,19,8,3,17,20,
21993,1610612742,DAL,Dallas Mavericks,0029300839,1994-03-16,DAL @ ORL,L,240,98,41,95,0.432,3,8,0.375,13,21,0.619,17,26,43,23,12,4,15,26,
21993,1610612742,DAL,Dallas Mavericks,0029300818,1994-03-13,DAL vs. HOU,L,240,93,37,103,0.359,3,8,0.375,16,17,0.941,30,28,58,23,11,3,11,25,
21993,1610612742,DAL,Dallas Mavericks,0029300805,1994-03-11,DAL @ LAC,L,240,96,39,92,0.424,3,7,0.429,15,16,0.938,23,26,49,19,12,7,20,25,
21993,1610612742,DAL,Dallas Mavericks,0029300795,1994-03-10,DAL @ LAL,L,240,101,46,96,0.479,2,8,0.25,7,9,0.778,22,21,43,28,14,5,16,15,
21993,1610612742,DAL,Dallas Mavericks,0029300783,1994-03-08,DAL vs. LAC,L,240,110,40,91,0.44,5,11,0.455,25,31,0.806,17,24,41,19,14,2,13,32,
21993,1610612742,DAL,Dallas Mavericks,0029300767,1994-03-05,DAL vs. UTH,L,240,90,31,82,0.378,4,10,0.4,24,32,0.75,20,21,41,20,8,4,14,27,
21993,1610612742,DAL,Dallas Mavericks,0029300752,1994-03-03,DAL vs. ORL,L,240,94,37,83,0.446,1,6,0.167,19,26,0.731,13,19,32,17,14,5,12,25,
21993,1610612742,DAL,Dallas Mavericks,0029300725,1994-02-27,DAL @ NJN,L,240,90,39,97,0.402,5,12,0.417,7,14,0.5,15,35,50,21,9,3,15,21,
21993,1610612742,DAL,Dallas Mavericks,0029300719,1994-02-26,DAL @ CLE,L,240,99,43,91,0.473,4,8,0.5,9,13,0.692,16,24,40,26,10,5,18,24,
21993,1610612742,DAL,Dallas Mavericks,0029300703,1994-02-24,DAL @ CHH,W,240,115,47,74,0.635,3,6,0.5,18,28,0.643,7,24,31,31,10,4,22,23,
21993,1610612742,DAL,Dallas Mavericks,0029300691,1994-02-22,DAL @ IND,L,240,101,37,91,0.407,5,12,0.417,22,28,0.786,19,23,42,21,8,1,18,35,
21993,1610612742,DAL,Dallas Mavericks,0029300683,1994-02-21,DAL @ DET,W,240,98,37,80,0.463,2,4,0.5,22,25,0.88,14,30,44,19,8,2,13,20,
21993,1610612742,DAL,Dallas Mavericks,0029300668,1994-02-19,DAL vs. DET,L,240,96,41,97,0.423,2,10,0.2,12,16,0.75,22,33,55,24,7,9,15,27,
21993,1610612742,DAL,Dallas Mavericks,0029300654,1994-02-17,DAL vs. IND,L,240,73,30,91,0.33,4,14,0.286,9,16,0.563,23,31,54,21,10,4,20,28,
21993,1610612742,DAL,Dallas Mavericks,0029300639,1994-02-15,DAL vs. POR,L,240,103,38,90,0.422,8,15,0.533,19,24,0.792,13,34,47,21,7,3,11,28,
21993,1610612742,DAL,Dallas Mavericks,0029300633,1994-02-10,DAL vs. WAS,W,240,87,36,83,0.434,2,6,0.333,13,20,0.65,21,28,49,16,19,2,22,28,
21993,1610612742,DAL,Dallas Mavericks,0029300613,1994-02-08,DAL vs. MIN,W,265,108,40,86,0.465,3,8,0.375,25,35,0.714,13,28,41,17,7,3,16,29,
21993,1610612742,DAL,Dallas Mavericks,0029300602,1994-02-06,DAL @ DEN,L,240,89,32,93,0.344,3,10,0.3,22,30,0.733,17,29,46,10,14,7,13,31,
21993,1610612742,DAL,Dallas Mavericks,0029300584,1994-02-04,DAL vs. LAL,L,240,87,36,82,0.439,3,8,0.375,12,16,0.75,14,28,42,22,12,4,20,22,
21993,1610612742,DAL,Dallas Mavericks,0029300572,1994-02-02,DAL @ MIN,W,240,92,38,84,0.452,2,9,0.222,14,22,0.636,14,27,41,26,10,4,14,22,
21993,1610612742,DAL,Dallas Mavericks,0029300560,1994-01-31,DAL vs. ATL,L,240,85,35,86,0.407,2,9,0.222,13,16,0.813,13,32,45,23,13,1,20,17,
21993,1610612742,DAL,Dallas Mavericks,0029300551,1994-01-29,DAL vs. SAC,W,240,108,39,78,0.5,4,8,0.5,26,34,0.765,18,23,41,18,12,6,18,24,
21993,1610612742,DAL,Dallas Mavericks,0029300535,1994-01-27,DAL @ WAS,L,240,95,36,85,0.424,5,10,0.5,18,25,0.72,12,17,29,18,15,1,11,31,
21993,1610612742,DAL,Dallas Mavericks,0029300532,1994-01-26,DAL @ PHL,L,240,90,33,87,0.379,4,15,0.267,20,25,0.8,15,34,49,20,6,2,19,30,
21993,1610612742,DAL,Dallas Mavericks,0029300515,1994-01-24,DAL @ BOS,L,240,102,39,80,0.488,3,8,0.375,21,31,0.677,15,28,43,20,7,6,14,26,
21993,1610612742,DAL,Dallas Mavericks,0029300511,1994-01-22,DAL @ SAN,L,240,83,33,91,0.363,2,7,0.286,15,22,0.682,19,18,37,18,2,4,12,19,
21993,1610612742,DAL,Dallas Mavericks,0029300497,1994-01-21,DAL vs. SEA,L,240,87,30,75,0.4,5,11,0.455,22,25,0.88,14,21,35,21,11,4,23,22,
21993,1610612742,DAL,Dallas Mavericks,0029300478,1994-01-19,DAL vs. BOS,L,240,84,30,82,0.366,1,5,0.2,23,27,0.852,17,31,48,19,8,2,15,22,
21993,1610612742,DAL,Dallas Mavericks,0029300476,1994-01-18,DAL @ PHX,L,240,103,40,86,0.465,2,7,0.286,21,28,0.75,15,26,41,28,17,4,19,21,
21993,1610612742,DAL,Dallas Mavericks,0029300456,1994-01-15,DAL vs. SAN,L,240,87,35,99,0.354,5,16,0.313,12,16,0.75,25,13,38,18,9,2,5,19,
21993,1610612742,DAL,Dallas Mavericks,0029300451,1994-01-14,DAL @ ATL,L,240,96,44,92,0.478,2,6,0.333,6,8,0.75,15,25,40,25,7,3,17,24,
21993,1610612742,DAL,Dallas Mavericks,0029300435,1994-01-12,DAL vs. MIN,L,240,85,36,89,0.404,2,9,0.222,11,15,0.733,18,23,41,23,6,3,18,20,
21993,1610612742,DAL,Dallas Mavericks,0029300415,1994-01-08,DAL @ CHI,L,240,81,33,92,0.359,1,5,0.2,14,18,0.778,20,26,46,11,8,3,19,22,
21993,1610612742,DAL,Dallas Mavericks,0029300401,1994-01-07,DAL vs. PHL,L,240,93,38,95,0.4,1,10,0.1,16,19,0.842,13,27,40,13,11,0,10,24,
21993,1610612742,DAL,Dallas Mavericks,0029300393,1994-01-05,DAL vs. HOU,L,240,102,42,84,0.5,1,8,0.125,17,28,0.607,14,29,43,15,11,3,14,22,
21993,1610612742,DAL,Dallas Mavericks,0029300374,1994-01-03,DAL @ UTH,L,240,85,32,89,0.36,3,12,0.25,18,22,0.818,18,26,44,17,5,5,21,23,
21993,1610612742,DAL,Dallas Mavericks,0029300370,1994-01-02,DAL @ SAC,L,240,116,44,87,0.506,7,12,0.583,21,27,0.778,8,26,34,22,9,0,19,27,
21993,1610612742,DAL,Dallas Mavericks,0029300350,1993-12-28,DAL vs. DEN,L,240,85,32,93,0.344,0,6,0.0,21,24,0.875,22,28,50,14,9,4,18,27,
21993,1610612742,DAL,Dallas Mavericks,0029300316,1993-12-23,DAL @ MIN,W,240,93,37,78,0.474,0,5,0.0,19,22,0.864,15,24,39,23,13,6,21,24,
21993,1610612742,DAL,Dallas Mavericks,0029300313,1993-12-22,DAL @ MIL,L,240,86,33,75,0.44,4,11,0.364,16,20,0.8,9,24,33,19,12,3,19,24,
21993,1610612742,DAL,Dallas Mavericks,0029300298,1993-12-20,DAL @ NYK,L,240,92,33,71,0.465,4,11,0.364,22,33,0.667,11,29,40,15,10,2,26,29,
21993,1610612742,DAL,Dallas Mavericks,0029300286,1993-12-18,DAL @ HOU,L,240,93,39,79,0.494,4,8,0.5,11,20,0.55,8,33,41,20,7,3,14,23,
21993,1610612742,DAL,Dallas Mavericks,0029300273,1993-12-16,DAL vs. SAN,L,240,89,34,89,0.382,0,4,0.0,21,30,0.7,17,20,37,14,5,2,9,22,
21993,1610612742,DAL,Dallas Mavericks,0029300260,1993-12-14,DAL vs. POR,L,265,93,35,104,0.337,6,14,0.429,17,21,0.81,23,30,53,23,12,5,21,29,
21993,1610612742,DAL,Dallas Mavericks,0029300243,1993-12-11,DAL vs. PHX,L,240,103,42,95,0.442,3,15,0.2,16,22,0.727,19,25,44,22,8,5,14,24,
21993,1610612742,DAL,Dallas Mavericks,0029300228,1993-12-09,DAL vs. SEA,L,240,93,35,85,0.412,2,13,0.154,21,26,0.808,14,26,40,19,11,7,22,31,
21993,1610612742,DAL,Dallas Mavericks,0029300214,1993-12-07,DAL vs. MIA,L,240,101,35,78,0.449,6,11,0.545,25,31,0.806,11,24,35,14,9,1,10,24,
21993,1610612742,DAL,Dallas Mavericks,0029300203,1993-12-05,DAL @ DEN,L,240,110,42,98,0.429,3,11,0.273,23,30,0.767,16,24,40,19,11,3,10,30,
21993,1610612742,DAL,Dallas Mavericks,0029300186,1993-12-03,DAL vs. MIL,L,240,106,39,81,0.481,4,7,0.571,24,30,0.8,15,21,36,20,7,4,14,23,
21993,1610612742,DAL,Dallas Mavericks,0029300174,1993-12-01,DAL @ LAL,L,240,91,39,88,0.443,2,9,0.222,11,18,0.611,17,21,38,21,9,4,28,24,
21993,1610612742,DAL,Dallas Mavericks,0029300169,1993-11-30,DAL @ GOS,L,240,91,34,81,0.42,3,8,0.375,20,27,0.741,16,29,45,18,14,3,19,18,
21993,1610612742,DAL,Dallas Mavericks,0029300156,1993-11-27,DAL @ SAN,L,240,80,29,84,0.345,2,8,0.25,20,23,0.87,15,38,53,20,3,7,13,29,
21993,1610612742,DAL,Dallas Mavericks,0029300148,1993-11-26,DAL vs. CHI,L,240,85,34,83,0.41,1,4,0.25,16,20,0.8,13,22,35,15,10,3,20,28,
21993,1610612742,DAL,Dallas Mavericks,0029300126,1993-11-23,DAL vs. LAC,L,240,98,38,89,0.427,5,15,0.333,17,23,0.739,23,23,46,19,3,3,16,20,
21993,1610612742,DAL,Dallas Mavericks,0029300116,1993-11-21,DAL @ POR,L,240,90,36,90,0.4,6,13,0.462,12,18,0.667,13,26,39,24,10,1,12,28,
21993,1610612742,DAL,Dallas Mavericks,0029300105,1993-11-19,DAL @ SEA,L,240,87,32,74,0.432,3,9,0.333,20,24,0.833,15,23,38,11,4,3,27,27,
21993,1610612742,DAL,Dallas Mavericks,0029300094,1993-11-18,DAL @ LAC,L,240,84,35,89,0.393,1,6,0.167,13,21,0.619,17,37,54,16,9,4,15,28,
21993,1610612742,DAL,Dallas Mavericks,0029300084,1993-11-16,DAL vs. NYK,L,240,90,32,70,0.457,3,8,0.375,23,32,0.719,5,21,26,17,6,2,15,26,
21993,1610612742,DAL,Dallas Mavericks,0029300067,1993-11-13,DAL vs. UTH,L,240,100,40,82,0.488,5,11,0.455,15,22,0.682,18,20,38,26,3,4,17,20,
21993,1610612742,DAL,Dallas Mavericks,0029300052,1993-11-12,DAL @ MIN,W,240,115,47,95,0.495,2,10,0.2,19,22,0.864,14,21,35,23,14,6,6,33,
21993,1610612742,DAL,Dallas Mavericks,0029300039,1993-11-09,DAL vs. NJN,L,240,80,34,84,0.405,0,8,0.0,12,17,0.706,20,31,51,16,6,10,22,25,
21993,1610612742,DAL,Dallas Mavericks,0029300017,1993-11-06,DAL vs. GOS,L,240,89,36,86,0.419,1,9,0.111,16,26,0.615,20,25,45,17,8,3,10,30,
21993,1610612742,DAL,Dallas Mavericks,0029300004,1993-11-05,DAL @ UTH,L,240,86,33,71,0.465,4,15,0.267,16,27,0.593,12,24,36,23,5,4,17,23,
21992,1610612742,DAL,Dallas Mavericks,0029201097,1993-04-24,DAL @ HOU,W,240,128,49,95,0.516,10,20,0.5,20,24,0.833,14,23,37,21,14,0,16,22,
21992,1610612742,DAL,Dallas Mavericks,0029201087,1993-04-23,DAL vs. MIN,W,240,103,35,74,0.473,1,8,0.125,32,45,0.711,12,34,46,20,8,5,20,24,
21992,1610612742,DAL,Dallas Mavericks,0029201071,1993-04-21,DAL @ DEN,L,240,112,44,90,0.489,2,6,0.333,22,28,0.786,10,24,34,19,8,7,15,20,
21992,1610612742,DAL,Dallas Mavericks,0029201066,1993-04-20,DAL vs. LAC,L,240,98,39,100,0.39,1,13,0.077,19,24,0.792,22,37,59,21,10,8,16,24,
21992,1610612742,DAL,Dallas Mavericks,0029201044,1993-04-17,DAL vs. SAC,L,265,107,43,107,0.402,6,16,0.375,15,23,0.652,22,36,58,26,5,4,13,27,
21992,1610612742,DAL,Dallas Mavericks,0029201033,1993-04-16,DAL vs. DEN,W,240,99,34,82,0.415,3,11,0.273,28,36,0.778,17,30,47,15,12,7,17,27,
21992,1610612742,DAL,Dallas Mavericks,0029201027,1993-04-14,DAL vs. LAL,L,240,99,40,98,0.408,3,16,0.188,16,20,0.8,25,27,52,23,8,3,15,19,
21992,1610612742,DAL,Dallas Mavericks,0029201008,1993-04-12,DAL @ UTH,L,240,94,40,94,0.426,5,19,0.263,9,17,0.529,16,27,43,16,4,6,11,22,
21992,1610612742,DAL,Dallas Mavericks,0029200994,1993-04-10,DAL @ GOS,L,240,94,36,99,0.364,7,21,0.333,15,22,0.682,17,31,48,23,8,2,13,29,
21992,1610612742,DAL,Dallas Mavericks,0029200981,1993-04-08,DAL @ POR,L,240,107,45,88,0.511,6,12,0.5,11,20,0.55,10,32,42,27,6,4,20,30,
21992,1610612742,DAL,Dallas Mavericks,0029200966,1993-04-06,DAL @ SEA,W,240,109,43,75,0.573,6,10,0.6,17,22,0.773,11,19,30,23,5,3,13,22,
21992,1610612742,DAL,Dallas Mavericks,0029200953,1993-04-04,DAL @ LAC,L,240,115,50,90,0.556,5,9,0.556,10,19,0.526,14,24,38,25,12,4,19,24,
21992,1610612742,DAL,Dallas Mavericks,0029200941,1993-04-02,DAL vs. GOS,L,240,93,39,100,0.39,2,13,0.154,13,21,0.619,23,21,44,19,11,3,19,28,
21992,1610612742,DAL,Dallas Mavericks,0029200932,1993-03-31,DAL vs. SEA,L,240,96,35,77,0.455,4,15,0.267,22,29,0.759,14,31,45,21,6,6,19,24,
21992,1610612742,DAL,Dallas Mavericks,0029200911,1993-03-28,DAL vs. SAN,L,240,107,44,85,0.518,7,17,0.412,12,17,0.706,19,17,36,25,9,1,17,32,
21992,1610612742,DAL,Dallas Mavericks,0029200901,1993-03-26,DAL @ BOS,L,240,97,38,78,0.487,2,9,0.222,19,23,0.826,15,23,38,21,7,4,18,30,
21992,1610612742,DAL,Dallas Mavericks,0029200880,1993-03-24,DAL @ WAS,W,240,101,41,74,0.554,6,13,0.462,13,20,0.65,8,25,33,28,7,0,18,29,
21992,1610612742,DAL,Dallas Mavericks,0029200874,1993-03-23,DAL @ ATL,L,240,107,44,91,0.484,6,14,0.429,13,15,0.867,20,20,40,21,9,1,15,30,
21992,1610612742,DAL,Dallas Mavericks,0029200863,1993-03-21,DAL @ NJN,L,240,84,35,92,0.38,6,13,0.462,8,15,0.533,14,26,40,12,15,5,19,21,
21992,1610612742,DAL,Dallas Mavericks,0029200845,1993-03-19,DAL @ PHL,W,240,89,37,82,0.451,5,8,0.625,10,17,0.588,14,24,38,25,10,1,20,23,
21992,1610612742,DAL,Dallas Mavericks,0029200834,1993-03-17,DAL vs. ORL,W,240,102,37,80,0.463,4,8,0.5,24,35,0.686,12,31,43,18,6,7,16,26,
21992,1610612742,DAL,Dallas Mavericks,0029200818,1993-03-15,DAL vs. UTH,L,240,96,37,87,0.425,2,7,0.286,20,26,0.769,12,29,41,22,9,8,18,30,
21992,1610612742,DAL,Dallas Mavericks,0029200809,1993-03-13,DAL @ SAC,L,240,94,38,80,0.475,4,12,0.333,14,22,0.636,8,27,35,25,7,7,25,28,
21992,1610612742,DAL,Dallas Mavericks,0029200799,1993-03-12,DAL @ PHX,L,240,98,40,90,0.444,1,5,0.2,17,23,0.739,16,26,42,15,10,7,23,27,
21992,1610612742,DAL,Dallas Mavericks,0029200785,1993-03-10,DAL vs. POR,L,240,96,35,85,0.412,5,11,0.455,21,28,0.75,9,32,41,20,9,3,20,36,
21992,1610612742,DAL,Dallas Mavericks,0029200783,1993-03-09,DAL @ SAN,L,240,84,36,92,0.391,0,4,0.0,12,19,0.632,14,23,37,17,13,2,22,25,
21992,1610612742,DAL,Dallas Mavericks,0029200764,1993-03-06,DAL vs. PHX,L,240,102,40,91,0.44,6,14,0.429,16,19,0.842,14,31,45,24,8,2,17,31,
21992,1610612742,DAL,Dallas Mavericks,0029200756,1993-03-05,DAL vs. HOU,L,240,86,37,85,0.435,1,6,0.167,11,18,0.611,11,32,43,18,8,10,19,29,
21992,1610612742,DAL,Dallas Mavericks,0029200738,1993-03-03,DAL @ CHI,L,240,97,41,80,0.513,3,5,0.6,12,17,0.706,8,16,24,26,7,2,13,19,
21992,1610612742,DAL,Dallas Mavericks,0029200730,1993-03-02,DAL @ MIL,L,240,86,34,89,0.382,3,13,0.231,15,22,0.682,16,27,43,18,10,4,21,31,
21992,1610612742,DAL,Dallas Mavericks,0029200717,1993-02-28,DAL @ IND,L,240,96,36,88,0.409,2,12,0.167,22,36,0.611,17,30,47,14,4,2,9,30,
21992,1610612742,DAL,Dallas Mavericks,0029200703,1993-02-26,DAL @ MIN,L,240,89,33,75,0.44,3,11,0.273,20,26,0.769,8,21,29,21,9,4,17,29,
21992,1610612742,DAL,Dallas Mavericks,0029200691,1993-02-24,DAL vs. DEN,L,240,92,36,99,0.364,1,12,0.083,19,31,0.613,23,24,47,21,10,2,21,36,
21992,1610612742,DAL,Dallas Mavericks,0029200663,1993-02-17,DAL @ CLE,L,240,97,42,99,0.424,2,10,0.2,11,17,0.647,17,29,46,21,4,7,14,24,
21992,1610612742,DAL,Dallas Mavericks,0029200655,1993-02-16,DAL @ NYK,L,240,87,34,85,0.4,3,10,0.3,16,21,0.762,12,24,36,19,8,2,18,28,
21992,1610612742,DAL,Dallas Mavericks,0029200635,1993-02-13,DAL vs. PHL,L,240,96,40,95,0.421,5,10,0.5,11,16,0.688,16,25,41,23,11,9,24,26,
21992,1610612742,DAL,Dallas Mavericks,0029200625,1993-02-12,DAL vs. BOS,L,240,100,36,87,0.414,3,10,0.3,25,33,0.758,12,29,41,21,3,1,16,24,
21992,1610612742,DAL,Dallas Mavericks,0029200616,1993-02-10,DAL vs. WAS,L,240,102,37,89,0.416,4,13,0.308,24,32,0.75,19,30,49,22,11,3,15,27,
21992,1610612742,DAL,Dallas Mavericks,0029200602,1993-02-08,DAL @ LAL,L,265,100,37,79,0.468,1,9,0.111,25,34,0.735,8,41,49,18,9,6,21,33,
21992,1610612742,DAL,Dallas Mavericks,0029200592,1993-02-06,DAL @ DEN,L,240,93,39,88,0.443,3,8,0.375,12,16,0.75,14,28,42,13,11,3,26,35,
21992,1610612742,DAL,Dallas Mavericks,0029200587,1993-02-05,DAL vs. IND,W,240,105,42,94,0.447,2,7,0.286,19,26,0.731,25,25,50,19,6,7,13,32,
21992,1610612742,DAL,Dallas Mavericks,0029200569,1993-02-03,DAL vs. HOU,L,240,102,43,93,0.462,2,6,0.333,14,18,0.778,17,31,48,18,5,8,12,29,
21992,1610612742,DAL,Dallas Mavericks,0029200554,1993-02-01,DAL vs. NJN,L,240,96,36,79,0.456,3,7,0.429,21,32,0.656,17,31,48,22,6,5,26,35,
21992,1610612742,DAL,Dallas Mavericks,0029200549,1993-01-30,DAL @ PHX,L,240,105,43,96,0.448,1,6,0.167,18,27,0.667,18,32,50,30,7,8,16,25,
21992,1610612742,DAL,Dallas Mavericks,0029200537,1993-01-29,DAL vs. SAC,L,240,120,47,94,0.5,3,10,0.3,23,28,0.821,14,33,47,22,5,8,16,33,
21992,1610612742,DAL,Dallas Mavericks,0029200520,1993-01-26,DAL vs. CHI,L,240,88,30,82,0.366,2,9,0.222,26,35,0.743,11,26,37,19,9,7,20,22,
21992,1610612742,DAL,Dallas Mavericks,0029200510,1993-01-24,DAL @ MIA,L,240,106,36,75,0.48,1,8,0.125,33,44,0.75,15,23,38,15,6,2,16,31,
21992,1610612742,DAL,Dallas Mavericks,0029200503,1993-01-23,DAL @ ORL,L,240,106,42,102,0.412,3,7,0.429,19,23,0.826,22,24,46,23,6,1,11,32,
21992,1610612742,DAL,Dallas Mavericks,0029200486,1993-01-21,DAL vs. DEN,L,240,94,37,93,0.398,2,9,0.222,18,23,0.783,22,26,48,16,6,6,17,19,
21992,1610612742,DAL,Dallas Mavericks,0029200476,1993-01-19,DAL vs. DET,W,240,113,45,81,0.556,6,10,0.6,17,25,0.68,11,38,49,22,2,2,18,31,
21992,1610612742,DAL,Dallas Mavericks,0029200460,1993-01-16,DAL @ DEN,L,240,91,30,73,0.411,6,15,0.4,25,31,0.806,13,29,42,17,6,3,25,26,
21992,1610612742,DAL,Dallas Mavericks,0029200451,1993-01-15,DAL vs. NYK,L,240,93,26,68,0.382,3,6,0.5,38,55,0.691,8,33,41,12,3,5,19,30,
21992,1610612742,DAL,Dallas Mavericks,0029200430,1993-01-13,DAL @ DET,L,240,96,38,94,0.404,4,13,0.308,16,31,0.516,20,30,50,24,6,3,18,28,
21992,1610612742,DAL,Dallas Mavericks,0029200418,1993-01-11,DAL vs. CHH,L,240,113,46,94,0.489,2,8,0.25,19,26,0.731,13,26,39,26,5,9,16,32,
21992,1610612742,DAL,Dallas Mavericks,0029200405,1993-01-09,DAL vs. UTH,L,240,102,38,100,0.38,5,12,0.417,21,28,0.75,17,22,39,22,12,3,12,32,
21992,1610612742,DAL,Dallas Mavericks,0029200392,1993-01-07,DAL vs. PHX,L,240,107,39,83,0.47,5,8,0.625,24,38,0.632,13,27,40,25,15,5,19,34,
21992,1610612742,DAL,Dallas Mavericks,0029200384,1993-01-05,DAL vs. POR,L,240,95,34,87,0.391,2,6,0.333,25,37,0.676,12,34,46,19,10,6,20,33,
21992,1610612742,DAL,Dallas Mavericks,0029200367,1993-01-02,DAL @ MIN,L,240,71,28,85,0.329,1,4,0.25,14,20,0.7,18,22,40,15,6,5,17,28,
21992,1610612742,DAL,Dallas Mavericks,0029200355,1992-12-30,DAL @ POR,L,240,92,39,88,0.443,5,9,0.556,9,12,0.75,10,27,37,23,8,5,17,23,
21992,1610612742,DAL,Dallas Mavericks,0029200344,1992-12-29,DAL @ SAC,L,240,81,32,85,0.376,0,4,0.0,17,23,0.739,9,28,37,14,8,8,28,33,
21992,1610612742,DAL,Dallas Mavericks,0029200325,1992-12-26,DAL vs. GOS,L,240,96,36,99,0.364,1,4,0.25,23,30,0.767,21,27,48,15,7,4,13,24,
21992,1610612742,DAL,Dallas Mavericks,0029200315,1992-12-23,DAL @ GOS,L,240,97,40,87,0.46,4,9,0.444,13,21,0.619,13,26,39,24,10,6,14,26,
21992,1610612742,DAL,Dallas Mavericks,0029200299,1992-12-22,DAL @ LAC,L,240,94,37,94,0.394,4,6,0.667,16,25,0.64,22,25,47,24,9,4,13,24,
21992,1610612742,DAL,Dallas Mavericks,0029200284,1992-12-19,DAL @ HOU,L,240,93,37,88,0.42,1,7,0.143,18,23,0.783,12,33,45,21,6,4,19,23,
21992,1610612742,DAL,Dallas Mavericks,0029200274,1992-12-18,DAL @ SAN,L,240,101,37,88,0.42,4,7,0.571,23,29,0.793,8,34,42,17,3,3,13,32,
21992,1610612742,DAL,Dallas Mavericks,0029200269,1992-12-16,DAL vs. LAL,W,240,102,43,85,0.506,0,7,0.0,16,22,0.727,10,28,38,23,4,4,13,26,
21992,1610612742,DAL,Dallas Mavericks,0029200241,1992-12-12,DAL vs. SAN,L,240,91,30,81,0.37,2,12,0.167,29,40,0.725,17,24,41,11,6,4,16,29,
21992,1610612742,DAL,Dallas Mavericks,0029200229,1992-12-10,DAL vs. MIN,L,240,88,31,91,0.341,2,14,0.143,24,35,0.686,23,25,48,16,8,6,14,26,
21992,1610612742,DAL,Dallas Mavericks,0029200213,1992-12-08,DAL vs. MIA,L,240,112,43,89,0.483,5,14,0.357,21,32,0.656,14,21,35,19,10,2,14,43,
21992,1610612742,DAL,Dallas Mavericks,0029200198,1992-12-05,DAL vs. HOU,L,240,96,40,87,0.46,5,11,0.455,11,17,0.647,14,24,38,23,4,3,12,23,
21992,1610612742,DAL,Dallas Mavericks,0029200183,1992-12-03,DAL @ SEA,L,240,108,40,101,0.396,1,11,0.091,27,34,0.794,22,29,51,18,7,4,17,33,
21992,1610612742,DAL,Dallas Mavericks,0029200167,1992-12-01,DAL @ UTH,L,240,101,41,80,0.513,2,5,0.4,17,26,0.654,9,31,40,24,6,4,20,32,
21992,1610612742,DAL,Dallas Mavericks,0029200161,1992-11-29,DAL @ LAL,L,240,85,38,96,0.396,3,12,0.25,6,14,0.429,16,22,38,28,12,3,17,34,
21992,1610612742,DAL,Dallas Mavericks,0029200141,1992-11-27,DAL vs. SEA,L,240,104,40,100,0.4,4,15,0.267,20,32,0.625,17,31,48,22,11,5,16,24,
21992,1610612742,DAL,Dallas Mavericks,0029200130,1992-11-25,DAL vs. LAC,L,240,112,42,88,0.477,5,10,0.5,23,34,0.676,16,29,45,17,5,5,22,22,
21992,1610612742,DAL,Dallas Mavericks,0029200103,1992-11-21,DAL vs. CLE,L,240,108,43,95,0.453,7,16,0.438,15,21,0.714,13,29,42,21,10,3,12,24,
21992,1610612742,DAL,Dallas Mavericks,0029200087,1992-11-19,DAL @ SAN,L,240,95,37,91,0.407,8,13,0.615,13,19,0.684,11,24,35,22,9,0,16,26,
21992,1610612742,DAL,Dallas Mavericks,0029200079,1992-11-17,DAL @ CHH,L,240,111,44,114,0.386,3,7,0.429,20,32,0.625,23,39,62,24,6,1,18,34,
21992,1610612742,DAL,Dallas Mavericks,0029200061,1992-11-14,DAL vs. ATL,W,240,113,39,81,0.481,5,8,0.625,30,43,0.698,18,35,53,22,10,2,21,31,
21992,1610612742,DAL,Dallas Mavericks,0029200037,1992-11-11,DAL vs. MIL,L,240,116,40,87,0.46,5,11,0.455,31,45,0.689,19,26,45,20,11,4,24,35,
21992,1610612742,DAL,Dallas Mavericks,0029200033,1992-11-10,DAL @ MIN,L,240,104,39,96,0.406,2,7,0.286,24,32,0.75,17,22,39,21,7,8,12,28,
21992,1610612742,DAL,Dallas Mavericks,0029200019,1992-11-07,DAL vs. UTH,L,240,106,40,93,0.43,3,14,0.214,23,35,0.657,11,28,39,21,10,5,16,34,
21991,1610612742,DAL,Dallas Mavericks,0029101099,1992-04-19,DAL @ DEN,W,240,104,40,86,0.465,4,8,0.5,20,26,0.769,10,32,42,15,5,4,14,16,
21991,1610612742,DAL,Dallas Mavericks,0029101093,1992-04-17,DAL vs. HOU,W,240,109,44,82,0.537,6,10,0.6,15,16,0.938,7,28,35,24,6,6,12,26,
21991,1610612742,DAL,Dallas Mavericks,0029101075,1992-04-15,DAL vs. POR,L,240,94,39,93,0.419,6,12,0.5,10,13,0.769,17,28,45,20,4,5,12,25,
21991,1610612742,DAL,Dallas Mavericks,0029101064,1992-04-14,DAL @ SAN,L,240,108,40,89,0.449,3,14,0.214,25,29,0.862,12,28,40,16,7,1,12,30,
21991,1610612742,DAL,Dallas Mavericks,0029101050,1992-04-11,DAL @ HOU,W,240,99,39,77,0.506,2,5,0.4,19,23,0.826,10,34,44,35,6,4,16,21,
21991,1610612742,DAL,Dallas Mavericks,0029101033,1992-04-09,DAL @ UTH,L,240,90,37,90,0.411,2,10,0.2,14,15,0.933,11,29,40,22,6,4,18,24,
21991,1610612742,DAL,Dallas Mavericks,0029101025,1992-04-08,DAL @ GOS,L,240,91,34,90,0.378,2,10,0.2,21,28,0.75,13,31,44,18,10,2,15,30,
21991,1610612742,DAL,Dallas Mavericks,0029101008,1992-04-05,DAL @ SAC,L,240,89,36,86,0.419,1,7,0.143,16,22,0.727,15,40,55,19,5,9,19,27,
21991,1610612742,DAL,Dallas Mavericks,0029100993,1992-04-03,DAL vs. MIN,L,240,95,37,81,0.457,3,11,0.273,18,27,0.667,13,21,34,22,8,6,13,25,
21991,1610612742,DAL,Dallas Mavericks,0029100976,1992-04-01,DAL vs. ORL,W,240,102,37,90,0.411,3,8,0.375,25,31,0.806,20,38,58,14,10,11,20,29,
21991,1610612742,DAL,Dallas Mavericks,0029100959,1992-03-29,DAL vs. DEN,W,240,105,39,82,0.476,4,9,0.444,23,28,0.821,15,35,50,23,7,5,19,21,
21991,1610612742,DAL,Dallas Mavericks,0029100937,1992-03-26,DAL @ LAL,L,240,92,36,91,0.396,4,9,0.444,16,19,0.842,12,20,32,22,5,1,9,20,
21991,1610612742,DAL,Dallas Mavericks,0029100925,1992-03-24,DAL @ POR,L,240,83,32,83,0.386,6,19,0.316,13,18,0.722,12,35,47,18,5,3,18,23,
21991,1610612742,DAL,Dallas Mavericks,0029100913,1992-03-22,DAL vs. SEA,L,240,105,34,77,0.442,7,15,0.467,30,35,0.857,11,30,41,15,3,6,13,28,
21991,1610612742,DAL,Dallas Mavericks,0029100898,1992-03-20,DAL vs. SAC,L,240,96,33,80,0.413,6,11,0.545,24,31,0.774,14,32,46,16,4,2,18,20,
21991,1610612742,DAL,Dallas Mavericks,0029100888,1992-03-18,DAL vs. LAC,L,240,86,33,84,0.393,8,16,0.5,12,17,0.706,17,23,40,15,6,4,19,28,
21991,1610612742,DAL,Dallas Mavericks,0029100877,1992-03-17,DAL @ PHX,L,240,81,32,80,0.4,1,10,0.1,16,18,0.889,13,37,50,17,4,4,22,25,
21991,1610612742,DAL,Dallas Mavericks,0029100870,1992-03-15,DAL @ SEA,L,240,100,34,83,0.41,5,16,0.313,27,35,0.771,18,24,42,16,7,6,16,34,
21991,1610612742,DAL,Dallas Mavericks,0029100854,1992-03-13,DAL @ LAC,L,240,97,34,87,0.391,9,21,0.429,20,24,0.833,16,28,44,13,6,4,14,27,
21991,1610612742,DAL,Dallas Mavericks,0029100843,1992-03-11,DAL vs. CHH,L,240,105,38,85,0.447,7,17,0.412,22,35,0.629,13,29,42,17,4,7,18,27,
21991,1610612742,DAL,Dallas Mavericks,0029100831,1992-03-10,DAL @ HOU,L,240,93,39,89,0.438,0,7,0.0,15,20,0.75,15,29,44,25,11,2,22,22,
21991,1610612742,DAL,Dallas Mavericks,0029100824,1992-03-08,DAL vs. SAN,L,240,81,33,84,0.393,4,13,0.308,11,12,0.917,17,24,41,22,8,4,14,17,
21991,1610612742,DAL,Dallas Mavericks,0029100808,1992-03-06,DAL @ PHL,L,240,86,30,75,0.4,2,10,0.2,24,27,0.889,12,28,40,19,8,5,13,24,
21991,1610612742,DAL,Dallas Mavericks,0029100801,1992-03-05,DAL @ WAS,L,240,109,44,91,0.484,6,16,0.375,15,19,0.789,9,30,39,22,9,2,17,26,
21991,1610612742,DAL,Dallas Mavericks,0029100781,1992-03-03,DAL @ NYK,L,240,83,30,74,0.405,0,5,0.0,23,33,0.697,12,26,38,14,6,4,14,21,
21991,1610612742,DAL,Dallas Mavericks,0029100770,1992-03-01,DAL @ BOS,L,240,91,38,85,0.447,3,10,0.3,12,16,0.75,14,29,43,18,7,4,18,23,
21991,1610612742,DAL,Dallas Mavericks,0029100760,1992-02-28,DAL vs. PHX,W,240,115,46,86,0.535,3,5,0.6,20,30,0.667,20,24,44,15,8,3,17,23,
21991,1610612742,DAL,Dallas Mavericks,0029100745,1992-02-26,DAL @ MIN,L,240,105,42,87,0.483,4,6,0.667,17,27,0.63,14,25,39,18,7,2,9,19,
21991,1610612742,DAL,Dallas Mavericks,0029100729,1992-02-24,DAL vs. GOS,L,240,131,45,91,0.495,10,19,0.526,31,39,0.795,21,28,49,26,9,6,22,30,
21991,1610612742,DAL,Dallas Mavericks,0029100714,1992-02-21,DAL vs. MIN,W,240,109,36,83,0.434,2,4,0.5,35,40,0.875,12,41,53,15,11,5,12,19,
21991,1610612742,DAL,Dallas Mavericks,0029100694,1992-02-19,DAL @ UTH,L,240,96,38,76,0.5,2,5,0.4,18,26,0.692,9,22,31,17,6,4,13,25,
21991,1610612742,DAL,Dallas Mavericks,0029100690,1992-02-18,DAL vs. PHL,L,240,90,39,99,0.394,2,10,0.2,10,14,0.714,23,30,53,21,6,5,9,21,
21991,1610612742,DAL,Dallas Mavericks,0029100667,1992-02-15,DAL vs. HOU,W,240,103,41,84,0.488,4,11,0.364,17,19,0.895,9,36,45,26,7,4,16,21,
21991,1610612742,DAL,Dallas Mavericks,0029100661,1992-02-14,DAL @ DEN,L,240,85,36,91,0.396,0,4,0.0,13,20,0.65,12,37,49,13,7,5,18,22,
21991,1610612742,DAL,Dallas Mavericks,0029100645,1992-02-12,DAL vs. BOS,W,240,108,36,76,0.474,4,7,0.571,32,43,0.744,12,35,47,17,9,3,17,24,
21991,1610612742,DAL,Dallas Mavericks,0029100628,1992-02-06,DAL vs. POR,L,240,98,36,89,0.404,6,15,0.4,20,33,0.606,17,36,53,20,3,2,10,23,
21991,1610612742,DAL,Dallas Mavericks,0029100612,1992-02-04,DAL @ LAC,L,240,80,31,90,0.344,2,11,0.182,16,23,0.696,14,28,42,16,9,3,13,13,
21991,1610612742,DAL,Dallas Mavericks,0029100607,1992-02-03,DAL @ SAC,L,240,95,39,78,0.5,1,3,0.333,16,21,0.762,15,32,47,19,3,7,16,23,
21991,1610612742,DAL,Dallas Mavericks,0029100593,1992-02-01,DAL vs. UTH,L,240,90,40,84,0.476,5,12,0.417,5,16,0.313,13,25,38,20,8,4,11,22,
21991,1610612742,DAL,Dallas Mavericks,0029100587,1992-01-31,DAL vs. CHI,L,240,92,35,90,0.389,3,11,0.273,19,22,0.864,17,30,47,15,4,5,11,15,
21991,1610612742,DAL,Dallas Mavericks,0029100575,1992-01-29,DAL vs. SAN,L,240,93,35,85,0.412,3,10,0.3,20,25,0.8,17,34,51,19,6,4,19,17,
21991,1610612742,DAL,Dallas Mavericks,0029100556,1992-01-25,DAL @ MIA,L,240,101,44,94,0.468,0,7,0.0,13,23,0.565,18,34,52,19,4,5,10,27,
21991,1610612742,DAL,Dallas Mavericks,0029100546,1992-01-24,DAL @ ORL,L,240,103,40,99,0.404,2,8,0.25,21,35,0.6,18,31,49,18,4,6,10,27,
21991,1610612742,DAL,Dallas Mavericks,0029100527,1992-01-22,DAL vs. MIL,W,240,118,45,88,0.511,3,9,0.333,25,30,0.833,14,21,35,29,6,7,8,23,
21991,1610612742,DAL,Dallas Mavericks,0029100501,1992-01-18,DAL vs. GOS,L,240,141,47,105,0.448,10,19,0.526,37,52,0.712,24,25,49,24,13,7,13,34,
21991,1610612742,DAL,Dallas Mavericks,0029100490,1992-01-16,DAL vs. DEN,L,240,90,32,87,0.368,2,11,0.182,24,27,0.889,16,25,41,16,8,8,13,25,
21991,1610612742,DAL,Dallas Mavericks,0029100478,1992-01-14,DAL @ NJN,L,240,88,35,74,0.473,1,3,0.333,17,22,0.773,11,27,38,19,3,4,25,24,
21991,1610612742,DAL,Dallas Mavericks,0029100466,1992-01-13,DAL @ DET,L,240,81,34,91,0.374,1,5,0.2,12,18,0.667,22,39,61,18,5,6,16,23,
21991,1610612742,DAL,Dallas Mavericks,0029100446,1992-01-10,DAL vs. SEA,L,240,82,30,80,0.375,2,8,0.25,20,28,0.714,15,30,45,11,8,6,11,25,
21991,1610612742,DAL,Dallas Mavericks,0029100439,1992-01-09,DAL @ ATL,L,240,108,47,104,0.452,1,6,0.167,13,17,0.765,21,27,48,26,7,2,11,18,
21991,1610612742,DAL,Dallas Mavericks,0029100426,1992-01-07,DAL vs. LAL,L,240,80,34,101,0.337,2,16,0.125,10,15,0.667,27,34,61,21,1,3,14,21,
21991,1610612742,DAL,Dallas Mavericks,0029100406,1992-01-04,DAL @ UTH,L,240,78,32,89,0.36,3,12,0.25,11,15,0.733,14,24,38,15,7,4,17,20,
21991,1610612742,DAL,Dallas Mavericks,0029100400,1992-01-03,DAL vs. DET,L,240,96,38,93,0.409,7,17,0.412,13,16,0.813,18,30,48,21,4,3,12,16,
21991,1610612742,DAL,Dallas Mavericks,0029100369,1991-12-28,DAL @ PHX,L,240,103,47,93,0.505,3,7,0.429,6,8,0.75,13,28,41,22,4,2,21,24,
21991,1610612742,DAL,Dallas Mavericks,0029100359,1991-12-26,DAL @ POR,L,240,88,34,85,0.4,2,10,0.2,18,18,1.0,8,22,30,23,9,2,15,12,
21991,1610612742,DAL,Dallas Mavericks,0029100349,1991-12-23,DAL @ HOU,W,240,105,45,91,0.495,3,6,0.5,12,14,0.857,13,30,43,29,9,5,10,15,
21991,1610612742,DAL,Dallas Mavericks,0029100333,1991-12-21,DAL vs. SAC,W,240,109,41,87,0.471,2,3,0.667,25,33,0.758,21,40,61,20,10,9,21,24,
21991,1610612742,DAL,Dallas Mavericks,0029100322,1991-12-20,DAL vs. WAS,L,240,99,41,94,0.436,2,12,0.167,15,19,0.789,16,31,47,26,9,5,13,21,
21991,1610612742,DAL,Dallas Mavericks,0029100306,1991-12-17,DAL vs. SAN,L,240,87,32,84,0.381,7,17,0.412,16,20,0.8,15,24,39,22,5,5,11,20,
21991,1610612742,DAL,Dallas Mavericks,0029100288,1991-12-14,DAL @ CLE,W,240,99,43,86,0.5,5,7,0.714,8,10,0.8,12,35,47,20,3,4,16,16,
21991,1610612742,DAL,Dallas Mavericks,0029100278,1991-12-13,DAL @ IND,L,240,108,39,84,0.464,2,9,0.222,28,41,0.683,9,31,40,25,6,1,11,24,
21991,1610612742,DAL,Dallas Mavericks,0029100265,1991-12-11,DAL @ CHH,W,240,106,42,82,0.512,2,7,0.286,20,29,0.69,12,31,43,20,4,4,8,22,
21991,1610612742,DAL,Dallas Mavericks,0029100261,1991-12-10,DAL vs. MIA,W,265,114,42,88,0.477,2,8,0.25,28,36,0.778,10,38,48,24,6,5,15,25,
21991,1610612742,DAL,Dallas Mavericks,0029100251,1991-12-08,DAL @ LAL,L,240,88,36,84,0.429,5,10,0.5,11,18,0.611,11,25,36,21,10,1,17,18,
21991,1610612742,DAL,Dallas Mavericks,0029100245,1991-12-07,DAL @ SEA,L,240,101,40,78,0.513,3,5,0.6,18,25,0.72,14,26,40,22,5,3,13,22,
21991,1610612742,DAL,Dallas Mavericks,0029100229,1991-12-05,DAL @ GOS,L,240,107,43,95,0.453,4,13,0.308,17,22,0.773,14,33,47,24,9,1,17,25,
21991,1610612742,DAL,Dallas Mavericks,0029100216,1991-12-03,DAL vs. ATL,L,240,99,38,90,0.422,5,14,0.357,18,21,0.857,11,33,44,20,5,3,8,28,
21991,1610612742,DAL,Dallas Mavericks,0029100197,1991-11-30,DAL vs. MIN,W,240,79,35,91,0.385,2,10,0.2,7,13,0.538,22,33,55,18,4,7,12,21,
21991,1610612742,DAL,Dallas Mavericks,0029100192,1991-11-29,DAL vs. NJN,L,240,91,37,86,0.43,4,12,0.333,13,22,0.591,20,33,53,17,9,6,16,17,
21991,1610612742,DAL,Dallas Mavericks,0029100181,1991-11-27,DAL vs. IND,W,240,113,43,94,0.457,3,7,0.429,24,36,0.667,20,27,47,21,10,9,11,25,
21991,1610612742,DAL,Dallas Mavericks,0029100156,1991-11-23,DAL vs. UTH,W,265,121,49,96,0.51,2,7,0.286,21,30,0.7,13,37,50,21,12,5,12,30,
21991,1610612742,DAL,Dallas Mavericks,0029100130,1991-11-20,DAL vs. NYK,L,240,89,38,84,0.452,0,4,0.0,13,16,0.813,13,26,39,22,4,1,7,15,
21991,1610612742,DAL,Dallas Mavericks,0029100123,1991-11-19,DAL @ DEN,W,240,96,38,80,0.475,1,3,0.333,19,24,0.792,7,28,35,19,6,4,8,19,
21991,1610612742,DAL,Dallas Mavericks,0029100116,1991-11-16,DAL vs. PHX,W,240,91,33,76,0.434,1,3,0.333,24,29,0.828,10,31,41,14,11,2,16,23,
21991,1610612742,DAL,Dallas Mavericks,0029100095,1991-11-14,DAL vs. LAC,W,240,95,33,84,0.393,0,3,0.0,29,40,0.725,20,34,54,13,8,2,10,19,
21991,1610612742,DAL,Dallas Mavericks,0029100078,1991-11-12,DAL vs. HOU,L,240,92,37,96,0.385,3,9,0.333,15,23,0.652,20,34,54,21,5,3,4,15,
21991,1610612742,DAL,Dallas Mavericks,0029100069,1991-11-09,DAL @ MIL,L,240,95,36,76,0.474,6,10,0.6,17,18,0.944,8,20,28,24,10,4,20,29,
21991,1610612742,DAL,Dallas Mavericks,0029100056,1991-11-08,DAL @ CHI,L,240,92,36,86,0.419,2,11,0.182,18,21,0.857,20,23,43,20,5,2,14,23,
21991,1610612742,DAL,Dallas Mavericks,0029100042,1991-11-06,DAL @ MIN,W,240,97,38,71,0.535,2,6,0.333,19,25,0.76,9,27,36,22,2,4,16,22,
21991,1610612742,DAL,Dallas Mavericks,0029100030,1991-11-05,DAL vs. CLE,L,240,101,40,90,0.444,3,13,0.231,18,25,0.72,18,29,47,24,6,5,10,27,
21991,1610612742,DAL,Dallas Mavericks,0029100024,1991-11-02,DAL vs. LAL,L,265,113,48,104,0.462,3,12,0.25,14,22,0.636,19,33,52,25,5,2,8,21,
21991,1610612742,DAL,Dallas Mavericks,0029100002,1991-11-01,DAL @ SAN,L,240,99,41,81,0.506,0,6,0.0,17,28,0.607,5,19,24,20,5,5,13,26,
21990,1610612742,DAL,Dallas Mavericks,0029001104,1991-04-21,DAL @ SAN,L,240,101,40,98,0.408,4,16,0.25,17,22,0.773,16,23,39,25,11,5,17,23,
21990,1610612742,DAL,Dallas Mavericks,0029001088,1991-04-19,DAL vs. HOU,W,240,113,45,88,0.511,5,9,0.556,18,32,0.563,14,34,48,23,4,3,10,17,
21990,1610612742,DAL,Dallas Mavericks,0029001070,1991-04-17,DAL vs. MIN,W,240,102,38,69,0.551,2,6,0.333,24,30,0.8,8,29,37,20,2,2,10,25,
21990,1610612742,DAL,Dallas Mavericks,0029001059,1991-04-15,DAL @ LAL,L,240,106,46,91,0.505,6,12,0.5,8,10,0.8,10,25,35,27,15,3,19,26,
21990,1610612742,DAL,Dallas Mavericks,0029001049,1991-04-13,DAL @ GOS,L,240,114,43,93,0.462,5,15,0.333,23,30,0.767,14,22,36,22,10,3,19,23,
21990,1610612742,DAL,Dallas Mavericks,0029001042,1991-04-12,DAL @ PHX,L,240,91,36,83,0.434,5,12,0.417,14,22,0.636,11,24,35,16,6,5,14,29,
21990,1610612742,DAL,Dallas Mavericks,0029001026,1991-04-10,DAL @ UTH,L,240,91,36,75,0.48,5,14,0.357,14,19,0.737,9,28,37,22,7,7,14,25,
21990,1610612742,DAL,Dallas Mavericks,0029001019,1991-04-09,DAL @ SAC,L,240,104,38,81,0.469,4,7,0.571,24,30,0.8,16,31,47,12,4,8,16,25,
21990,1610612742,DAL,Dallas Mavericks,0029001006,1991-04-07,DAL vs. POR,L,240,92,35,81,0.432,3,5,0.6,19,27,0.704,16,27,43,19,7,7,18,21,
21990,1610612742,DAL,Dallas Mavericks,0029000994,1991-04-05,DAL vs. UTH,L,240,87,32,73,0.438,1,7,0.143,22,29,0.759,9,28,37,17,8,5,10,22,
21990,1610612742,DAL,Dallas Mavericks,0029000977,1991-04-03,DAL @ HOU,L,240,86,34,92,0.37,0,7,0.0,18,20,0.9,13,22,35,19,10,3,16,25,
21990,1610612742,DAL,Dallas Mavericks,0029000972,1991-04-02,DAL vs. DEN,W,240,133,50,86,0.581,0,4,0.0,33,43,0.767,11,37,48,35,3,7,15,21,
21990,1610612742,DAL,Dallas Mavericks,0029000952,1991-03-30,DAL @ SEA,L,240,102,43,82,0.524,2,4,0.5,14,19,0.737,15,20,35,18,7,0,15,23,
21990,1610612742,DAL,Dallas Mavericks,0029000944,1991-03-29,DAL @ LAC,L,240,96,40,77,0.519,2,4,0.5,14,25,0.56,5,24,29,23,10,5,9,22,
21990,1610612742,DAL,Dallas Mavericks,0029000933,1991-03-27,DAL vs. ORL,L,240,85,36,82,0.439,1,8,0.125,12,20,0.6,8,33,41,20,5,8,14,30,
21990,1610612742,DAL,Dallas Mavericks,0029000911,1991-03-23,DAL @ ORL,L,240,93,36,82,0.439,2,7,0.286,19,25,0.76,8,29,37,28,8,11,13,24,
21990,1610612742,DAL,Dallas Mavericks,0029000894,1991-03-22,DAL vs. NYK,W,265,104,42,82,0.512,2,8,0.25,18,24,0.75,9,36,45,22,9,6,19,19,
21990,1610612742,DAL,Dallas Mavericks,0029000879,1991-03-20,DAL vs. PHX,L,240,96,43,84,0.512,1,6,0.167,9,13,0.692,11,27,38,16,4,2,13,20,
21990,1610612742,DAL,Dallas Mavericks,0029000868,1991-03-18,DAL vs. SAC,W,240,104,37,73,0.507,0,2,0.0,30,40,0.75,16,38,54,17,5,7,16,23,
21990,1610612742,DAL,Dallas Mavericks,0029000853,1991-03-16,DAL vs. GOS,L,240,105,43,94,0.457,2,8,0.25,17,21,0.81,17,30,47,23,3,5,14,23,
21990,1610612742,DAL,Dallas Mavericks,0029000844,1991-03-15,DAL vs. ATL,L,240,117,51,85,0.6,0,6,0.0,15,18,0.833,9,25,34,28,10,4,16,23,
21990,1610612742,DAL,Dallas Mavericks,0029000834,1991-03-13,DAL vs. SEA,W,240,98,39,78,0.5,2,6,0.333,18,26,0.692,13,27,40,21,8,9,12,21,
21990,1610612742,DAL,Dallas Mavericks,0029000817,1991-03-10,DAL @ DEN,L,240,110,46,107,0.43,0,3,0.0,18,25,0.72,20,30,50,20,8,5,12,30,
21990,1610612742,DAL,Dallas Mavericks,0029000794,1991-03-07,DAL @ HOU,L,240,90,34,91,0.374,2,7,0.286,20,25,0.8,18,20,38,20,7,4,15,19,
21990,1610612742,DAL,Dallas Mavericks,0029000787,1991-03-06,DAL vs. PHL,L,240,92,40,78,0.513,4,8,0.5,8,16,0.5,10,33,43,21,4,6,14,22,
21990,1610612742,DAL,Dallas Mavericks,0029000775,1991-03-04,DAL vs. NJN,W,240,102,37,82,0.451,0,2,0.0,28,35,0.8,15,31,46,19,5,4,13,19,
21990,1610612742,DAL,Dallas Mavericks,0029000758,1991-03-02,DAL vs. MIA,L,240,103,40,91,0.44,0,7,0.0,23,36,0.639,18,29,47,13,7,4,18,28,
21990,1610612742,DAL,Dallas Mavericks,0029000749,1991-03-01,DAL @ CHI,L,240,86,37,79,0.468,1,7,0.143,11,15,0.733,11,25,36,24,11,3,20,23,
21990,1610612742,DAL,Dallas Mavericks,0029000738,1991-02-27,DAL @ IND,W,240,108,35,79,0.443,1,4,0.25,37,49,0.755,16,27,43,18,6,4,8,31,
21990,1610612742,DAL,Dallas Mavericks,0029000731,1991-02-26,DAL @ MIN,L,240,94,38,83,0.458,1,5,0.2,17,25,0.68,9,23,32,23,9,4,10,19,
21990,1610612742,DAL,Dallas Mavericks,0029000714,1991-02-23,DAL @ ATL,L,240,107,43,75,0.573,2,3,0.667,19,28,0.679,10,30,40,27,6,3,19,26,
21990,1610612742,DAL,Dallas Mavericks,0029000696,1991-02-21,DAL vs. LAL,L,240,92,41,100,0.41,4,15,0.267,6,6,1.0,22,27,49,16,10,6,17,24,
21990,1610612742,DAL,Dallas Mavericks,0029000682,1991-02-19,DAL @ POR,L,240,100,40,76,0.526,4,12,0.333,16,20,0.8,5,27,32,24,9,3,16,23,
21990,1610612742,DAL,Dallas Mavericks,0029000675,1991-02-18,DAL @ GOS,W,240,107,45,80,0.563,3,5,0.6,14,16,0.875,8,24,32,35,8,3,19,23,
21990,1610612742,DAL,Dallas Mavericks,0029000663,1991-02-16,DAL vs. SAN,W,240,96,36,84,0.429,2,3,0.667,22,32,0.688,11,33,44,19,8,3,11,20,
21990,1610612742,DAL,Dallas Mavericks,0029000658,1991-02-15,DAL vs. WAS,W,240,121,45,87,0.517,2,6,0.333,29,40,0.725,13,36,49,21,12,7,18,26,
21990,1610612742,DAL,Dallas Mavericks,0029000642,1991-02-13,DAL @ CLE,L,240,93,38,83,0.458,1,3,0.333,16,20,0.8,8,29,37,29,5,8,10,23,
21990,1610612742,DAL,Dallas Mavericks,0029000640,1991-02-12,DAL @ CHH,L,240,92,34,88,0.386,2,7,0.286,22,28,0.786,12,34,46,23,5,2,9,21,
21990,1610612742,DAL,Dallas Mavericks,0029000623,1991-02-07,DAL vs. GOS,W,240,102,38,82,0.463,2,8,0.25,24,35,0.686,18,35,53,19,3,6,16,20,
21990,1610612742,DAL,Dallas Mavericks,0029000608,1991-02-05,DAL vs. IND,W,240,114,46,97,0.474,4,11,0.364,18,27,0.667,20,27,47,23,9,6,12,22,
21990,1610612742,DAL,Dallas Mavericks,0029000587,1991-02-01,DAL vs. CHI,L,240,90,36,88,0.409,4,13,0.308,14,16,0.875,8,29,37,19,9,2,10,25,
21990,1610612742,DAL,Dallas Mavericks,0029000568,1991-01-29,DAL vs. SEA,W,240,117,45,84,0.536,4,9,0.444,23,28,0.821,17,19,36,29,12,2,17,25,
21990,1610612742,DAL,Dallas Mavericks,0029000552,1991-01-26,DAL @ WAS,W,240,99,42,71,0.592,0,2,0.0,15,17,0.882,5,32,37,24,6,5,10,19,
21990,1610612742,DAL,Dallas Mavericks,0029000535,1991-01-25,DAL @ DET,L,240,82,32,79,0.405,2,6,0.333,16,20,0.8,12,27,39,17,8,2,7,19,
21990,1610612742,DAL,Dallas Mavericks,0029000525,1991-01-23,DAL vs. CLE,L,240,85,36,85,0.424,0,8,0.0,13,16,0.813,10,29,39,24,4,6,15,21,
21990,1610612742,DAL,Dallas Mavericks,0029000508,1991-01-19,DAL vs. CHH,W,240,110,46,96,0.479,3,7,0.429,15,17,0.882,16,34,50,26,5,4,6,20,
21990,1610612742,DAL,Dallas Mavericks,0029000492,1991-01-18,DAL vs. LAC,L,265,112,46,102,0.451,5,12,0.417,15,17,0.882,14,35,49,18,8,2,10,25,
21990,1610612742,DAL,Dallas Mavericks,0029000484,1991-01-16,DAL @ SAN,L,240,94,42,80,0.525,1,7,0.143,9,12,0.75,6,35,41,20,10,4,12,27,
21990,1610612742,DAL,Dallas Mavericks,0029000467,1991-01-14,DAL vs. DET,L,240,81,34,89,0.382,1,10,0.1,12,19,0.632,18,35,53,13,5,3,12,21,
21990,1610612742,DAL,Dallas Mavericks,0029000462,1991-01-12,DAL vs. ORL,L,240,103,44,102,0.431,3,12,0.25,12,15,0.8,14,26,40,28,9,4,13,24,
21990,1610612742,DAL,Dallas Mavericks,0029000451,1991-01-11,DAL vs. UTH,L,240,99,41,91,0.451,6,17,0.353,11,15,0.733,10,28,38,21,7,2,11,22,
21990,1610612742,DAL,Dallas Mavericks,0029000434,1991-01-09,DAL vs. POR,W,240,109,39,87,0.448,5,7,0.714,26,35,0.743,13,30,43,27,2,10,6,20,
21990,1610612742,DAL,Dallas Mavericks,0029000422,1991-01-07,DAL @ NJN,W,265,88,33,87,0.379,2,5,0.4,20,21,0.952,17,33,50,12,10,9,20,26,
21990,1610612742,DAL,Dallas Mavericks,0029000415,1991-01-06,DAL @ BOS,L,240,110,41,85,0.482,3,5,0.6,25,32,0.781,16,20,36,26,5,3,17,25,
21990,1610612742,DAL,Dallas Mavericks,0029000392,1991-01-03,DAL @ MIL,L,240,87,40,80,0.5,1,7,0.143,6,9,0.667,11,25,36,22,8,4,17,21,
21990,1610612742,DAL,Dallas Mavericks,0029000381,1991-01-02,DAL @ MIN,L,240,95,36,89,0.404,3,10,0.3,20,27,0.741,7,32,39,21,7,3,13,23,
21990,1610612742,DAL,Dallas Mavericks,0029000370,1990-12-29,DAL vs. SAC,W,240,90,32,66,0.485,3,4,0.75,23,28,0.821,8,40,48,22,7,4,19,20,
21990,1610612742,DAL,Dallas Mavericks,0029000358,1990-12-27,DAL @ UTH,L,240,102,42,82,0.512,7,11,0.636,11,15,0.733,9,28,37,29,5,3,11,21,
21990,1610612742,DAL,Dallas Mavericks,0029000346,1990-12-26,DAL @ PHX,L,240,88,37,82,0.451,2,10,0.2,12,12,1.0,3,25,28,25,5,6,12,24,
21990,1610612742,DAL,Dallas Mavericks,0029000330,1990-12-22,DAL @ DEN,W,240,119,43,83,0.518,4,9,0.444,29,40,0.725,8,36,44,22,12,2,15,19,
21990,1610612742,DAL,Dallas Mavericks,0029000323,1990-12-21,DAL vs. MIL,W,240,103,42,83,0.506,5,6,0.833,14,17,0.824,14,31,45,32,6,3,13,22,
21990,1610612742,DAL,Dallas Mavericks,0029000298,1990-12-18,DAL vs. PHX,L,240,95,39,84,0.464,1,8,0.125,16,22,0.727,13,26,39,22,8,6,19,21,
21990,1610612742,DAL,Dallas Mavericks,0029000284,1990-12-15,DAL @ SEA,L,240,105,37,70,0.529,4,9,0.444,27,31,0.871,6,23,29,21,6,1,12,15,
21990,1610612742,DAL,Dallas Mavericks,0029000278,1990-12-14,DAL @ POR,L,240,104,38,77,0.494,2,7,0.286,26,30,0.867,11,36,47,21,6,2,19,21,
21990,1610612742,DAL,Dallas Mavericks,0029000266,1990-12-12,DAL @ LAL,W,265,112,47,93,0.505,1,4,0.25,17,22,0.773,15,27,42,23,8,7,14,19,
21990,1610612742,DAL,Dallas Mavericks,0029000244,1990-12-08,DAL vs. HOU,L,240,107,40,77,0.519,4,7,0.571,23,29,0.793,10,24,34,21,5,9,15,20,
21990,1610612742,DAL,Dallas Mavericks,0029000234,1990-12-07,DAL vs. BOS,L,240,104,38,83,0.458,1,8,0.125,27,32,0.844,10,26,36,22,7,3,13,20,
21990,1610612742,DAL,Dallas Mavericks,0029000220,1990-12-05,DAL @ LAC,L,240,89,30,82,0.366,1,3,0.333,28,37,0.757,22,29,51,15,7,6,12,19,
21990,1610612742,DAL,Dallas Mavericks,0029000217,1990-12-04,DAL @ SAC,L,240,83,32,79,0.405,0,4,0.0,19,23,0.826,16,22,38,16,6,2,12,23,
21990,1610612742,DAL,Dallas Mavericks,0029000193,1990-12-01,DAL @ SAN,L,240,97,39,89,0.438,3,9,0.333,16,28,0.571,13,21,34,25,12,4,16,22,
21990,1610612742,DAL,Dallas Mavericks,0029000173,1990-11-28,DAL vs. LAC,W,240,107,43,79,0.544,1,3,0.333,20,24,0.833,8,37,45,28,3,10,16,21,
21990,1610612742,DAL,Dallas Mavericks,0029000156,1990-11-24,DAL vs. UTH,L,240,74,30,81,0.37,1,5,0.2,13,17,0.765,12,34,46,19,6,4,16,21,
21990,1610612742,DAL,Dallas Mavericks,0029000138,1990-11-23,DAL vs. SAN,L,240,104,40,84,0.476,3,8,0.375,21,27,0.778,12,26,38,24,4,5,14,30,
21990,1610612742,DAL,Dallas Mavericks,0029000121,1990-11-20,DAL vs. MIN,L,265,91,36,68,0.529,1,5,0.2,18,25,0.72,8,26,34,20,8,6,18,23,
21990,1610612742,DAL,Dallas Mavericks,0029000100,1990-11-16,DAL vs. LAL,W,240,99,42,78,0.538,5,12,0.417,10,14,0.714,7,36,43,27,4,4,15,16,
21990,1610612742,DAL,Dallas Mavericks,0029000088,1990-11-14,DAL @ MIA,L,240,93,39,93,0.419,2,8,0.25,13,20,0.65,11,34,45,23,6,11,13,27,
21990,1610612742,DAL,Dallas Mavericks,0029000073,1990-11-13,DAL @ ORL,L,240,103,39,80,0.488,3,12,0.25,22,30,0.733,10,23,33,23,6,10,9,25,
21990,1610612742,DAL,Dallas Mavericks,0029000054,1990-11-09,DAL vs. ORL,W,240,111,45,89,0.506,2,7,0.286,19,21,0.905,10,28,38,27,7,7,11,22,
21990,1610612742,DAL,Dallas Mavericks,0029000038,1990-11-07,DAL @ PHL,W,240,104,41,85,0.482,2,6,0.333,20,24,0.833,11,31,42,24,9,4,13,21,
21990,1610612742,DAL,Dallas Mavericks,0029000032,1990-11-06,DAL @ NYK,W,240,96,37,82,0.451,1,3,0.333,21,22,0.955,9,24,33,21,8,5,13,15,
21990,1610612742,DAL,Dallas Mavericks,0029000018,1990-11-03,DAL vs. DEN,W,240,140,59,104,0.567,1,3,0.333,21,24,0.875,18,36,54,37,10,9,18,23,
21990,1610612742,DAL,Dallas Mavericks,0029000007,1990-11-02,DAL @ MIN,L,240,85,29,71,0.408,1,3,0.333,26,33,0.788,14,23,37,18,7,3,19,18,
41989,1610612742,DAL,Dallas Mavericks,0048900020,1990-05-01,DAL vs. POR,L,240,92,39,87,0.448,2,10,0.2,12,23,0.522,14,32,46,22,9,5,19,29,
41989,1610612742,DAL,Dallas Mavericks,0048900010,1990-04-28,DAL @ POR,L,240,107,36,77,0.468,4,9,0.444,31,34,0.912,12,29,41,18,6,6,19,27,
41989,1610612742,DAL,Dallas Mavericks,0048900001,1990-04-26,DAL @ POR,L,240,102,40,79,0.506,3,10,0.3,19,24,0.792,8,25,33,21,9,6,15,26,
21989,1610612742,DAL,Dallas Mavericks,0028901104,1990-04-22,DAL vs. CHH,W,240,118,48,90,0.533,1,4,0.25,21,24,0.875,16,29,45,26,5,7,12,18,
21989,1610612742,DAL,Dallas Mavericks,0028901085,1990-04-20,DAL vs. HOU,W,240,121,46,86,0.535,3,10,0.3,26,37,0.703,15,24,39,25,10,5,13,23,
21989,1610612742,DAL,Dallas Mavericks,0028901081,1990-04-19,DAL @ CHH,W,240,111,47,84,0.56,2,4,0.5,15,18,0.833,11,28,39,27,7,2,19,27,
21989,1610612742,DAL,Dallas Mavericks,0028901062,1990-04-17,DAL vs. UTH,W,240,97,34,73,0.466,1,4,0.25,28,35,0.8,9,37,46,22,6,8,18,19,
21989,1610612742,DAL,Dallas Mavericks,0028901041,1990-04-13,DAL @ POR,L,240,92,40,102,0.392,1,6,0.167,11,17,0.647,23,16,39,24,9,4,14,23,
21989,1610612742,DAL,Dallas Mavericks,0028901034,1990-04-12,DAL @ GOS,W,240,140,55,100,0.55,1,5,0.2,29,35,0.829,19,29,48,37,10,6,17,27,
21989,1610612742,DAL,Dallas Mavericks,0028901024,1990-04-10,DAL @ LAC,L,240,90,35,89,0.393,1,8,0.125,19,21,0.905,16,34,50,16,13,7,17,24,
21989,1610612742,DAL,Dallas Mavericks,0028901012,1990-04-09,DAL @ LAL,L,240,106,45,91,0.495,1,6,0.167,15,22,0.682,10,28,38,24,10,6,7,25,
21989,1610612742,DAL,Dallas Mavericks,0028900998,1990-04-07,DAL vs. CHI,L,240,108,38,75,0.507,5,7,0.714,27,43,0.628,14,29,43,21,8,2,11,23,
21989,1610612742,DAL,Dallas Mavericks,0028900983,1990-04-04,DAL vs. SAN,W,240,104,37,85,0.435,4,11,0.364,26,35,0.743,20,25,45,24,7,10,13,15,
21989,1610612742,DAL,Dallas Mavericks,0028900975,1990-04-03,DAL @ PHX,L,240,111,46,87,0.529,1,4,0.25,18,19,0.947,6,26,32,30,10,2,12,26,
21989,1610612742,DAL,Dallas Mavericks,0028900960,1990-04-01,DAL vs. MIL,W,240,86,38,106,0.358,2,7,0.286,8,12,0.667,24,28,52,25,15,8,9,23,
21989,1610612742,DAL,Dallas Mavericks,0028900952,1990-03-30,DAL vs. MIN,L,240,82,29,61,0.475,2,7,0.286,22,30,0.733,12,27,39,15,6,9,25,17,
21989,1610612742,DAL,Dallas Mavericks,0028900941,1990-03-29,DAL @ SAN,W,240,109,47,80,0.588,4,7,0.571,11,16,0.688,14,22,36,29,7,3,21,27,
21989,1610612742,DAL,Dallas Mavericks,0028900929,1990-03-27,DAL vs. GOS,W,240,118,44,83,0.53,3,6,0.5,27,37,0.73,16,34,50,27,6,7,16,21,
21989,1610612742,DAL,Dallas Mavericks,0028900914,1990-03-25,DAL vs. DET,W,265,98,40,87,0.46,4,9,0.444,14,22,0.636,13,30,43,20,7,4,10,35,
21989,1610612742,DAL,Dallas Mavericks,0028900899,1990-03-23,DAL @ MIA,W,240,106,40,76,0.526,8,13,0.615,18,27,0.667,6,26,32,23,6,4,13,14,
21989,1610612742,DAL,Dallas Mavericks,0028900891,1990-03-22,DAL @ ORL,W,240,116,46,85,0.541,2,5,0.4,22,29,0.759,11,24,35,23,10,5,11,17,
21989,1610612742,DAL,Dallas Mavericks,0028900871,1990-03-19,DAL @ ATL,W,240,117,46,86,0.535,4,9,0.444,21,24,0.875,10,22,32,29,13,3,12,21,
21989,1610612742,DAL,Dallas Mavericks,0028900862,1990-03-18,DAL @ DET,L,240,84,29,80,0.363,2,2,1.0,24,33,0.727,13,35,48,16,4,3,16,26,
21989,1610612742,DAL,Dallas Mavericks,0028900852,1990-03-16,DAL vs. DEN,W,240,104,39,80,0.488,0,3,0.0,26,33,0.788,11,42,53,23,9,5,19,21,
21989,1610612742,DAL,Dallas Mavericks,0028900838,1990-03-14,DAL vs. BOS,W,240,113,47,82,0.573,1,4,0.25,18,22,0.818,9,27,36,28,8,4,10,16,
21989,1610612742,DAL,Dallas Mavericks,0028900810,1990-03-10,DAL @ HOU,L,240,95,36,90,0.4,3,12,0.25,20,24,0.833,15,33,48,20,11,2,24,29,
21989,1610612742,DAL,Dallas Mavericks,0028900794,1990-03-07,DAL vs. LAL,L,240,91,38,89,0.427,5,15,0.333,10,12,0.833,20,22,42,17,6,6,13,18,
21989,1610612742,DAL,Dallas Mavericks,0028900762,1990-03-03,DAL @ DEN,L,240,89,38,83,0.458,1,8,0.125,12,17,0.706,6,28,34,21,9,1,17,22,
21989,1610612742,DAL,Dallas Mavericks,0028900756,1990-03-02,DAL vs. PHX,W,240,108,44,92,0.478,2,8,0.25,18,28,0.643,17,29,46,22,10,3,12,20,
21989,1610612742,DAL,Dallas Mavericks,0028900744,1990-02-28,DAL @ BOS,L,240,98,42,98,0.429,3,8,0.375,11,15,0.733,10,27,37,22,14,1,9,21,
21989,1610612742,DAL,Dallas Mavericks,0028900736,1990-02-27,DAL @ NYK,L,240,87,34,90,0.378,2,7,0.286,17,24,0.708,12,17,29,21,13,3,13,20,
21989,1610612742,DAL,Dallas Mavericks,0028900721,1990-02-25,DAL @ MIN,W,240,87,34,82,0.415,1,4,0.25,18,24,0.75,15,29,44,24,7,2,14,17,
21989,1610612742,DAL,Dallas Mavericks,0028900715,1990-02-23,DAL @ IND,W,240,102,36,80,0.45,2,8,0.25,28,33,0.848,12,31,43,14,4,3,9,22,
21989,1610612742,DAL,Dallas Mavericks,0028900703,1990-02-22,DAL @ MIL,L,240,97,38,88,0.432,2,11,0.182,19,26,0.731,13,31,44,23,10,2,16,22,
21989,1610612742,DAL,Dallas Mavericks,0028900681,1990-02-19,DAL @ CLE,W,240,96,43,85,0.506,3,7,0.429,7,12,0.583,11,33,44,37,10,3,14,18,
21989,1610612742,DAL,Dallas Mavericks,0028900668,1990-02-17,DAL vs. ORL,W,240,135,53,92,0.576,5,7,0.714,24,29,0.828,14,36,50,26,8,11,20,32,
21989,1610612742,DAL,Dallas Mavericks,0028900635,1990-02-13,DAL vs. SAN,W,240,103,37,82,0.451,4,8,0.5,25,33,0.758,16,31,47,16,13,8,16,19,
21989,1610612742,DAL,Dallas Mavericks,0028900626,1990-02-08,DAL vs. MIN,W,240,90,33,69,0.478,1,3,0.333,23,27,0.852,7,30,37,17,10,9,13,16,
21989,1610612742,DAL,Dallas Mavericks,0028900610,1990-02-06,DAL @ SAC,W,240,100,43,85,0.506,1,4,0.25,13,13,1.0,12,34,46,24,5,11,10,14,
21989,1610612742,DAL,Dallas Mavericks,0028900591,1990-02-03,DAL @ POR,L,240,100,40,93,0.43,5,10,0.5,15,18,0.833,10,27,37,20,6,4,16,23,
21989,1610612742,DAL,Dallas Mavericks,0028900590,1990-02-02,DAL @ UTH,L,240,92,34,77,0.442,0,4,0.0,24,35,0.686,14,20,34,22,7,4,11,21,
21989,1610612742,DAL,Dallas Mavericks,0028900574,1990-01-31,DAL vs. HOU,W,240,98,37,77,0.481,0,4,0.0,24,33,0.727,18,21,39,18,8,5,16,19,
21989,1610612742,DAL,Dallas Mavericks,0028900560,1990-01-29,DAL vs. NJN,W,240,108,42,80,0.525,0,4,0.0,24,28,0.857,12,37,49,24,12,9,20,16,
21989,1610612742,DAL,Dallas Mavericks,0028900551,1990-01-27,DAL @ HOU,W,240,99,41,82,0.5,1,4,0.25,16,19,0.842,13,30,43,17,10,4,19,22,
21989,1610612742,DAL,Dallas Mavericks,0028900540,1990-01-26,DAL vs. SAC,W,240,106,46,85,0.541,0,4,0.0,14,23,0.609,8,30,38,21,10,7,7,14,
21989,1610612742,DAL,Dallas Mavericks,0028900519,1990-01-23,DAL vs. WAS,W,240,129,52,85,0.612,1,6,0.167,24,32,0.75,10,34,44,28,8,3,14,18,
21989,1610612742,DAL,Dallas Mavericks,0028900501,1990-01-20,DAL vs. CLE,W,265,105,42,82,0.512,2,8,0.25,19,28,0.679,11,41,52,20,5,8,12,25,
21989,1610612742,DAL,Dallas Mavericks,0028900496,1990-01-19,DAL vs. NYK,W,240,117,45,85,0.529,7,10,0.7,20,27,0.741,13,27,40,27,6,9,11,20,
21989,1610612742,DAL,Dallas Mavericks,0028900486,1990-01-17,DAL vs. PHX,L,240,88,36,84,0.429,2,6,0.333,14,19,0.737,10,23,33,21,8,3,14,15,
21989,1610612742,DAL,Dallas Mavericks,0028900470,1990-01-15,DAL @ DEN,L,240,90,35,78,0.449,1,3,0.333,19,25,0.76,9,29,38,23,7,2,17,19,
21989,1610612742,DAL,Dallas Mavericks,0028900455,1990-01-13,DAL vs. UTH,L,240,99,36,78,0.462,3,7,0.429,24,32,0.75,15,21,36,20,5,4,15,24,
21989,1610612742,DAL,Dallas Mavericks,0028900444,1990-01-11,DAL @ SEA,L,240,87,33,75,0.44,4,11,0.364,17,23,0.739,9,35,44,14,3,0,15,23,
21989,1610612742,DAL,Dallas Mavericks,0028900439,1990-01-10,DAL @ GOS,L,240,119,46,87,0.529,0,4,0.0,27,29,0.931,10,23,33,21,8,6,16,21,
21989,1610612742,DAL,Dallas Mavericks,0028900422,1990-01-08,DAL vs. SEA,W,240,110,36,75,0.48,0,0,,38,43,0.884,14,33,47,20,8,8,12,21,
21989,1610612742,DAL,Dallas Mavericks,0028900401,1990-01-05,DAL vs. PHL,L,240,79,34,94,0.362,1,7,0.143,10,13,0.769,16,25,41,20,9,2,12,18,
21989,1610612742,DAL,Dallas Mavericks,0028900392,1990-01-04,DAL @ PHX,L,240,102,41,84,0.488,3,8,0.375,17,20,0.85,10,26,36,21,6,4,13,21,
21989,1610612742,DAL,Dallas Mavericks,0028900375,1990-01-02,DAL vs. IND,W,240,110,40,76,0.526,1,3,0.333,29,34,0.853,9,36,45,20,7,3,12,28,
21989,1610612742,DAL,Dallas Mavericks,0028900370,1989-12-30,DAL vs. DEN,W,265,116,46,94,0.489,3,7,0.429,21,31,0.677,14,47,61,26,9,7,20,18,
21989,1610612742,DAL,Dallas Mavericks,0028900363,1989-12-29,DAL vs. POR,L,315,140,49,114,0.43,4,11,0.364,38,48,0.792,22,45,67,24,7,5,19,28,
21989,1610612742,DAL,Dallas Mavericks,0028900346,1989-12-27,DAL vs. ATL,W,240,114,44,79,0.557,2,4,0.5,24,31,0.774,16,30,46,22,9,2,15,26,
21989,1610612742,DAL,Dallas Mavericks,0028900330,1989-12-23,DAL vs. SAC,W,240,102,36,81,0.444,0,3,0.0,30,42,0.714,17,28,45,15,8,4,9,17,
21989,1610612742,DAL,Dallas Mavericks,0028900318,1989-12-22,DAL vs. LAC,W,240,101,39,72,0.542,2,2,1.0,21,24,0.875,9,34,43,19,5,4,16,20,
21989,1610612742,DAL,Dallas Mavericks,0028900304,1989-12-20,DAL @ NJN,W,240,84,30,73,0.411,0,3,0.0,24,30,0.8,11,33,44,12,4,7,12,17,
21989,1610612742,DAL,Dallas Mavericks,0028900300,1989-12-19,DAL @ CHH,L,240,97,40,79,0.506,1,6,0.167,16,28,0.571,15,29,44,27,5,3,13,19,
21989,1610612742,DAL,Dallas Mavericks,0028900285,1989-12-16,DAL @ WAS,L,240,108,42,82,0.512,2,9,0.222,22,28,0.786,8,28,36,11,5,4,12,21,
21989,1610612742,DAL,Dallas Mavericks,0028900273,1989-12-15,DAL @ PHL,W,240,95,32,79,0.405,2,5,0.4,29,36,0.806,8,26,34,20,13,1,7,18,
21989,1610612742,DAL,Dallas Mavericks,0028900259,1989-12-13,DAL @ MIN,W,240,90,36,79,0.456,1,3,0.333,17,24,0.708,9,32,41,18,4,10,13,19,
21989,1610612742,DAL,Dallas Mavericks,0028900250,1989-12-12,DAL @ CHI,L,240,97,36,82,0.439,1,1,1.0,24,35,0.686,11,24,35,21,9,6,11,9,
21989,1610612742,DAL,Dallas Mavericks,0028900234,1989-12-08,DAL vs. SAN,L,240,93,39,89,0.438,2,7,0.286,13,16,0.813,19,27,46,19,6,5,16,26,
21989,1610612742,DAL,Dallas Mavericks,0028900224,1989-12-07,DAL @ UTH,L,240,97,36,71,0.507,2,6,0.333,23,27,0.852,4,26,30,18,11,2,20,25,
21989,1610612742,DAL,Dallas Mavericks,0028900210,1989-12-05,DAL vs. GOS,W,240,107,43,80,0.538,3,8,0.375,18,23,0.783,11,41,52,30,8,7,18,23,
21989,1610612742,DAL,Dallas Mavericks,0028900195,1989-12-02,DAL @ HOU,W,240,106,39,82,0.476,1,1,1.0,27,38,0.711,12,25,37,22,9,1,6,18,
21989,1610612742,DAL,Dallas Mavericks,0028900180,1989-11-30,DAL @ SAN,L,240,89,34,82,0.415,2,5,0.4,19,28,0.679,11,29,40,16,11,1,14,26,
21989,1610612742,DAL,Dallas Mavericks,0028900178,1989-11-29,DAL vs. CHH,W,240,102,36,82,0.439,1,7,0.143,29,34,0.853,11,42,53,20,7,10,10,25,
21989,1610612742,DAL,Dallas Mavericks,0028900155,1989-11-25,DAL vs. SEA,L,240,70,27,75,0.36,1,11,0.091,15,23,0.652,13,28,41,12,2,3,25,18,
21989,1610612742,DAL,Dallas Mavericks,0028900140,1989-11-24,DAL vs. MIN,W,240,99,39,74,0.527,1,3,0.333,20,37,0.541,17,26,43,26,6,6,13,19,
21989,1610612742,DAL,Dallas Mavericks,0028900118,1989-11-21,DAL @ DEN,L,240,95,32,77,0.416,0,4,0.0,31,33,0.939,8,29,37,14,7,9,17,25,
21989,1610612742,DAL,Dallas Mavericks,0028900107,1989-11-18,DAL vs. MIA,W,240,100,36,80,0.45,2,6,0.333,26,35,0.743,10,26,36,25,13,4,14,19,
21989,1610612742,DAL,Dallas Mavericks,0028900097,1989-11-17,DAL vs. LAC,W,240,122,46,81,0.568,0,2,0.0,30,38,0.789,10,32,42,24,6,5,16,25,
21989,1610612742,DAL,Dallas Mavericks,0028900077,1989-11-14,DAL @ SEA,W,265,113,41,94,0.436,0,1,0.0,31,32,0.969,16,24,40,16,10,5,15,19,
21989,1610612742,DAL,Dallas Mavericks,0028900066,1989-11-12,DAL @ LAL,L,240,98,42,85,0.494,0,1,0.0,14,18,0.778,13,28,41,19,7,4,19,22,
21989,1610612742,DAL,Dallas Mavericks,0028900052,1989-11-10,DAL vs. POR,L,240,91,34,76,0.447,2,5,0.4,21,28,0.75,10,30,40,24,11,3,18,17,
21989,1610612742,DAL,Dallas Mavericks,0028900034,1989-11-08,DAL @ LAC,W,240,123,48,80,0.6,1,4,0.25,26,30,0.867,11,32,43,27,8,1,16,26,
21989,1610612742,DAL,Dallas Mavericks,0028900026,1989-11-07,DAL @ SAC,L,240,94,28,75,0.373,1,3,0.333,37,47,0.787,21,36,57,15,5,8,24,20,
21989,1610612742,DAL,Dallas Mavericks,0028900004,1989-11-03,DAL vs. LAL,L,240,94,35,84,0.417,1,4,0.25,23,28,0.821,16,31,47,19,10,7,18,22,
21988,1610612742,DAL,Dallas Mavericks,0028801024,1989-04-23,DAL @ DEN,W,240,113,44,90,0.489,4,7,0.571,21,37,0.568,15,46,61,22,7,3,17,20,
21988,1610612742,DAL,Dallas Mavericks,0028801003,1989-04-21,DAL vs. UTH,W,240,91,36,76,0.474,1,8,0.125,18,32,0.563,18,24,42,29,6,4,19,23,
21988,1610612742,DAL,Dallas Mavericks,0028800988,1989-04-18,DAL @ MIA,W,240,103,39,75,0.52,3,7,0.429,22,28,0.786,5,30,35,24,9,6,15,23,
21988,1610612742,DAL,Dallas Mavericks,0028800975,1989-04-16,DAL vs. HOU,L,265,112,43,91,0.473,4,7,0.571,22,26,0.846,8,30,38,25,7,6,13,27,
21988,1610612742,DAL,Dallas Mavericks,0028800963,1989-04-14,DAL @ SAN,W,240,118,43,80,0.538,1,4,0.25,31,37,0.838,18,27,45,26,7,3,18,19,
21988,1610612742,DAL,Dallas Mavericks,0028800946,1989-04-12,DAL vs. PHX,L,240,94,38,104,0.365,2,6,0.333,16,20,0.8,20,31,51,20,12,4,10,21,
21988,1610612742,DAL,Dallas Mavericks,0028800938,1989-04-10,DAL vs. IND,L,240,103,35,87,0.402,5,12,0.417,28,36,0.778,15,28,43,19,8,9,9,31,
21988,1610612742,DAL,Dallas Mavericks,0028800924,1989-04-08,DAL vs. SEA,L,240,90,34,85,0.4,1,12,0.083,21,24,0.875,9,24,33,18,6,5,13,23,
21988,1610612742,DAL,Dallas Mavericks,0028800919,1989-04-07,DAL vs. SAC,W,240,115,42,81,0.519,5,10,0.5,26,28,0.929,8,24,32,28,7,2,10,22,
21988,1610612742,DAL,Dallas Mavericks,0028800894,1989-04-04,DAL @ UTH,L,240,80,31,74,0.419,4,13,0.308,14,24,0.583,13,17,30,15,12,3,13,17,
21988,1610612742,DAL,Dallas Mavericks,0028800891,1989-04-02,DAL vs. MIA,W,240,98,41,89,0.461,1,5,0.2,15,18,0.833,19,23,42,27,8,8,8,23,
21988,1610612742,DAL,Dallas Mavericks,0028800873,1989-03-31,DAL @ IND,W,240,105,39,72,0.542,5,13,0.385,22,28,0.786,7,22,29,25,6,2,13,22,
21988,1610612742,DAL,Dallas Mavericks,0028800868,1989-03-30,DAL @ NYK,L,240,98,38,76,0.5,3,9,0.333,19,28,0.679,9,29,38,24,6,5,18,17,
21988,1610612742,DAL,Dallas Mavericks,0028800853,1989-03-28,DAL @ CLE,L,240,90,37,85,0.435,2,8,0.25,14,20,0.7,11,30,41,24,11,3,16,18,
21988,1610612742,DAL,Dallas Mavericks,0028800846,1989-03-27,DAL @ DET,L,240,77,31,85,0.365,3,8,0.375,12,17,0.706,7,32,39,16,8,5,8,24,
21988,1610612742,DAL,Dallas Mavericks,0028800830,1989-03-24,DAL vs. DEN,L,240,105,42,82,0.512,1,8,0.125,20,27,0.741,6,28,34,26,6,7,12,25,
21988,1610612742,DAL,Dallas Mavericks,0028800817,1989-03-22,DAL @ LAC,L,240,112,45,92,0.489,1,5,0.2,21,23,0.913,7,29,36,25,4,6,7,21,
21988,1610612742,DAL,Dallas Mavericks,0028800804,1989-03-20,DAL @ POR,L,240,91,35,77,0.455,2,8,0.25,19,23,0.826,7,24,31,20,8,3,16,22,
21988,1610612742,DAL,Dallas Mavericks,0028800790,1989-03-18,DAL @ SAC,L,240,90,35,82,0.427,1,5,0.2,19,24,0.792,13,24,37,21,10,2,14,16,
21988,1610612742,DAL,Dallas Mavericks,0028800785,1989-03-17,DAL @ LAL,L,240,103,42,87,0.483,2,9,0.222,17,23,0.739,14,23,37,29,8,4,9,22,
21988,1610612742,DAL,Dallas Mavericks,0028800771,1989-03-15,DAL @ GOS,L,240,100,38,86,0.442,2,11,0.182,22,30,0.733,16,24,40,17,7,4,15,19,
21988,1610612742,DAL,Dallas Mavericks,0028800758,1989-03-13,DAL vs. MIL,L,240,95,40,85,0.471,1,9,0.111,14,19,0.737,11,28,39,23,5,6,10,17,
21988,1610612742,DAL,Dallas Mavericks,0028800745,1989-03-11,DAL @ SAN,L,240,90,36,80,0.45,2,4,0.5,16,21,0.762,16,35,51,14,6,3,28,23,
21988,1610612742,DAL,Dallas Mavericks,0028800743,1989-03-10,DAL @ HOU,L,240,86,31,84,0.369,7,14,0.5,17,21,0.81,13,31,44,16,4,3,13,20,
21988,1610612742,DAL,Dallas Mavericks,0028800727,1989-03-08,DAL vs. POR,W,240,99,34,79,0.43,3,6,0.5,28,34,0.824,14,39,53,24,4,7,21,21,
21988,1610612742,DAL,Dallas Mavericks,0028800715,1989-03-06,DAL vs. NJN,W,240,105,36,78,0.462,1,12,0.083,32,43,0.744,11,37,48,19,9,9,13,15,
21988,1610612742,DAL,Dallas Mavericks,0028800705,1989-03-04,DAL @ WAS,L,240,105,36,81,0.444,2,5,0.4,31,34,0.912,10,23,33,17,2,5,15,18,
21988,1610612742,DAL,Dallas Mavericks,0028800700,1989-03-03,DAL @ BOS,L,240,106,38,82,0.463,2,7,0.286,28,33,0.848,14,24,38,20,8,5,13,18,
21988,1610612742,DAL,Dallas Mavericks,0028800676,1989-02-28,DAL @ MIA,W,265,111,38,83,0.458,3,11,0.273,32,39,0.821,14,24,38,15,6,8,14,30,
21988,1610612742,DAL,Dallas Mavericks,0028800672,1989-02-27,DAL @ ATL,L,240,83,33,76,0.434,1,7,0.143,16,20,0.8,9,22,31,16,9,1,18,16,
21988,1610612742,DAL,Dallas Mavericks,0028800656,1989-02-25,DAL vs. WAS,W,240,127,52,92,0.565,6,12,0.5,17,20,0.85,11,42,53,32,5,11,8,17,
21988,1610612742,DAL,Dallas Mavericks,0028800648,1989-02-24,DAL vs. GOS,L,240,92,32,89,0.36,5,20,0.25,23,30,0.767,17,26,43,18,9,10,22,16,
21988,1610612742,DAL,Dallas Mavericks,0028800639,1989-02-22,DAL @ DEN,L,240,106,45,85,0.529,2,6,0.333,14,21,0.667,11,30,41,20,4,4,12,21,
21988,1610612742,DAL,Dallas Mavericks,0028800623,1989-02-20,DAL @ SAN,W,240,105,41,86,0.477,0,6,0.0,23,28,0.821,19,40,59,21,5,3,22,19,
21988,1610612742,DAL,Dallas Mavericks,0028800614,1989-02-18,DAL vs. HOU,L,240,94,41,88,0.466,4,9,0.444,8,12,0.667,17,23,40,21,8,14,14,12,
21988,1610612742,DAL,Dallas Mavericks,0028800602,1989-02-16,DAL vs. MIA,W,240,93,36,82,0.439,3,8,0.375,18,24,0.75,15,38,53,20,3,6,18,20,
21988,1610612742,DAL,Dallas Mavericks,0028800583,1989-02-14,DAL vs. LAC,W,240,117,44,81,0.543,4,7,0.571,25,28,0.893,9,34,43,35,11,8,14,18,
21988,1610612742,DAL,Dallas Mavericks,0028800574,1989-02-09,DAL @ UTH,W,240,94,39,76,0.513,4,14,0.286,12,16,0.75,6,32,38,29,9,7,13,21,
21988,1610612742,DAL,Dallas Mavericks,0028800562,1989-02-07,DAL @ POR,L,240,125,43,76,0.566,6,13,0.462,33,38,0.868,4,29,33,18,6,0,18,27,
21988,1610612742,DAL,Dallas Mavericks,0028800556,1989-02-06,DAL @ LAC,W,240,129,49,90,0.544,5,9,0.556,26,31,0.839,11,29,40,36,6,9,10,27,
21988,1610612742,DAL,Dallas Mavericks,0028800536,1989-02-03,DAL vs. PHX,W,240,121,46,88,0.523,5,13,0.385,24,30,0.8,14,34,48,31,7,11,20,22,
21988,1610612742,DAL,Dallas Mavericks,0028800517,1989-01-31,DAL vs. UTH,L,240,84,33,85,0.388,3,10,0.3,15,24,0.625,19,31,50,21,7,4,16,22,
21988,1610612742,DAL,Dallas Mavericks,0028800510,1989-01-29,DAL vs. LAL,L,240,93,39,92,0.424,0,8,0.0,15,19,0.789,18,21,39,21,8,7,12,21,
21988,1610612742,DAL,Dallas Mavericks,0028800496,1989-01-27,DAL vs. SAN,W,240,126,48,91,0.527,3,9,0.333,27,35,0.771,18,31,49,29,12,10,15,24,
21988,1610612742,DAL,Dallas Mavericks,0028800483,1989-01-25,DAL vs. LAC,W,240,117,42,87,0.483,5,13,0.385,28,37,0.757,19,32,51,26,8,7,15,26,
21988,1610612742,DAL,Dallas Mavericks,0028800477,1989-01-24,DAL @ CHI,L,240,91,40,84,0.476,2,7,0.286,9,14,0.643,12,23,35,23,8,4,14,21,
21988,1610612742,DAL,Dallas Mavericks,0028800456,1989-01-20,DAL @ LAL,L,240,99,37,86,0.43,2,12,0.167,23,31,0.742,12,29,41,22,10,3,12,28,
21988,1610612742,DAL,Dallas Mavericks,0028800445,1989-01-18,DAL vs. DEN,W,240,102,39,81,0.481,1,3,0.333,23,31,0.742,9,37,46,25,4,3,13,27,
21988,1610612742,DAL,Dallas Mavericks,0028800422,1989-01-15,DAL vs. POR,W,240,111,42,83,0.506,3,6,0.5,24,32,0.75,12,38,50,29,7,5,17,19,
21988,1610612742,DAL,Dallas Mavericks,0028800419,1989-01-14,DAL @ HOU,L,240,98,38,80,0.475,0,9,0.0,22,26,0.846,9,22,31,20,7,5,17,25,
21988,1610612742,DAL,Dallas Mavericks,0028800402,1989-01-12,DAL @ SEA,L,240,95,38,88,0.432,2,5,0.4,17,23,0.739,14,20,34,18,7,6,18,22,
21988,1610612742,DAL,Dallas Mavericks,0028800396,1989-01-11,DAL @ GOS,L,240,106,41,99,0.414,2,10,0.2,22,27,0.815,24,29,53,26,8,1,16,21,
21988,1610612742,DAL,Dallas Mavericks,0028800387,1989-01-09,DAL vs. PHL,L,240,103,44,94,0.468,7,16,0.438,8,11,0.727,17,20,37,21,5,8,9,23,
21988,1610612742,DAL,Dallas Mavericks,0028800374,1989-01-07,DAL @ DEN,L,240,94,37,99,0.374,1,7,0.143,19,25,0.76,17,36,53,14,10,9,18,18,
21988,1610612742,DAL,Dallas Mavericks,0028800369,1989-01-06,DAL @ PHX,L,240,111,45,89,0.506,1,8,0.125,20,24,0.833,9,25,34,24,6,2,6,12,
21988,1610612742,DAL,Dallas Mavericks,0028800348,1989-01-03,DAL @ SAC,L,240,96,35,91,0.385,3,13,0.231,23,34,0.676,14,23,37,18,4,6,9,21,
21988,1610612742,DAL,Dallas Mavericks,0028800329,1988-12-29,DAL vs. BOS,W,240,131,53,92,0.576,4,12,0.333,21,29,0.724,14,28,42,35,7,7,8,21,
21988,1610612742,DAL,Dallas Mavericks,0028800319,1988-12-27,DAL vs. SAN,W,240,110,41,77,0.532,1,5,0.2,27,29,0.931,18,32,50,23,8,9,28,22,
21988,1610612742,DAL,Dallas Mavericks,0028800305,1988-12-23,DAL @ MIL,L,240,101,36,81,0.444,4,13,0.308,25,33,0.758,11,30,41,22,6,0,21,27,
21988,1610612742,DAL,Dallas Mavericks,0028800293,1988-12-21,DAL @ NJN,L,265,120,47,97,0.485,2,4,0.5,24,30,0.8,18,26,44,21,8,4,14,23,
21988,1610612742,DAL,Dallas Mavericks,0028800282,1988-12-20,DAL @ PHL,W,240,108,42,80,0.525,2,8,0.25,22,24,0.917,8,29,37,29,12,5,15,21,
21988,1610612742,DAL,Dallas Mavericks,0028800264,1988-12-17,DAL @ MIA,W,240,104,37,76,0.487,3,7,0.429,27,32,0.844,13,31,44,19,13,10,24,18,
21988,1610612742,DAL,Dallas Mavericks,0028800257,1988-12-16,DAL @ CHH,W,240,107,38,86,0.442,1,4,0.25,30,38,0.789,12,36,48,17,9,3,13,16,
21988,1610612742,DAL,Dallas Mavericks,0028800235,1988-12-13,DAL vs. GOS,W,240,117,42,79,0.532,5,8,0.625,28,32,0.875,10,23,33,28,6,15,12,19,
21988,1610612742,DAL,Dallas Mavericks,0028800230,1988-12-10,DAL vs. CLE,L,240,98,35,75,0.467,3,6,0.5,25,30,0.833,13,28,41,22,5,6,16,22,
21988,1610612742,DAL,Dallas Mavericks,0028800214,1988-12-09,DAL @ UTH,W,240,97,36,82,0.439,2,8,0.25,23,26,0.885,12,31,43,24,11,7,14,21,
21988,1610612742,DAL,Dallas Mavericks,0028800207,1988-12-07,DAL vs. SEA,W,240,102,34,68,0.5,4,7,0.571,30,43,0.698,11,19,30,25,11,8,15,17,
21988,1610612742,DAL,Dallas Mavericks,0028800181,1988-12-03,DAL vs. CHI,L,240,100,35,89,0.393,1,9,0.111,29,37,0.784,14,30,44,21,1,4,10,17,
21988,1610612742,DAL,Dallas Mavericks,0028800177,1988-12-02,DAL vs. NYK,L,240,101,42,83,0.506,1,9,0.111,16,24,0.667,14,37,51,25,7,8,22,21,
21988,1610612742,DAL,Dallas Mavericks,0028800162,1988-11-30,DAL vs. HOU,L,240,89,35,78,0.449,0,5,0.0,19,23,0.826,8,32,40,15,2,11,18,24,
21988,1610612742,DAL,Dallas Mavericks,0028800145,1988-11-26,DAL vs. UTH,W,240,113,43,85,0.506,5,9,0.556,22,31,0.71,12,33,45,30,5,9,9,22,
21988,1610612742,DAL,Dallas Mavericks,0028800127,1988-11-25,DAL vs. ATL,W,240,100,37,78,0.474,1,6,0.167,25,28,0.893,12,33,45,23,4,3,13,18,
21988,1610612742,DAL,Dallas Mavericks,0028800120,1988-11-23,DAL vs. DEN,W,240,125,52,83,0.627,1,5,0.2,20,23,0.87,11,42,53,32,6,6,20,20,
21988,1610612742,DAL,Dallas Mavericks,0028800104,1988-11-19,DAL @ SEA,W,240,112,37,78,0.474,2,7,0.286,36,44,0.818,10,28,38,16,5,5,13,18,
21988,1610612742,DAL,Dallas Mavericks,0028800084,1988-11-17,DAL vs. CHH,W,240,105,42,82,0.512,1,2,0.5,20,28,0.714,10,35,45,24,3,10,15,22,
21988,1610612742,DAL,Dallas Mavericks,0028800072,1988-11-15,DAL vs. DET,L,240,99,38,92,0.413,3,11,0.273,20,24,0.833,10,23,33,17,7,4,9,24,
21988,1610612742,DAL,Dallas Mavericks,0028800055,1988-11-12,DAL vs. SAC,W,240,111,43,92,0.467,1,4,0.25,24,31,0.774,17,49,66,24,7,12,12,19,
21988,1610612742,DAL,Dallas Mavericks,0028800044,1988-11-11,DAL vs. SAN,W,240,115,41,81,0.506,3,6,0.5,30,34,0.882,14,26,40,29,7,7,17,22,
21988,1610612742,DAL,Dallas Mavericks,0028800038,1988-11-09,DAL @ PHX,L,240,103,41,89,0.461,0,4,0.0,21,25,0.84,17,27,44,20,6,4,19,22,
21988,1610612742,DAL,Dallas Mavericks,0028800027,1988-11-08,DAL vs. MIA,W,240,92,33,74,0.446,1,2,0.5,25,28,0.893,12,32,44,18,5,10,19,26,
21988,1610612742,DAL,Dallas Mavericks,0028800016,1988-11-05,DAL @ HOU,W,265,114,46,102,0.451,3,9,0.333,19,21,0.905,14,29,43,24,5,5,20,28,
21988,1610612742,DAL,Dallas Mavericks,0028800002,1988-11-04,DAL vs. LAL,L,240,113,42,92,0.457,3,8,0.375,26,28,0.929,19,22,41,22,13,0,16,26,
41987,1610612742,DAL,Dallas Mavericks,0048700073,1988-06-04,DAL @ LAL,L,240,102,42,90,0.467,1,8,0.125,17,23,0.739,20,16,36,25,7,2,12,18,
41987,1610612742,DAL,Dallas Mavericks,0048700071,1988-06-02,DAL vs. LAL,W,240,105,39,81,0.481,2,6,0.333,25,33,0.758,18,29,47,19,10,5,11,20,
41987,1610612742,DAL,Dallas Mavericks,0048700069,1988-05-31,DAL @ LAL,L,240,102,41,97,0.423,1,9,0.111,19,26,0.731,22,18,40,21,8,4,8,20,
41987,1610612742,DAL,Dallas Mavericks,0048700067,1988-05-29,DAL vs. LAL,W,240,118,50,91,0.549,5,10,0.5,13,16,0.813,18,27,45,28,6,6,9,21,
41987,1610612742,DAL,Dallas Mavericks,0048700065,1988-05-27,DAL vs. LAL,W,240,106,42,93,0.452,2,6,0.333,20,24,0.833,25,27,52,26,6,7,14,20,
41987,1610612742,DAL,Dallas Mavericks,0048700062,1988-05-25,DAL @ LAL,L,240,101,45,89,0.506,2,3,0.667,9,12,0.75,16,20,36,25,13,2,18,23,
41987,1610612742,DAL,Dallas Mavericks,0048700061,1988-05-23,DAL @ LAL,L,240,98,43,83,0.518,2,6,0.333,10,16,0.625,14,25,39,26,4,4,14,16,
41987,1610612742,DAL,Dallas Mavericks,0048700057,1988-05-19,DAL vs. DEN,W,240,108,43,83,0.518,1,4,0.25,21,25,0.84,11,41,52,26,7,9,14,18,
41987,1610612742,DAL,Dallas Mavericks,0048700052,1988-05-17,DAL @ DEN,W,240,110,43,87,0.494,1,4,0.25,23,31,0.742,12,33,45,18,6,8,12,21,
41987,1610612742,DAL,Dallas Mavericks,0048700049,1988-05-15,DAL vs. DEN,W,240,124,53,97,0.546,0,2,0.0,18,22,0.818,20,34,54,36,9,5,15,21,
41987,1610612742,DAL,Dallas Mavericks,0048700045,1988-05-14,DAL vs. DEN,L,240,105,39,78,0.5,1,4,0.25,26,39,0.667,16,35,51,22,7,5,19,15,
41987,1610612742,DAL,Dallas Mavericks,0048700041,1988-05-12,DAL @ DEN,W,240,112,41,75,0.547,0,2,0.0,30,40,0.75,11,35,46,24,3,4,20,24,
41987,1610612742,DAL,Dallas Mavericks,0048700039,1988-05-10,DAL @ DEN,L,240,115,41,92,0.446,1,6,0.167,32,43,0.744,20,27,47,16,4,2,17,24,
41987,1610612742,DAL,Dallas Mavericks,0048700026,1988-05-05,DAL @ HOU,W,240,107,39,84,0.464,3,5,0.6,26,27,0.963,13,23,36,23,13,2,16,21,
41987,1610612742,DAL,Dallas Mavericks,0048700021,1988-05-03,DAL @ HOU,W,240,93,41,80,0.513,0,1,0.0,11,17,0.647,15,31,46,20,9,5,20,17,
41987,1610612742,DAL,Dallas Mavericks,0048700011,1988-04-30,DAL vs. HOU,L,240,108,43,86,0.5,2,13,0.154,20,29,0.69,12,32,44,25,6,9,13,28,
41987,1610612742,DAL,Dallas Mavericks,0048700001,1988-04-28,DAL vs. HOU,W,240,120,45,87,0.517,1,4,0.25,29,39,0.744,16,29,45,31,8,8,12,26,
21987,1610612742,DAL,Dallas Mavericks,0028700943,1988-04-24,DAL @ SAN,W,240,119,49,83,0.59,5,8,0.625,16,19,0.842,13,27,40,25,12,3,21,23,
21987,1610612742,DAL,Dallas Mavericks,0028700922,1988-04-22,DAL vs. SAN,W,240,127,51,103,0.495,1,3,0.333,24,29,0.828,26,34,60,32,7,11,9,26,
21987,1610612742,DAL,Dallas Mavericks,0028700913,1988-04-20,DAL vs. LAL,L,240,107,40,93,0.43,3,11,0.273,24,26,0.923,17,18,35,23,9,3,7,18,
21987,1610612742,DAL,Dallas Mavericks,0028700903,1988-04-19,DAL @ HOU,W,240,104,38,86,0.442,1,2,0.5,27,29,0.931,15,34,49,15,12,7,18,26,
21987,1610612742,DAL,Dallas Mavericks,0028700897,1988-04-17,DAL @ DEN,L,240,122,42,88,0.477,0,4,0.0,38,47,0.809,14,34,48,16,5,3,10,24,
21987,1610612742,DAL,Dallas Mavericks,0028700889,1988-04-15,DAL @ SEA,L,240,88,33,76,0.434,1,7,0.143,21,26,0.808,15,20,35,16,9,3,25,18,
21987,1610612742,DAL,Dallas Mavericks,0028700876,1988-04-13,DAL @ GOS,L,240,110,37,88,0.42,3,9,0.333,33,38,0.868,25,24,49,17,9,2,18,20,
21987,1610612742,DAL,Dallas Mavericks,0028700866,1988-04-12,DAL @ SAC,W,240,104,40,85,0.471,0,1,0.0,24,35,0.686,17,32,49,23,11,7,13,20,
21987,1610612742,DAL,Dallas Mavericks,0028700851,1988-04-09,DAL vs. DEN,W,240,135,51,89,0.573,5,6,0.833,28,33,0.848,15,39,54,32,7,9,16,18,
21987,1610612742,DAL,Dallas Mavericks,0028700842,1988-04-08,DAL vs. UTH,W,240,118,41,84,0.488,1,3,0.333,35,44,0.795,23,37,60,23,12,10,23,24,
21987,1610612742,DAL,Dallas Mavericks,0028700830,1988-04-06,DAL vs. PHX,W,240,119,49,83,0.59,0,3,0.0,21,27,0.778,8,28,36,33,5,5,9,13,
21987,1610612742,DAL,Dallas Mavericks,0028700818,1988-04-03,DAL @ BOS,L,240,101,42,86,0.488,0,2,0.0,17,23,0.739,19,24,43,22,11,3,19,15,
21987,1610612742,DAL,Dallas Mavericks,0028700804,1988-04-01,DAL @ WAS,L,240,103,42,90,0.467,0,3,0.0,19,27,0.704,20,26,46,20,7,8,12,26,
21987,1610612742,DAL,Dallas Mavericks,0028700789,1988-03-29,DAL @ ATL,L,240,106,43,87,0.494,3,7,0.429,17,22,0.773,13,30,43,26,12,3,18,18,
21987,1610612742,DAL,Dallas Mavericks,0028700781,1988-03-28,DAL @ NYK,L,240,106,36,83,0.434,2,6,0.333,32,34,0.941,15,26,41,24,10,4,15,21,
21987,1610612742,DAL,Dallas Mavericks,0028700776,1988-03-26,DAL vs. SAN,W,240,131,58,97,0.598,1,5,0.2,14,19,0.737,15,27,42,40,11,8,17,19,
21987,1610612742,DAL,Dallas Mavericks,0028700768,1988-03-25,DAL vs. POR,W,240,106,39,82,0.476,0,6,0.0,28,39,0.718,15,32,47,25,8,6,17,18,
21987,1610612742,DAL,Dallas Mavericks,0028700747,1988-03-22,DAL vs. NYK,W,240,124,44,76,0.579,2,6,0.333,34,48,0.708,10,39,49,30,5,6,16,19,
21987,1610612742,DAL,Dallas Mavericks,0028700735,1988-03-20,DAL @ POR,L,240,99,34,78,0.436,0,5,0.0,31,37,0.838,18,25,43,10,3,2,15,18,
21987,1610612742,DAL,Dallas Mavericks,0028700726,1988-03-18,DAL @ LAC,W,240,106,33,77,0.429,2,5,0.4,38,48,0.792,14,36,50,23,10,5,20,25,
21987,1610612742,DAL,Dallas Mavericks,0028700716,1988-03-16,DAL @ UTH,L,240,105,37,85,0.435,2,8,0.25,29,35,0.829,11,30,41,26,6,3,13,19,
21987,1610612742,DAL,Dallas Mavericks,0028700701,1988-03-14,DAL vs. GOS,W,240,121,43,91,0.473,1,10,0.1,34,40,0.85,26,33,59,26,11,5,22,21,
21987,1610612742,DAL,Dallas Mavericks,0028700688,1988-03-12,DAL @ LAL,W,240,110,46,95,0.484,1,10,0.1,17,18,0.944,18,31,49,26,9,3,11,18,
21987,1610612742,DAL,Dallas Mavericks,0028700669,1988-03-08,DAL vs. POR,L,240,110,43,86,0.5,2,9,0.222,22,30,0.733,13,25,38,26,8,8,14,24,
21987,1610612742,DAL,Dallas Mavericks,0028700659,1988-03-06,DAL vs. LAL,L,240,97,40,90,0.444,3,9,0.333,14,19,0.737,13,27,40,25,7,5,11,19,
21987,1610612742,DAL,Dallas Mavericks,0028700645,1988-03-04,DAL vs. HOU,W,240,118,41,85,0.482,1,7,0.143,35,41,0.854,18,36,54,22,7,3,12,22,
21987,1610612742,DAL,Dallas Mavericks,0028700633,1988-03-02,DAL vs. SAC,W,240,115,49,105,0.467,4,8,0.5,13,19,0.684,28,34,62,37,13,10,12,19,
21987,1610612742,DAL,Dallas Mavericks,0028700624,1988-02-29,DAL vs. DEN,W,240,123,48,89,0.539,2,7,0.286,25,31,0.806,17,48,65,31,4,4,17,25,
21987,1610612742,DAL,Dallas Mavericks,0028700610,1988-02-27,DAL vs. PHL,W,240,100,39,83,0.47,3,5,0.6,19,26,0.731,17,32,49,23,8,9,13,20,
21987,1610612742,DAL,Dallas Mavericks,0028700599,1988-02-25,DAL @ HOU,W,240,108,45,96,0.469,3,8,0.375,15,18,0.833,12,32,44,25,10,4,8,26,
21987,1610612742,DAL,Dallas Mavericks,0028700591,1988-02-24,DAL vs. CLE,W,240,93,38,84,0.452,0,4,0.0,17,20,0.85,16,27,43,18,5,13,14,17,
21987,1610612742,DAL,Dallas Mavericks,0028700581,1988-02-22,DAL vs. PHX,W,240,114,47,92,0.511,1,11,0.091,19,29,0.655,18,33,51,27,4,3,11,16,
21987,1610612742,DAL,Dallas Mavericks,0028700564,1988-02-19,DAL vs. GOS,W,240,113,40,85,0.471,0,6,0.0,33,42,0.786,18,30,48,31,12,8,20,17,
21987,1610612742,DAL,Dallas Mavericks,0028700551,1988-02-17,DAL vs. WAS,W,240,123,48,98,0.49,2,6,0.333,25,31,0.806,24,27,51,24,8,5,18,18,
21987,1610612742,DAL,Dallas Mavericks,0028700538,1988-02-15,DAL @ SEA,W,265,128,45,80,0.563,4,7,0.571,34,46,0.739,13,28,41,20,6,3,15,30,
21987,1610612742,DAL,Dallas Mavericks,0028700534,1988-02-14,DAL @ LAC,W,240,110,42,98,0.429,1,6,0.167,25,31,0.806,19,24,43,25,15,5,14,22,
21987,1610612742,DAL,Dallas Mavericks,0028700523,1988-02-12,DAL vs. BOS,L,240,104,40,93,0.43,3,10,0.3,21,26,0.808,18,33,51,21,4,4,10,16,
21987,1610612742,DAL,Dallas Mavericks,0028700510,1988-02-10,DAL @ UTH,L,240,80,28,80,0.35,4,11,0.364,20,27,0.741,16,34,50,18,5,6,18,21,
21987,1610612742,DAL,Dallas Mavericks,0028700498,1988-02-09,DAL vs. UTH,W,240,124,50,95,0.526,4,6,0.667,20,25,0.8,15,32,47,29,8,5,12,18,
21987,1610612742,DAL,Dallas Mavericks,0028700487,1988-02-04,DAL @ SAC,L,240,101,37,94,0.394,0,4,0.0,27,32,0.844,23,29,52,20,5,6,15,18,
21987,1610612742,DAL,Dallas Mavericks,0028700485,1988-02-03,DAL @ DEN,L,240,105,45,104,0.433,1,9,0.111,14,21,0.667,23,38,61,21,4,4,20,20,
21987,1610612742,DAL,Dallas Mavericks,0028700473,1988-02-01,DAL vs. NJN,L,240,103,38,87,0.437,3,9,0.333,24,34,0.706,19,29,48,28,9,8,18,27,
21987,1610612742,DAL,Dallas Mavericks,0028700466,1988-01-30,DAL vs. HOU,L,240,92,29,83,0.349,5,9,0.556,29,35,0.829,21,29,50,20,8,4,16,22,
21987,1610612742,DAL,Dallas Mavericks,0028700459,1988-01-29,DAL vs. SEA,W,240,117,39,76,0.513,5,11,0.455,34,40,0.85,13,37,50,23,3,5,16,18,
21987,1610612742,DAL,Dallas Mavericks,0028700448,1988-01-27,DAL @ PHX,W,240,121,43,95,0.453,6,15,0.4,29,35,0.829,13,32,45,30,5,4,8,20,
21987,1610612742,DAL,Dallas Mavericks,0028700437,1988-01-26,DAL vs. SAN,W,240,128,51,88,0.58,2,7,0.286,24,31,0.774,10,32,42,36,6,3,15,23,
21987,1610612742,DAL,Dallas Mavericks,0028700426,1988-01-23,DAL vs. MIL,W,240,113,41,84,0.488,5,8,0.625,26,33,0.788,10,36,46,29,3,9,10,23,
21987,1610612742,DAL,Dallas Mavericks,0028700422,1988-01-22,DAL vs. LAC,W,240,110,47,92,0.511,1,7,0.143,15,16,0.938,17,32,49,28,11,0,12,16,
21987,1610612742,DAL,Dallas Mavericks,0028700401,1988-01-19,DAL @ POR,W,240,120,42,87,0.483,1,5,0.2,35,43,0.814,14,31,45,25,7,4,23,29,
21987,1610612742,DAL,Dallas Mavericks,0028700393,1988-01-18,DAL @ LAC,W,240,99,41,81,0.506,0,5,0.0,17,22,0.773,18,29,47,26,14,4,22,23,
21987,1610612742,DAL,Dallas Mavericks,0028700383,1988-01-16,DAL vs. ATL,L,240,98,33,67,0.493,4,12,0.333,28,35,0.8,7,24,31,22,3,7,15,18,
21987,1610612742,DAL,Dallas Mavericks,0028700366,1988-01-13,DAL vs. IND,W,240,110,44,99,0.444,4,7,0.571,18,25,0.72,25,27,52,23,8,8,12,17,
21987,1610612742,DAL,Dallas Mavericks,0028700346,1988-01-09,DAL @ GOS,W,240,115,42,88,0.477,2,3,0.667,29,37,0.784,14,39,53,15,6,6,15,21,
21987,1610612742,DAL,Dallas Mavericks,0028700335,1988-01-07,DAL @ PHX,W,240,105,44,87,0.506,0,3,0.0,17,22,0.773,15,33,48,21,8,3,14,23,
21987,1610612742,DAL,Dallas Mavericks,0028700331,1988-01-06,DAL @ LAL,L,240,89,39,82,0.476,3,7,0.429,8,12,0.667,13,27,40,29,7,4,17,23,
21987,1610612742,DAL,Dallas Mavericks,0028700318,1988-01-04,DAL @ HOU,L,240,107,43,88,0.489,0,9,0.0,21,28,0.75,21,25,46,18,6,2,20,19,
21987,1610612742,DAL,Dallas Mavericks,0028700306,1988-01-02,DAL @ SAN,W,240,116,47,92,0.511,3,5,0.6,19,24,0.792,18,25,43,29,9,8,15,19,
21987,1610612742,DAL,Dallas Mavericks,0028700292,1987-12-29,DAL vs. SAC,W,240,126,51,94,0.543,2,7,0.286,22,29,0.759,16,24,40,35,10,10,8,28,
21987,1610612742,DAL,Dallas Mavericks,0028700271,1987-12-26,DAL vs. HOU,W,240,105,37,88,0.42,2,4,0.5,29,35,0.829,20,33,53,18,3,6,18,22,
21987,1610612742,DAL,Dallas Mavericks,0028700268,1987-12-23,DAL @ IND,W,240,110,40,86,0.465,1,6,0.167,29,35,0.829,19,31,50,18,5,3,12,17,
21987,1610612742,DAL,Dallas Mavericks,0028700260,1987-12-22,DAL @ CHI,W,240,111,42,84,0.5,3,5,0.6,24,34,0.706,15,32,47,31,12,2,16,24,
21987,1610612742,DAL,Dallas Mavericks,0028700242,1987-12-19,DAL @ PHL,L,240,90,35,85,0.412,0,7,0.0,20,26,0.769,12,30,42,25,7,4,12,20,
21987,1610612742,DAL,Dallas Mavericks,0028700239,1987-12-18,DAL @ DET,L,240,112,41,88,0.466,6,9,0.667,24,32,0.75,13,31,44,25,9,4,8,31,
21987,1610612742,DAL,Dallas Mavericks,0028700227,1987-12-16,DAL @ NJN,W,265,109,44,97,0.454,4,9,0.444,17,19,0.895,16,28,44,17,10,6,18,17,
21987,1610612742,DAL,Dallas Mavericks,0028700221,1987-12-15,DAL @ CLE,L,240,93,36,97,0.371,1,12,0.083,20,26,0.769,20,26,46,20,6,3,9,25,
21987,1610612742,DAL,Dallas Mavericks,0028700211,1987-12-13,DAL @ MIL,W,240,113,40,81,0.494,0,5,0.0,33,38,0.868,13,31,44,21,3,3,13,15,
21987,1610612742,DAL,Dallas Mavericks,0028700201,1987-12-11,DAL vs. PHX,W,265,108,38,95,0.4,0,5,0.0,32,42,0.762,23,38,61,20,7,6,14,27,
21987,1610612742,DAL,Dallas Mavericks,0028700186,1987-12-09,DAL vs. SAC,W,240,125,50,92,0.543,3,5,0.6,22,27,0.815,19,27,46,31,13,7,16,17,
21987,1610612742,DAL,Dallas Mavericks,0028700171,1987-12-05,DAL vs. DEN,W,240,109,41,82,0.5,1,1,1.0,26,34,0.765,18,38,56,27,12,8,29,22,
21987,1610612742,DAL,Dallas Mavericks,0028700159,1987-12-04,DAL vs. GOS,W,240,116,41,91,0.451,1,5,0.2,33,35,0.943,18,35,53,20,3,5,11,21,
21987,1610612742,DAL,Dallas Mavericks,0028700130,1987-11-28,DAL @ DEN,L,240,98,36,78,0.462,2,3,0.667,24,35,0.686,14,34,48,20,6,8,20,26,
21987,1610612742,DAL,Dallas Mavericks,0028700126,1987-11-27,DAL vs. CHI,W,240,94,39,81,0.481,1,6,0.167,15,22,0.682,9,30,39,28,3,7,9,16,
21987,1610612742,DAL,Dallas Mavericks,0028700117,1987-11-25,DAL vs. DET,W,240,113,44,85,0.518,2,6,0.333,23,28,0.821,12,34,46,29,4,9,17,23,
21987,1610612742,DAL,Dallas Mavericks,0028700098,1987-11-21,DAL @ SAC,W,240,103,41,87,0.471,0,1,0.0,21,26,0.808,12,36,48,10,9,8,12,27,
21987,1610612742,DAL,Dallas Mavericks,0028700091,1987-11-20,DAL @ LAL,L,240,116,49,90,0.544,1,5,0.2,17,22,0.773,11,23,34,35,12,4,14,20,
21987,1610612742,DAL,Dallas Mavericks,0028700080,1987-11-18,DAL vs. LAC,W,240,97,40,95,0.421,2,11,0.182,15,19,0.789,22,32,54,24,10,5,16,16,
21987,1610612742,DAL,Dallas Mavericks,0028700053,1987-11-14,DAL vs. POR,W,240,127,46,102,0.451,2,7,0.286,33,44,0.75,23,28,51,24,9,9,6,24,
21987,1610612742,DAL,Dallas Mavericks,0028700047,1987-11-13,DAL vs. SEA,L,240,95,35,66,0.53,0,4,0.0,25,32,0.781,8,19,27,17,6,2,17,23,
21987,1610612742,DAL,Dallas Mavericks,0028700038,1987-11-11,DAL @ UTH,L,240,92,35,85,0.412,1,5,0.2,21,30,0.7,16,29,45,17,9,3,20,31,
21987,1610612742,DAL,Dallas Mavericks,0028700024,1987-11-10,DAL @ SEA,W,240,117,43,73,0.589,2,4,0.5,29,41,0.707,7,27,34,30,11,4,20,18,
21987,1610612742,DAL,Dallas Mavericks,0028700017,1987-11-07,DAL @ SAN,L,240,106,40,96,0.417,0,3,0.0,26,31,0.839,14,25,39,24,10,10,17,21,
21987,1610612742,DAL,Dallas Mavericks,0028700002,1987-11-06,DAL vs. UTH,W,240,95,33,95,0.347,1,6,0.167,28,39,0.718,20,32,52,20,9,7,14,27,
41986,1610612742,DAL,Dallas Mavericks,0048600025,1987-04-30,DAL @ SEA,L,240,98,39,105,0.371,0,7,0.0,20,25,0.8,26,25,51,16,5,1,15,24,
41986,1610612742,DAL,Dallas Mavericks,0048600019,1987-04-28,DAL @ SEA,L,240,107,38,81,0.469,1,9,0.111,30,42,0.714,11,24,35,16,8,2,12,32,
41986,1610612742,DAL,Dallas Mavericks,0048600010,1987-04-25,DAL vs. SEA,L,240,110,39,71,0.549,1,6,0.167,31,39,0.795,9,30,39,20,5,6,18,19,
41986,1610612742,DAL,Dallas Mavericks,0048600003,1987-04-23,DAL vs. SEA,W,240,151,59,99,0.596,0,3,0.0,33,46,0.717,15,39,54,36,9,8,13,24,
21986,1610612742,DAL,Dallas Mavericks,0028600938,1987-04-18,DAL vs. SAC,W,240,125,54,102,0.529,0,5,0.0,17,24,0.708,19,26,45,32,15,7,20,21,
21986,1610612742,DAL,Dallas Mavericks,0028600928,1987-04-17,DAL @ HOU,L,240,99,40,80,0.5,1,6,0.167,18,28,0.643,10,20,30,21,9,6,15,14,
21986,1610612742,DAL,Dallas Mavericks,0028600913,1987-04-15,DAL vs. HOU,W,240,113,44,81,0.543,2,10,0.2,23,28,0.821,11,37,48,22,10,6,18,29,
21986,1610612742,DAL,Dallas Mavericks,0028600894,1987-04-11,DAL @ LAC,W,240,129,50,87,0.575,1,3,0.333,28,39,0.718,19,32,51,25,7,12,9,25,
21986,1610612742,DAL,Dallas Mavericks,0028600881,1987-04-09,DAL @ GOS,W,240,125,52,84,0.619,3,7,0.429,18,25,0.72,11,30,41,22,5,4,13,28,
21986,1610612742,DAL,Dallas Mavericks,0028600875,1987-04-08,DAL @ UTH,L,240,90,33,87,0.379,4,12,0.333,20,24,0.833,20,36,56,16,4,2,20,25,
21986,1610612742,DAL,Dallas Mavericks,0028600861,1987-04-06,DAL @ PHX,L,265,110,41,104,0.394,2,11,0.182,26,33,0.788,18,31,49,23,7,9,12,20,
21986,1610612742,DAL,Dallas Mavericks,0028600855,1987-04-04,DAL vs. UTH,W,240,121,42,91,0.462,10,15,0.667,27,30,0.9,14,36,50,32,5,7,13,16,
21986,1610612742,DAL,Dallas Mavericks,0028600846,1987-04-03,DAL vs. GOS,W,240,136,47,92,0.511,7,15,0.467,35,43,0.814,23,26,49,27,14,4,12,25,
21986,1610612742,DAL,Dallas Mavericks,0028600823,1987-03-31,DAL vs. LAC,W,240,118,47,97,0.485,2,10,0.2,22,34,0.647,20,29,49,29,12,4,11,19,
21986,1610612742,DAL,Dallas Mavericks,0028600820,1987-03-29,DAL @ CLE,W,240,101,43,99,0.434,0,1,0.0,15,19,0.789,18,28,46,18,10,1,14,22,
21986,1610612742,DAL,Dallas Mavericks,0028600810,1987-03-28,DAL @ WAS,W,240,114,46,84,0.548,3,7,0.429,19,25,0.76,11,27,38,25,9,3,15,23,
21986,1610612742,DAL,Dallas Mavericks,0028600798,1987-03-26,DAL @ ATL,L,240,112,43,88,0.489,3,8,0.375,23,29,0.793,15,25,40,20,8,3,15,23,
21986,1610612742,DAL,Dallas Mavericks,0028600792,1987-03-24,DAL @ NJN,W,240,119,37,82,0.451,4,7,0.571,41,43,0.953,8,32,40,18,6,5,7,23,
21986,1610612742,DAL,Dallas Mavericks,0028600780,1987-03-23,DAL @ PHL,W,240,103,39,73,0.534,1,3,0.333,24,32,0.75,8,28,36,22,4,3,9,18,
21986,1610612742,DAL,Dallas Mavericks,0028600768,1987-03-21,DAL vs. DET,W,240,122,44,98,0.449,3,4,0.75,31,42,0.738,24,23,47,28,8,6,9,20,
21986,1610612742,DAL,Dallas Mavericks,0028600759,1987-03-19,DAL @ SAC,W,240,105,44,91,0.484,3,9,0.333,14,17,0.824,8,24,32,31,6,7,11,21,
21986,1610612742,DAL,Dallas Mavericks,0028600744,1987-03-17,DAL vs. CHI,W,240,114,45,90,0.5,2,6,0.333,22,27,0.815,14,28,42,21,7,9,10,13,
21986,1610612742,DAL,Dallas Mavericks,0028600725,1987-03-14,DAL vs. HOU,W,240,118,39,94,0.415,2,8,0.25,38,41,0.927,22,32,54,25,6,10,12,19,
21986,1610612742,DAL,Dallas Mavericks,0028600720,1987-03-13,DAL vs. ATL,L,240,105,40,88,0.455,1,13,0.077,24,34,0.706,17,21,38,25,6,3,11,29,
21986,1610612742,DAL,Dallas Mavericks,0028600709,1987-03-11,DAL vs. SEA,W,240,130,54,98,0.551,1,10,0.1,21,28,0.75,20,25,45,27,12,1,13,22,
21986,1610612742,DAL,Dallas Mavericks,0028600695,1987-03-08,DAL @ CHI,L,265,105,42,104,0.404,4,11,0.364,17,21,0.81,24,31,55,22,8,13,14,26,
21986,1610612742,DAL,Dallas Mavericks,0028600683,1987-03-06,DAL @ DET,L,240,115,40,98,0.408,5,13,0.385,30,33,0.909,18,30,48,21,11,8,12,32,
21986,1610612742,DAL,Dallas Mavericks,0028600672,1987-03-04,DAL vs. DEN,W,240,115,48,97,0.495,1,7,0.143,18,26,0.692,7,36,43,27,10,5,9,22,
21986,1610612742,DAL,Dallas Mavericks,0028600661,1987-03-02,DAL vs. PHX,W,240,135,46,87,0.529,3,7,0.429,40,45,0.889,12,32,44,28,9,5,10,23,
21986,1610612742,DAL,Dallas Mavericks,0028600647,1987-02-28,DAL @ SAN,L,240,98,36,89,0.404,2,8,0.25,24,35,0.686,13,20,33,22,5,4,18,18,
21986,1610612742,DAL,Dallas Mavericks,0028600643,1987-02-27,DAL vs. PHL,W,240,123,52,97,0.536,3,11,0.273,16,20,0.8,15,22,37,41,11,5,7,17,
21986,1610612742,DAL,Dallas Mavericks,0028600632,1987-02-25,DAL vs. SAC,W,240,108,44,91,0.484,2,4,0.5,18,23,0.783,16,36,52,30,4,6,17,18,
21986,1610612742,DAL,Dallas Mavericks,0028600616,1987-02-23,DAL @ GOS,W,240,121,44,79,0.557,6,8,0.75,27,29,0.931,11,32,43,27,6,2,19,20,
21986,1610612742,DAL,Dallas Mavericks,0028600604,1987-02-21,DAL vs. GOS,W,265,122,37,83,0.446,3,10,0.3,45,57,0.789,14,31,45,24,8,9,16,27,
21986,1610612742,DAL,Dallas Mavericks,0028600599,1987-02-20,DAL vs. SAN,W,240,122,47,89,0.528,5,16,0.313,23,30,0.767,16,42,58,31,5,7,12,16,
21986,1610612742,DAL,Dallas Mavericks,0028600589,1987-02-18,DAL vs. BOS,L,240,96,37,91,0.407,4,12,0.333,18,28,0.643,13,30,43,22,10,3,13,20,
21986,1610612742,DAL,Dallas Mavericks,0028600581,1987-02-16,DAL @ HOU,L,240,100,40,82,0.488,1,3,0.333,19,23,0.826,8,22,30,22,6,3,14,22,
21986,1610612742,DAL,Dallas Mavericks,0028600565,1987-02-14,DAL vs. LAC,W,240,138,52,93,0.559,4,12,0.333,30,45,0.667,16,44,60,33,11,7,14,23,
21986,1610612742,DAL,Dallas Mavericks,0028600554,1987-02-12,DAL @ SAC,L,240,125,46,96,0.479,7,15,0.467,26,36,0.722,15,23,38,13,14,4,12,28,
21986,1610612742,DAL,Dallas Mavericks,0028600546,1987-02-10,DAL vs. POR,W,240,135,48,101,0.475,2,5,0.4,37,43,0.86,22,30,52,27,9,8,11,23,
21986,1610612742,DAL,Dallas Mavericks,0028600527,1987-02-04,DAL vs. SEA,W,240,124,48,86,0.558,4,10,0.4,24,32,0.75,12,43,55,31,13,3,18,19,
21986,1610612742,DAL,Dallas Mavericks,0028600516,1987-02-02,DAL @ LAL,W,240,103,41,83,0.494,1,6,0.167,20,27,0.741,22,29,51,15,2,3,19,14,
21986,1610612742,DAL,Dallas Mavericks,0028600513,1987-02-01,DAL @ POR,L,240,117,43,89,0.483,3,12,0.25,28,33,0.848,12,28,40,22,2,3,18,31,
21986,1610612742,DAL,Dallas Mavericks,0028600496,1987-01-30,DAL vs. MIL,W,240,133,45,86,0.523,9,15,0.6,34,48,0.708,21,43,64,31,4,7,19,23,
21986,1610612742,DAL,Dallas Mavericks,0028600489,1987-01-29,DAL @ DEN,W,240,132,53,98,0.541,4,8,0.5,22,24,0.917,10,42,52,36,10,12,14,19,
21986,1610612742,DAL,Dallas Mavericks,0028600475,1987-01-27,DAL vs. WAS,L,240,113,48,102,0.471,5,10,0.5,12,15,0.8,22,29,51,20,8,4,12,20,
21986,1610612742,DAL,Dallas Mavericks,0028600461,1987-01-24,DAL vs. LAL,W,240,132,49,90,0.544,4,9,0.444,30,37,0.811,13,26,39,25,6,4,7,20,
21986,1610612742,DAL,Dallas Mavericks,0028600451,1987-01-21,DAL vs. NYK,W,240,113,43,91,0.473,3,9,0.333,24,32,0.75,18,35,53,26,12,4,16,23,
21986,1610612742,DAL,Dallas Mavericks,0028600428,1987-01-17,DAL @ IND,L,290,115,46,98,0.469,6,8,0.75,17,22,0.773,9,26,35,28,8,1,10,16,
21986,1610612742,DAL,Dallas Mavericks,0028600419,1987-01-16,DAL @ MIL,W,265,124,39,82,0.476,0,5,0.0,46,54,0.852,11,37,48,22,12,11,27,32,
21986,1610612742,DAL,Dallas Mavericks,0028600408,1987-01-14,DAL @ BOS,L,240,108,40,92,0.435,3,9,0.333,25,28,0.893,12,27,39,22,8,2,9,19,
21986,1610612742,DAL,Dallas Mavericks,0028600398,1987-01-13,DAL @ NYK,W,240,108,38,76,0.5,3,9,0.333,29,35,0.829,10,28,38,20,5,7,17,17,
21986,1610612742,DAL,Dallas Mavericks,0028600390,1987-01-10,DAL @ HOU,L,240,96,37,95,0.389,1,9,0.111,21,30,0.7,19,24,43,19,4,1,13,22,
21986,1610612742,DAL,Dallas Mavericks,0028600378,1987-01-09,DAL vs. DEN,L,240,113,41,91,0.451,5,12,0.417,26,28,0.929,16,37,53,16,5,4,22,30,
21986,1610612742,DAL,Dallas Mavericks,0028600367,1987-01-07,DAL vs. SAN,W,240,108,42,93,0.452,1,5,0.2,23,26,0.885,15,28,43,18,5,3,10,22,
21986,1610612742,DAL,Dallas Mavericks,0028600354,1987-01-05,DAL vs. IND,L,240,135,50,96,0.521,2,6,0.333,33,38,0.868,16,25,41,27,2,3,10,22,
21986,1610612742,DAL,Dallas Mavericks,0028600350,1987-01-03,DAL @ SAN,W,240,106,36,84,0.429,2,6,0.333,32,40,0.8,14,37,51,21,7,10,10,24,
21986,1610612742,DAL,Dallas Mavericks,0028600341,1987-01-02,DAL vs. SEA,W,240,117,41,81,0.506,4,11,0.364,31,39,0.795,13,37,50,21,7,7,21,29,
21986,1610612742,DAL,Dallas Mavericks,0028600310,1986-12-27,DAL vs. PHX,W,240,123,48,86,0.558,6,7,0.857,21,25,0.84,13,29,42,29,16,5,16,14,
21986,1610612742,DAL,Dallas Mavericks,0028600305,1986-12-26,DAL @ DEN,W,240,123,46,94,0.489,5,10,0.5,26,32,0.813,12,31,43,17,8,4,13,22,
21986,1610612742,DAL,Dallas Mavericks,0028600296,1986-12-23,DAL @ PHX,L,240,119,49,101,0.485,0,9,0.0,21,30,0.7,23,27,50,26,11,3,15,27,
21986,1610612742,DAL,Dallas Mavericks,0028600280,1986-12-20,DAL vs. LAL,W,240,130,46,90,0.511,1,6,0.167,37,43,0.86,11,29,40,25,12,2,12,25,
21986,1610612742,DAL,Dallas Mavericks,0028600272,1986-12-19,DAL vs. DEN,W,240,141,50,98,0.51,1,8,0.125,40,47,0.851,19,33,52,24,7,4,12,23,
21986,1610612742,DAL,Dallas Mavericks,0028600257,1986-12-16,DAL vs. SAN,W,240,101,40,84,0.476,1,5,0.2,20,27,0.741,9,30,39,22,11,9,13,13,
21986,1610612742,DAL,Dallas Mavericks,0028600246,1986-12-14,DAL @ POR,L,240,100,33,87,0.379,1,5,0.2,33,43,0.767,12,23,35,21,9,3,14,21,
21986,1610612742,DAL,Dallas Mavericks,0028600240,1986-12-13,DAL @ SEA,W,240,126,42,77,0.545,2,5,0.4,40,51,0.784,14,33,47,19,8,5,18,31,
21986,1610612742,DAL,Dallas Mavericks,0028600226,1986-12-11,DAL @ UTH,L,240,99,36,82,0.439,2,8,0.25,25,30,0.833,18,27,45,22,11,5,24,25,
21986,1610612742,DAL,Dallas Mavericks,0028600223,1986-12-10,DAL vs. POR,W,240,130,52,97,0.536,3,10,0.3,23,30,0.767,12,26,38,29,10,10,15,26,
21986,1610612742,DAL,Dallas Mavericks,0028600199,1986-12-06,DAL @ GOS,W,240,109,42,91,0.462,3,5,0.6,22,27,0.815,16,35,51,22,8,3,15,24,
21986,1610612742,DAL,Dallas Mavericks,0028600196,1986-12-05,DAL @ LAL,L,240,104,39,94,0.415,2,9,0.222,24,29,0.828,18,26,44,24,14,5,17,24,
21986,1610612742,DAL,Dallas Mavericks,0028600174,1986-12-02,DAL @ SAC,W,240,127,51,97,0.526,2,8,0.25,23,32,0.719,12,19,31,21,11,7,10,16,
21986,1610612742,DAL,Dallas Mavericks,0028600165,1986-11-29,DAL vs. UTH,W,240,118,45,92,0.489,4,7,0.571,24,32,0.75,22,30,52,27,5,7,16,22,
21986,1610612742,DAL,Dallas Mavericks,0028600158,1986-11-28,DAL vs. NJN,W,240,119,45,80,0.563,2,7,0.286,27,36,0.75,10,37,47,33,9,8,18,28,
21986,1610612742,DAL,Dallas Mavericks,0028600151,1986-11-26,DAL vs. SAC,W,240,129,44,98,0.449,1,3,0.333,40,44,0.909,15,28,43,28,11,8,4,20,
21986,1610612742,DAL,Dallas Mavericks,0028600122,1986-11-21,DAL @ PHX,W,265,130,48,95,0.505,1,7,0.143,33,45,0.733,16,33,49,25,11,3,13,20,
21986,1610612742,DAL,Dallas Mavericks,0028600111,1986-11-20,DAL @ LAC,W,240,113,44,80,0.55,5,7,0.714,20,27,0.741,8,22,30,26,7,7,14,12,
21986,1610612742,DAL,Dallas Mavericks,0028600100,1986-11-18,DAL vs. LAL,L,240,110,50,97,0.515,2,7,0.286,8,11,0.727,14,26,40,29,13,5,14,23,
21986,1610612742,DAL,Dallas Mavericks,0028600086,1986-11-15,DAL vs. CLE,W,240,111,46,112,0.411,2,8,0.25,17,20,0.85,23,28,51,26,17,2,17,21,
21986,1610612742,DAL,Dallas Mavericks,0028600082,1986-11-14,DAL @ DEN,L,240,138,48,89,0.539,5,10,0.5,37,47,0.787,12,32,44,27,2,6,18,31,
21986,1610612742,DAL,Dallas Mavericks,0028600073,1986-11-12,DAL vs. HOU,W,240,114,43,80,0.538,3,6,0.5,25,35,0.714,11,41,52,28,8,5,21,21,
21986,1610612742,DAL,Dallas Mavericks,0028600060,1986-11-11,DAL @ UTH,L,240,103,36,87,0.414,2,3,0.667,29,36,0.806,17,33,50,25,13,2,17,28,
21986,1610612742,DAL,Dallas Mavericks,0028600049,1986-11-07,DAL @ POR,L,265,113,41,96,0.427,1,5,0.2,30,38,0.789,20,33,53,25,6,2,23,35,
21986,1610612742,DAL,Dallas Mavericks,0028600040,1986-11-06,DAL @ SEA,W,240,147,47,78,0.603,2,4,0.5,51,58,0.879,8,33,41,28,11,3,23,32,
21986,1610612742,DAL,Dallas Mavericks,0028600030,1986-11-04,DAL vs. LAC,W,240,118,46,89,0.517,3,7,0.429,23,35,0.657,18,36,54,30,11,3,18,28,
21986,1610612742,DAL,Dallas Mavericks,0028600011,1986-11-01,DAL @ SAN,L,240,105,42,67,0.627,1,3,0.333,20,32,0.625,5,29,34,24,3,3,20,23,
21986,1610612742,DAL,Dallas Mavericks,0028600008,1986-10-31,DAL vs. UTH,W,240,103,32,76,0.421,2,3,0.667,37,47,0.787,16,44,60,14,7,5,22,31,
41985,1610612742,DAL,Dallas Mavericks,0048500226,1986-05-08,DAL vs. LAL,L,240,107,42,90,0.467,3,8,0.375,20,25,0.8,13,27,40,24,7,0,16,22,
41985,1610612742,DAL,Dallas Mavericks,0048500011,1986-05-06,DAL @ LAL,L,240,113,45,87,0.517,3,6,0.5,20,33,0.606,14,26,40,27,7,3,13,23,
41985,1610612742,DAL,Dallas Mavericks,0048500224,1986-05-04,DAL vs. LAL,W,240,120,52,87,0.598,5,5,1.0,11,14,0.786,7,21,28,36,4,4,13,18,
41985,1610612742,DAL,Dallas Mavericks,0048500223,1986-05-02,DAL vs. LAL,W,240,110,40,87,0.46,2,3,0.667,28,36,0.778,16,29,45,19,6,3,8,16,
41985,1610612742,DAL,Dallas Mavericks,0048500222,1986-04-30,DAL @ LAL,L,240,113,48,92,0.522,3,6,0.5,14,21,0.667,9,29,38,36,10,1,16,29,
41985,1610612742,DAL,Dallas Mavericks,0048500221,1986-04-27,DAL @ LAL,L,240,116,43,97,0.443,4,10,0.4,26,33,0.788,21,21,42,27,10,3,12,22,
41985,1610612742,DAL,Dallas Mavericks,0048500174,1986-04-25,DAL @ UTH,W,240,117,49,87,0.563,5,5,1.0,14,21,0.667,14,31,45,22,7,3,16,25,
41985,1610612742,DAL,Dallas Mavericks,0048500173,1986-04-23,DAL @ UTH,L,240,98,34,83,0.41,2,6,0.333,28,33,0.848,14,38,52,17,4,5,17,21,
41985,1610612742,DAL,Dallas Mavericks,0048500172,1986-04-20,DAL vs. UTH,W,240,113,37,82,0.451,2,5,0.4,37,43,0.86,16,27,43,21,5,3,11,24,
41985,1610612742,DAL,Dallas Mavericks,0048500003,1986-04-18,DAL vs. UTH,W,240,101,36,79,0.456,1,4,0.25,28,30,0.933,15,31,46,21,6,6,16,15,
21985,1610612742,DAL,Dallas Mavericks,0028500937,1986-04-13,DAL @ LAL,W,240,127,50,91,0.549,3,9,0.333,24,33,0.727,11,40,51,34,5,2,8,22,
21985,1610612742,DAL,Dallas Mavericks,0028500927,1986-04-12,DAL @ LAC,L,240,108,43,88,0.489,0,6,0.0,22,28,0.786,16,26,42,27,8,8,13,21,
21985,1610612742,DAL,Dallas Mavericks,0028500919,1986-04-10,DAL @ SEA,W,240,115,42,84,0.5,3,6,0.5,28,42,0.667,10,27,37,26,15,3,13,25,
21985,1610612742,DAL,Dallas Mavericks,0028500907,1986-04-08,DAL @ GOS,L,240,115,47,95,0.495,1,8,0.125,20,26,0.769,7,31,38,26,5,4,12,18,
21985,1610612742,DAL,Dallas Mavericks,0028500902,1986-04-07,DAL @ SAC,L,240,115,47,89,0.528,3,10,0.3,18,28,0.643,11,26,37,16,5,6,11,23,
21985,1610612742,DAL,Dallas Mavericks,0028500894,1986-04-05,DAL vs. SEA,L,240,109,47,88,0.534,2,6,0.333,13,18,0.722,15,27,42,27,3,10,12,19,
21985,1610612742,DAL,Dallas Mavericks,0028500880,1986-04-03,DAL vs. DEN,W,240,115,43,95,0.453,3,9,0.333,26,33,0.788,16,43,59,25,6,9,19,22,
21985,1610612742,DAL,Dallas Mavericks,0028500864,1986-04-01,DAL vs. PHX,W,240,128,49,90,0.544,5,9,0.556,25,35,0.714,18,36,54,32,7,3,11,20,
21985,1610612742,DAL,Dallas Mavericks,0028500861,1986-03-30,DAL @ PHL,L,240,113,48,93,0.516,2,8,0.25,15,24,0.625,17,31,48,23,10,3,19,23,
21985,1610612742,DAL,Dallas Mavericks,0028500841,1986-03-27,DAL @ NYK,W,240,110,40,80,0.5,6,10,0.6,24,29,0.828,11,40,51,26,2,7,18,21,
21985,1610612742,DAL,Dallas Mavericks,0028500837,1986-03-26,DAL @ WAS,L,240,112,43,95,0.453,4,7,0.571,22,28,0.786,14,26,40,19,13,3,17,19,
21985,1610612742,DAL,Dallas Mavericks,0028500825,1986-03-24,DAL @ IND,W,240,126,48,87,0.552,2,7,0.286,28,34,0.824,15,25,40,23,4,5,15,20,
21985,1610612742,DAL,Dallas Mavericks,0028500805,1986-03-21,DAL vs. ATL,L,240,103,40,87,0.46,2,5,0.4,21,32,0.656,19,27,46,24,3,3,14,18,
21985,1610612742,DAL,Dallas Mavericks,0028500800,1986-03-20,DAL @ UTH,W,240,114,45,81,0.556,2,3,0.667,22,32,0.688,11,28,39,24,7,10,15,20,
21985,1610612742,DAL,Dallas Mavericks,0028500789,1986-03-18,DAL vs. SAN,W,240,120,47,82,0.573,6,8,0.75,20,29,0.69,11,29,40,34,11,4,16,16,
21985,1610612742,DAL,Dallas Mavericks,0028500772,1986-03-15,DAL vs. UTH,W,240,108,47,89,0.528,1,3,0.333,13,21,0.619,17,31,48,25,8,6,16,28,
21985,1610612742,DAL,Dallas Mavericks,0028500767,1986-03-14,DAL vs. POR,W,240,129,51,89,0.573,2,8,0.25,25,34,0.735,11,27,38,33,12,4,12,16,
21985,1610612742,DAL,Dallas Mavericks,0028500754,1986-03-12,DAL vs. SAC,L,262,120,48,104,0.462,2,7,0.286,22,32,0.688,15,25,40,27,9,6,10,20,
21985,1610612742,DAL,Dallas Mavericks,0028500739,1986-03-10,DAL vs. BOS,W,240,116,38,81,0.469,3,9,0.333,37,44,0.841,5,31,36,23,6,1,8,20,
21985,1610612742,DAL,Dallas Mavericks,0028500731,1986-03-09,DAL @ SAC,W,240,117,45,82,0.549,1,3,0.333,26,32,0.813,10,34,44,26,3,3,20,15,
21985,1610612742,DAL,Dallas Mavericks,0028500724,1986-03-07,DAL @ POR,L,240,114,43,87,0.494,2,7,0.286,26,27,0.963,12,20,32,21,3,3,15,18,
21985,1610612742,DAL,Dallas Mavericks,0028500712,1986-03-06,DAL @ LAC,W,240,131,54,86,0.628,2,3,0.667,21,26,0.808,11,31,42,29,4,4,11,22,
21985,1610612742,DAL,Dallas Mavericks,0028500697,1986-03-03,DAL @ PHX,W,290,139,50,96,0.521,1,4,0.25,38,43,0.884,9,33,42,25,7,7,16,37,
21985,1610612742,DAL,Dallas Mavericks,0028500689,1986-03-01,DAL vs. GOS,W,240,119,46,81,0.568,3,6,0.5,24,28,0.857,9,31,40,28,8,11,18,19,
21985,1610612742,DAL,Dallas Mavericks,0028500676,1986-02-28,DAL vs. PHL,L,240,120,46,85,0.541,1,7,0.143,27,29,0.931,13,25,38,31,8,6,15,18,
21985,1610612742,DAL,Dallas Mavericks,0028500668,1986-02-26,DAL vs. LAL,L,240,116,47,90,0.522,2,7,0.286,20,24,0.833,13,21,34,26,11,2,10,19,
21985,1610612742,DAL,Dallas Mavericks,0028500655,1986-02-24,DAL @ HOU,L,240,105,47,94,0.5,0,4,0.0,11,12,0.917,14,30,44,27,10,2,15,18,
21985,1610612742,DAL,Dallas Mavericks,0028500642,1986-02-22,DAL @ DEN,L,240,106,44,97,0.454,1,10,0.1,17,19,0.895,16,32,48,23,7,4,19,22,
21985,1610612742,DAL,Dallas Mavericks,0028500637,1986-02-21,DAL vs. HOU,L,240,104,39,85,0.459,2,6,0.333,24,31,0.774,15,30,45,22,4,9,9,13,
21985,1610612742,DAL,Dallas Mavericks,0028500627,1986-02-19,DAL vs. MIL,L,240,107,39,86,0.453,2,9,0.222,27,36,0.75,8,30,38,22,5,2,9,20,
21985,1610612742,DAL,Dallas Mavericks,0028500614,1986-02-17,DAL @ NJN,W,240,126,37,70,0.529,1,4,0.25,51,58,0.879,6,24,30,16,11,7,18,20,
21985,1610612742,DAL,Dallas Mavericks,0028500604,1986-02-16,DAL @ CHI,W,240,120,51,93,0.548,1,3,0.333,17,25,0.68,11,23,34,28,5,3,9,18,
21985,1610612742,DAL,Dallas Mavericks,0028500595,1986-02-14,DAL @ DET,L,240,110,47,88,0.534,0,3,0.0,16,26,0.615,15,25,40,28,6,9,15,14,
21985,1610612742,DAL,Dallas Mavericks,0028500581,1986-02-12,DAL vs. DEN,W,240,117,43,79,0.544,2,3,0.667,29,32,0.906,15,27,42,29,4,2,18,22,
21985,1610612742,DAL,Dallas Mavericks,0028500576,1986-02-11,DAL @ SAN,W,240,121,48,86,0.558,1,4,0.25,24,31,0.774,14,26,40,32,10,4,12,24,
21985,1610612742,DAL,Dallas Mavericks,0028500567,1986-02-06,DAL @ POR,W,240,115,44,88,0.5,2,5,0.4,25,32,0.781,13,34,47,22,8,6,13,14,
21985,1610612742,DAL,Dallas Mavericks,0028500551,1986-02-04,DAL @ LAL,L,240,102,39,78,0.5,3,6,0.5,21,26,0.808,3,22,25,29,7,3,12,19,
21985,1610612742,DAL,Dallas Mavericks,0028500546,1986-02-02,DAL vs. UTH,W,240,100,36,80,0.45,3,5,0.6,25,30,0.833,12,31,43,26,6,0,15,20,
21985,1610612742,DAL,Dallas Mavericks,0028500534,1986-01-31,DAL vs. CLE,W,240,107,44,95,0.463,0,3,0.0,19,21,0.905,16,36,52,25,10,2,18,27,
21985,1610612742,DAL,Dallas Mavericks,0028500520,1986-01-29,DAL vs. SAN,W,240,126,42,79,0.532,4,9,0.444,38,41,0.927,8,30,38,28,7,4,16,25,
21985,1610612742,DAL,Dallas Mavericks,0028500507,1986-01-27,DAL vs. CHI,W,240,124,46,81,0.568,1,2,0.5,31,42,0.738,8,27,35,27,13,7,11,17,
21985,1610612742,DAL,Dallas Mavericks,0028500500,1986-01-25,DAL @ SAN,W,240,123,48,90,0.533,2,6,0.333,25,34,0.735,12,20,32,30,13,3,14,16,
21985,1610612742,DAL,Dallas Mavericks,0028500487,1986-01-24,DAL vs. DET,L,240,120,46,88,0.523,3,6,0.5,25,33,0.758,12,24,36,17,9,3,17,25,
21985,1610612742,DAL,Dallas Mavericks,0028500475,1986-01-22,DAL vs. LAC,L,240,118,47,98,0.48,2,5,0.4,22,31,0.71,13,24,37,26,8,3,16,30,
21985,1610612742,DAL,Dallas Mavericks,0028500473,1986-01-21,DAL @ SAC,L,240,110,45,95,0.474,0,5,0.0,20,25,0.8,16,27,43,28,8,8,20,21,
21985,1610612742,DAL,Dallas Mavericks,0028500461,1986-01-19,DAL vs. HOU,W,240,131,49,91,0.538,3,7,0.429,30,32,0.938,18,37,55,25,9,4,14,20,
21985,1610612742,DAL,Dallas Mavericks,0028500452,1986-01-17,DAL @ UTH,L,217,112,43,88,0.489,2,8,0.25,24,31,0.774,7,21,28,18,5,3,15,24,
21985,1610612742,DAL,Dallas Mavericks,0028500441,1986-01-15,DAL vs. NYK,L,240,112,34,77,0.442,0,3,0.0,44,51,0.863,12,32,44,20,7,3,17,18,
21985,1610612742,DAL,Dallas Mavericks,0028500424,1986-01-13,DAL @ SEA,W,240,90,35,78,0.449,2,4,0.5,18,28,0.643,14,36,50,21,4,4,25,18,
21985,1610612742,DAL,Dallas Mavericks,0028500419,1986-01-11,DAL vs. GOS,W,265,127,51,91,0.56,0,2,0.0,25,37,0.676,11,36,47,31,10,6,23,24,
21985,1610612742,DAL,Dallas Mavericks,0028500406,1986-01-10,DAL vs. PHX,W,240,117,47,89,0.528,0,1,0.0,23,32,0.719,11,38,49,33,12,3,19,19,
21985,1610612742,DAL,Dallas Mavericks,0028500391,1986-01-07,DAL @ DEN,L,240,110,38,96,0.396,3,12,0.25,31,43,0.721,15,31,46,22,8,7,18,26,
21985,1610612742,DAL,Dallas Mavericks,0028500377,1986-01-04,DAL vs. UTH,W,240,119,46,104,0.442,0,4,0.0,27,36,0.75,16,37,53,29,15,10,12,24,
21985,1610612742,DAL,Dallas Mavericks,0028500340,1985-12-27,DAL vs. POR,L,265,133,51,112,0.455,4,10,0.4,27,38,0.711,21,40,61,29,6,2,16,32,
21985,1610612742,DAL,Dallas Mavericks,0028500334,1985-12-26,DAL @ PHX,W,240,105,40,81,0.494,1,5,0.2,24,35,0.686,12,27,39,18,11,3,15,18,
21985,1610612742,DAL,Dallas Mavericks,0028500326,1985-12-22,DAL @ CLE,L,240,105,36,84,0.429,1,8,0.125,32,35,0.914,11,34,45,24,6,5,18,18,
21985,1610612742,DAL,Dallas Mavericks,0028500315,1985-12-21,DAL @ MIL,L,240,107,38,94,0.404,1,8,0.125,30,40,0.75,21,33,54,12,4,4,20,25,
21985,1610612742,DAL,Dallas Mavericks,0028500307,1985-12-19,DAL @ ATL,W,240,120,44,81,0.543,1,3,0.333,31,40,0.775,10,33,43,26,8,4,12,22,
21985,1610612742,DAL,Dallas Mavericks,0028500300,1985-12-18,DAL @ BOS,L,240,117,50,100,0.5,3,4,0.75,14,17,0.824,10,27,37,26,7,7,14,14,
21985,1610612742,DAL,Dallas Mavericks,0028500284,1985-12-14,DAL vs. DEN,W,240,127,48,88,0.545,1,5,0.2,30,38,0.789,16,44,60,30,5,7,18,17,
21985,1610612742,DAL,Dallas Mavericks,0028500267,1985-12-12,DAL @ HOU,L,240,120,45,82,0.549,1,5,0.2,29,35,0.829,9,37,46,23,5,3,22,24,
21985,1610612742,DAL,Dallas Mavericks,0028500252,1985-12-10,DAL @ LAC,L,240,118,44,88,0.5,3,4,0.75,27,32,0.844,14,29,43,24,6,4,21,24,
21985,1610612742,DAL,Dallas Mavericks,0028500249,1985-12-08,DAL @ LAL,L,240,119,51,94,0.543,2,3,0.667,15,24,0.625,12,30,42,34,2,4,12,13,
21985,1610612742,DAL,Dallas Mavericks,0028500246,1985-12-07,DAL vs. GOS,W,240,120,44,78,0.564,1,4,0.25,31,34,0.912,8,29,37,29,8,9,23,28,
21985,1610612742,DAL,Dallas Mavericks,0028500230,1985-12-05,DAL vs. SAN,L,240,116,42,87,0.483,3,6,0.5,29,36,0.806,17,28,45,26,4,6,19,18,
21985,1610612742,DAL,Dallas Mavericks,0028500216,1985-12-03,DAL @ GOS,W,240,107,45,85,0.529,0,1,0.0,17,22,0.773,12,33,45,26,5,5,17,20,
21985,1610612742,DAL,Dallas Mavericks,0028500208,1985-11-30,DAL vs. LAC,W,240,124,51,95,0.537,0,2,0.0,22,31,0.71,17,29,46,26,8,4,14,21,
21985,1610612742,DAL,Dallas Mavericks,0028500193,1985-11-29,DAL vs. SAC,W,240,133,52,89,0.584,1,4,0.25,28,34,0.824,11,33,44,41,8,6,18,24,
21985,1610612742,DAL,Dallas Mavericks,0028500174,1985-11-26,DAL vs. WAS,W,240,112,47,79,0.595,1,3,0.333,17,27,0.63,11,32,43,28,4,3,16,19,
21985,1610612742,DAL,Dallas Mavericks,0028500157,1985-11-23,DAL vs. IND,W,240,117,43,91,0.473,2,5,0.4,29,34,0.853,12,32,44,29,8,2,12,23,
21985,1610612742,DAL,Dallas Mavericks,0028500132,1985-11-19,DAL vs. PHX,W,240,123,43,83,0.518,0,1,0.0,37,47,0.787,12,26,38,17,9,3,14,19,
21985,1610612742,DAL,Dallas Mavericks,0028500123,1985-11-16,DAL @ HOU,L,240,117,48,91,0.527,2,7,0.286,19,29,0.655,8,21,29,34,2,1,12,24,
21985,1610612742,DAL,Dallas Mavericks,0028500115,1985-11-15,DAL vs. NJN,W,240,110,45,87,0.517,1,3,0.333,19,21,0.905,13,32,45,34,6,4,17,21,
21985,1610612742,DAL,Dallas Mavericks,0028500105,1985-11-13,DAL @ UTH,W,240,115,46,90,0.511,1,5,0.2,22,29,0.759,9,35,44,22,10,6,18,25,
21985,1610612742,DAL,Dallas Mavericks,0028500101,1985-11-12,DAL @ SEA,L,240,90,35,101,0.347,2,12,0.167,18,29,0.621,22,28,50,23,5,1,15,26,
21985,1610612742,DAL,Dallas Mavericks,0028500084,1985-11-09,DAL vs. HOU,L,240,110,40,92,0.435,1,6,0.167,29,40,0.725,22,22,44,23,17,3,19,26,
21985,1610612742,DAL,Dallas Mavericks,0028500071,1985-11-07,DAL @ DEN,L,240,99,34,104,0.327,1,3,0.333,30,45,0.667,28,32,60,17,9,1,21,22,
21985,1610612742,DAL,Dallas Mavericks,0028500066,1985-11-06,DAL vs. POR,L,240,109,42,83,0.506,1,1,1.0,24,31,0.774,9,35,44,30,9,2,17,29,
21985,1610612742,DAL,Dallas Mavericks,0028500055,1985-11-02,DAL vs. SAC,W,240,119,43,91,0.473,1,6,0.167,32,36,0.889,13,30,43,25,6,5,16,17,
21985,1610612742,DAL,Dallas Mavericks,0028500042,1985-11-01,DAL @ SAN,L,240,107,38,81,0.469,0,3,0.0,31,42,0.738,15,31,46,20,9,5,22,25,
21985,1610612742,DAL,Dallas Mavericks,0028500024,1985-10-29,DAL vs. LAL,L,240,115,43,99,0.434,1,4,0.25,28,35,0.8,11,20,31,29,8,2,12,20,
21985,1610612742,DAL,Dallas Mavericks,0028500017,1985-10-26,DAL vs. SEA,W,240,101,34,83,0.41,0,2,0.0,33,41,0.805,11,31,42,18,6,4,15,17,
41984,1610612742,DAL,Dallas Mavericks,0048400174,1985-04-25,DAL @ POR,L,240,113,32,68,0.471,1,4,0.25,48,55,0.873,12,25,37,24,4,1,17,27,
41984,1610612742,DAL,Dallas Mavericks,0048400173,1985-04-23,DAL @ POR,L,240,109,40,86,0.465,4,11,0.364,25,27,0.926,16,23,39,22,4,2,16,23,
41984,1610612742,DAL,Dallas Mavericks,0048400172,1985-04-20,DAL vs. POR,L,265,121,45,97,0.464,4,7,0.571,27,33,0.818,10,28,38,27,10,2,12,25,
41984,1610612742,DAL,Dallas Mavericks,0048400171,1985-04-18,DAL vs. POR,W,290,139,54,112,0.482,0,2,0.0,31,42,0.738,24,31,55,25,11,5,16,19,
21984,1610612742,DAL,Dallas Mavericks,0028400942,1985-04-14,DAL @ LAC,W,240,96,38,90,0.422,3,8,0.375,17,22,0.773,12,28,40,23,12,7,16,23,
21984,1610612742,DAL,Dallas Mavericks,0028400925,1985-04-12,DAL @ POR,L,240,111,44,94,0.468,1,4,0.25,22,34,0.647,17,29,46,28,2,6,16,31,
21984,1610612742,DAL,Dallas Mavericks,0028400919,1985-04-11,DAL @ SEA,W,240,124,56,104,0.538,2,6,0.333,10,15,0.667,17,38,55,35,8,8,11,12,
21984,1610612742,DAL,Dallas Mavericks,0028400910,1985-04-09,DAL @ KCK,L,240,105,42,88,0.477,3,9,0.333,18,31,0.581,14,22,36,24,5,7,17,28,
21984,1610612742,DAL,Dallas Mavericks,0028400893,1985-04-06,DAL vs. HOU,L,290,127,41,104,0.394,7,12,0.583,38,40,0.95,16,31,47,25,7,5,17,27,
21984,1610612742,DAL,Dallas Mavericks,0028400886,1985-04-05,DAL vs. LAC,L,265,122,47,97,0.485,1,5,0.2,27,30,0.9,12,26,38,28,8,3,13,27,
21984,1610612742,DAL,Dallas Mavericks,0028400871,1985-04-02,DAL @ GOS,W,240,127,47,89,0.528,1,4,0.25,32,34,0.941,7,30,37,28,13,3,15,20,
21984,1610612742,DAL,Dallas Mavericks,0028400844,1985-03-29,DAL @ LAL,L,240,115,51,96,0.531,1,5,0.2,12,21,0.571,12,28,40,33,4,4,11,17,
21984,1610612742,DAL,Dallas Mavericks,0028400838,1985-03-27,DAL @ UTH,L,240,101,43,92,0.467,3,13,0.231,12,14,0.857,14,32,46,29,7,3,20,31,
21984,1610612742,DAL,Dallas Mavericks,0028400824,1985-03-26,DAL vs. GOS,W,240,134,54,96,0.563,2,7,0.286,24,24,1.0,18,27,45,38,8,4,17,16,
21984,1610612742,DAL,Dallas Mavericks,0028400810,1985-03-23,DAL vs. CHI,L,240,97,38,82,0.463,1,9,0.111,20,24,0.833,11,19,30,21,4,2,13,24,
21984,1610612742,DAL,Dallas Mavericks,0028400809,1985-03-22,DAL @ SAN,W,240,123,42,90,0.467,0,3,0.0,39,44,0.886,19,38,57,27,3,6,12,24,
21984,1610612742,DAL,Dallas Mavericks,0028400789,1985-03-19,DAL vs. SAN,W,240,96,34,74,0.459,0,6,0.0,28,36,0.778,8,35,43,27,9,4,12,19,
21984,1610612742,DAL,Dallas Mavericks,0028400784,1985-03-18,DAL @ DEN,L,240,111,39,85,0.459,3,6,0.5,30,33,0.909,11,27,38,25,6,4,12,24,
21984,1610612742,DAL,Dallas Mavericks,0028400774,1985-03-16,DAL vs. CLE,L,265,128,50,103,0.485,1,6,0.167,27,35,0.771,17,28,45,34,10,4,9,25,
21984,1610612742,DAL,Dallas Mavericks,0028400764,1985-03-15,DAL vs. DEN,W,240,127,51,95,0.537,3,9,0.333,22,27,0.815,17,29,46,32,8,9,9,20,
21984,1610612742,DAL,Dallas Mavericks,0028400752,1985-03-13,DAL vs. KCK,W,240,118,50,81,0.617,2,5,0.4,16,22,0.727,9,33,42,34,4,5,16,27,
21984,1610612742,DAL,Dallas Mavericks,0028400735,1985-03-11,DAL vs. SEA,W,240,103,39,77,0.506,1,3,0.333,24,28,0.857,9,33,42,24,8,3,16,19,
21984,1610612742,DAL,Dallas Mavericks,0028400733,1985-03-10,DAL @ NJN,W,240,126,52,85,0.612,2,5,0.4,20,26,0.769,8,30,38,31,5,1,16,19,
21984,1610612742,DAL,Dallas Mavericks,0028400720,1985-03-08,DAL @ BOS,L,240,122,48,88,0.545,4,8,0.5,22,25,0.88,10,23,33,23,4,4,12,21,
21984,1610612742,DAL,Dallas Mavericks,0028400700,1985-03-05,DAL vs. IND,W,240,108,39,86,0.453,1,1,1.0,29,37,0.784,13,22,35,27,9,3,8,16,
21984,1610612742,DAL,Dallas Mavericks,0028400697,1985-03-04,DAL @ PHX,W,240,107,41,90,0.456,2,4,0.5,23,29,0.793,13,36,49,31,7,1,12,30,
21984,1610612742,DAL,Dallas Mavericks,0028400689,1985-03-02,DAL vs. LAL,L,240,106,41,102,0.402,2,11,0.182,22,27,0.815,22,23,45,23,11,3,16,20,
21984,1610612742,DAL,Dallas Mavericks,0028400678,1985-03-01,DAL vs. DEN,L,265,140,51,100,0.51,2,8,0.25,36,45,0.8,14,28,42,37,8,4,14,26,
21984,1610612742,DAL,Dallas Mavericks,0028400658,1985-02-26,DAL vs. UTH,L,240,96,32,103,0.311,3,12,0.25,29,33,0.879,27,34,61,19,7,5,11,21,
21984,1610612742,DAL,Dallas Mavericks,0028400645,1985-02-23,DAL @ KCK,W,240,121,51,91,0.56,2,7,0.286,17,23,0.739,11,38,49,41,10,7,15,26,
21984,1610612742,DAL,Dallas Mavericks,0028400637,1985-02-22,DAL vs. WAS,W,240,110,43,80,0.538,2,7,0.286,22,29,0.759,7,31,38,16,9,3,11,18,
21984,1610612742,DAL,Dallas Mavericks,0028400629,1985-02-20,DAL vs. POR,W,240,104,42,95,0.442,1,3,0.333,19,24,0.792,15,32,47,25,7,9,15,14,
21984,1610612742,DAL,Dallas Mavericks,0028400624,1985-02-19,DAL @ HOU,W,240,124,43,81,0.531,3,3,1.0,35,42,0.833,10,30,40,29,10,2,17,27,
21984,1610612742,DAL,Dallas Mavericks,0028400602,1985-02-15,DAL vs. PHX,L,240,103,40,92,0.435,1,7,0.143,22,25,0.88,17,21,38,18,10,0,17,25,
21984,1610612742,DAL,Dallas Mavericks,0028400590,1985-02-13,DAL @ DET,L,240,119,41,95,0.432,3,5,0.6,34,37,0.919,16,34,50,16,4,10,12,17,
21984,1610612742,DAL,Dallas Mavericks,0028400585,1985-02-12,DAL @ CLE,W,240,131,52,93,0.559,3,6,0.5,24,24,1.0,10,30,40,28,7,3,17,19,
21984,1610612742,DAL,Dallas Mavericks,0028400565,1985-02-06,DAL vs. GOS,W,240,129,51,84,0.607,2,8,0.25,25,30,0.833,12,23,35,33,9,4,20,21,
21984,1610612742,DAL,Dallas Mavericks,0028400557,1985-02-05,DAL @ ATL,W,240,112,42,72,0.583,2,3,0.667,26,33,0.788,6,28,34,33,4,7,12,18,
21984,1610612742,DAL,Dallas Mavericks,0028400549,1985-02-03,DAL vs. DEN,W,240,114,45,92,0.489,0,4,0.0,24,32,0.75,17,37,54,28,3,5,16,27,
21984,1610612742,DAL,Dallas Mavericks,0028400530,1985-02-01,DAL vs. UTH,L,240,109,38,92,0.413,2,11,0.182,31,43,0.721,15,27,42,19,5,6,4,19,
21984,1610612742,DAL,Dallas Mavericks,0028400529,1985-01-31,DAL @ DEN,L,240,110,47,93,0.505,2,3,0.667,14,16,0.875,14,19,33,23,7,8,18,29,
21984,1610612742,DAL,Dallas Mavericks,0028400508,1985-01-28,DAL vs. PHL,W,240,111,38,69,0.551,3,5,0.6,32,43,0.744,11,27,38,30,4,3,20,26,
21984,1610612742,DAL,Dallas Mavericks,0028400502,1985-01-26,DAL vs. NJN,L,240,93,37,85,0.435,2,9,0.222,17,21,0.81,21,25,46,25,6,4,22,19,
21984,1610612742,DAL,Dallas Mavericks,0028400488,1985-01-24,DAL @ WAS,L,240,92,39,86,0.453,1,5,0.2,13,19,0.684,5,37,42,18,5,5,8,22,
21984,1610612742,DAL,Dallas Mavericks,0028400483,1985-01-23,DAL vs. SAN,W,240,122,48,85,0.565,4,8,0.5,22,27,0.815,11,18,29,28,13,4,16,16,
21984,1610612742,DAL,Dallas Mavericks,0028400468,1985-01-19,DAL @ LAC,W,240,101,36,82,0.439,2,5,0.4,27,32,0.844,11,28,39,17,3,4,16,15,
21984,1610612742,DAL,Dallas Mavericks,0028400457,1985-01-18,DAL @ LAL,L,240,92,36,85,0.424,4,8,0.5,16,31,0.516,13,29,42,26,5,1,20,15,
21984,1610612742,DAL,Dallas Mavericks,0028400444,1985-01-16,DAL @ PHX,L,240,95,36,82,0.439,1,5,0.2,22,27,0.815,12,25,37,22,5,3,14,32,
21984,1610612742,DAL,Dallas Mavericks,0028400440,1985-01-15,DAL @ GOS,W,240,149,59,94,0.628,4,7,0.571,27,31,0.871,12,40,52,31,9,2,11,20,
21984,1610612742,DAL,Dallas Mavericks,0028400428,1985-01-13,DAL vs. POR,W,240,124,46,90,0.511,7,12,0.583,25,34,0.735,18,31,49,28,9,5,15,18,
21984,1610612742,DAL,Dallas Mavericks,0028400414,1985-01-11,DAL vs. LAL,L,240,102,39,87,0.448,4,9,0.444,20,25,0.8,15,21,36,24,5,0,10,18,
21984,1610612742,DAL,Dallas Mavericks,0028400411,1985-01-10,DAL @ KCK,W,265,117,50,104,0.481,0,4,0.0,17,20,0.85,21,22,43,30,13,8,12,14,
21984,1610612742,DAL,Dallas Mavericks,0028400399,1985-01-08,DAL @ POR,W,240,108,41,84,0.488,4,10,0.4,22,24,0.917,12,22,34,26,6,2,14,21,
21984,1610612742,DAL,Dallas Mavericks,0028400397,1985-01-07,DAL @ SEA,W,240,102,43,89,0.483,3,5,0.6,13,16,0.813,15,30,45,27,4,3,9,8,
21984,1610612742,DAL,Dallas Mavericks,0028400383,1985-01-05,DAL vs. KCK,W,240,135,52,91,0.571,2,5,0.4,29,34,0.853,16,30,46,34,11,7,14,20,
21984,1610612742,DAL,Dallas Mavericks,0028400370,1985-01-03,DAL @ SAN,L,240,115,49,97,0.505,1,4,0.25,16,21,0.762,12,24,36,39,4,4,6,19,
21984,1610612742,DAL,Dallas Mavericks,0028400357,1984-12-29,DAL vs. UTH,L,240,97,37,89,0.416,2,9,0.222,21,30,0.7,14,29,43,23,5,8,7,23,
21984,1610612742,DAL,Dallas Mavericks,0028400345,1984-12-28,DAL @ PHX,W,240,125,45,80,0.563,1,5,0.2,34,42,0.81,6,35,41,26,5,0,9,19,
21984,1610612742,DAL,Dallas Mavericks,0028400329,1984-12-26,DAL vs. LAC,W,240,124,48,92,0.522,4,5,0.8,24,33,0.727,13,30,43,29,8,2,10,22,
21984,1610612742,DAL,Dallas Mavericks,0028400321,1984-12-22,DAL @ UTH,W,240,113,46,93,0.495,3,4,0.75,18,23,0.783,14,34,48,27,13,5,16,23,
21984,1610612742,DAL,Dallas Mavericks,0028400310,1984-12-21,DAL @ DEN,L,240,93,36,86,0.419,1,7,0.143,20,25,0.8,10,28,38,14,6,6,19,23,
21984,1610612742,DAL,Dallas Mavericks,0028400292,1984-12-18,DAL @ MIL,L,240,96,35,88,0.398,2,4,0.5,24,31,0.774,16,26,42,14,11,3,22,25,
21984,1610612742,DAL,Dallas Mavericks,0028400281,1984-12-15,DAL @ HOU,L,240,115,42,76,0.553,4,5,0.8,27,34,0.794,7,25,32,24,8,1,19,25,
21984,1610612742,DAL,Dallas Mavericks,0028400268,1984-12-14,DAL vs. SAN,W,248,119,46,87,0.529,0,3,0.0,27,33,0.818,14,36,50,28,18,4,22,26,
21984,1610612742,DAL,Dallas Mavericks,0028400260,1984-12-12,DAL vs. KCK,W,240,116,52,93,0.559,0,2,0.0,12,20,0.6,18,29,47,31,9,7,15,18,
21984,1610612742,DAL,Dallas Mavericks,0028400234,1984-12-08,DAL @ CHI,L,240,97,38,86,0.442,0,1,0.0,21,30,0.7,12,29,41,25,9,6,10,17,
21984,1610612742,DAL,Dallas Mavericks,0028400223,1984-12-06,DAL @ NYK,W,240,112,47,87,0.54,0,1,0.0,18,24,0.75,15,29,44,34,9,2,13,19,
21984,1610612742,DAL,Dallas Mavericks,0028400219,1984-12-05,DAL vs. LAC,L,240,106,45,88,0.511,2,3,0.667,14,21,0.667,16,22,38,28,3,0,14,16,
21984,1610612742,DAL,Dallas Mavericks,0028400196,1984-11-30,DAL vs. SEA,W,240,108,46,85,0.541,0,1,0.0,16,21,0.762,9,31,40,31,6,3,12,21,
21984,1610612742,DAL,Dallas Mavericks,0028400185,1984-11-29,DAL @ SAN,L,240,116,45,84,0.536,3,8,0.375,23,30,0.767,11,21,32,25,4,4,16,28,
21984,1610612742,DAL,Dallas Mavericks,0028400175,1984-11-27,DAL vs. BOS,L,240,99,39,98,0.398,0,4,0.0,21,26,0.808,21,22,43,20,6,4,6,23,
21984,1610612742,DAL,Dallas Mavericks,0028400157,1984-11-24,DAL vs. HOU,W,240,113,44,100,0.44,0,2,0.0,25,29,0.862,20,33,53,25,7,4,12,26,
21984,1610612742,DAL,Dallas Mavericks,0028400135,1984-11-20,DAL vs. MIL,W,203,109,43,86,0.5,0,0,,23,28,0.821,10,23,33,25,11,1,9,16,
21984,1610612742,DAL,Dallas Mavericks,0028400123,1984-11-17,DAL vs. DET,L,240,110,48,86,0.558,1,6,0.167,13,16,0.813,6,23,29,29,4,7,17,24,
21984,1610612742,DAL,Dallas Mavericks,0028400110,1984-11-15,DAL @ GOS,L,230,112,48,94,0.511,3,6,0.5,13,17,0.765,8,26,34,24,6,3,10,24,
21984,1610612742,DAL,Dallas Mavericks,0028400094,1984-11-13,DAL @ POR,W,240,101,43,87,0.494,0,0,,15,16,0.938,10,31,41,28,7,4,14,23,
21984,1610612742,DAL,Dallas Mavericks,0028400092,1984-11-12,DAL @ UTH,L,240,97,44,102,0.431,0,0,,9,13,0.692,18,31,49,27,4,1,19,26,
21984,1610612742,DAL,Dallas Mavericks,0028400085,1984-11-10,DAL vs. SEA,W,240,106,43,81,0.531,0,1,0.0,20,25,0.8,14,23,37,21,4,3,17,26,
21984,1610612742,DAL,Dallas Mavericks,0028400069,1984-11-08,DAL vs. ATL,W,265,112,41,99,0.414,0,0,,30,39,0.769,23,31,54,26,4,4,12,19,
21984,1610612742,DAL,Dallas Mavericks,0028400059,1984-11-06,DAL vs. NYK,W,240,107,39,78,0.5,2,4,0.5,27,32,0.844,14,35,49,23,5,6,26,24,
21984,1610612742,DAL,Dallas Mavericks,0028400047,1984-11-03,DAL vs. PHX,L,240,93,35,78,0.449,2,4,0.5,21,31,0.677,15,28,43,21,2,6,17,22,
21984,1610612742,DAL,Dallas Mavericks,0028400041,1984-11-02,DAL @ PHL,L,240,103,41,89,0.461,3,6,0.5,18,21,0.857,14,27,41,25,12,5,20,23,
21984,1610612742,DAL,Dallas Mavericks,0028400031,1984-10-31,DAL @ IND,W,240,101,40,87,0.46,0,0,,21,35,0.6,9,33,42,25,6,5,12,23,
21984,1610612742,DAL,Dallas Mavericks,0028400021,1984-10-30,DAL @ HOU,L,240,84,31,78,0.397,0,2,0.0,22,26,0.846,13,29,42,14,3,1,18,22,
21984,1610612742,DAL,Dallas Mavericks,0028400017,1984-10-28,DAL vs. LAL,W,203,107,39,87,0.448,1,2,0.5,28,34,0.824,12,24,36,18,7,0,11,20,
21984,1610612742,DAL,Dallas Mavericks,0028400009,1984-10-27,DAL vs. HOU,L,240,111,40,75,0.533,2,4,0.5,29,42,0.69,7,25,32,25,5,2,14,26,
41983,1610612742,DAL,Dallas Mavericks,0048300055,1984-05-08,DAL @ LAL,L,240,99,41,93,0.441,1,4,0.25,16,22,0.727,18,23,41,28,5,6,16,24,
41983,1610612742,DAL,Dallas Mavericks,0048300053,1984-05-06,DAL vs. LAL,L,265,115,45,96,0.469,0,2,0.0,25,30,0.833,17,21,38,25,9,2,12,21,
41983,1610612742,DAL,Dallas Mavericks,0048300048,1984-05-04,DAL vs. LAL,W,240,125,51,90,0.567,0,1,0.0,23,29,0.793,14,27,41,21,8,2,9,20,
41983,1610612742,DAL,Dallas Mavericks,0048300043,1984-05-01,DAL @ LAL,L,240,101,40,91,0.44,1,6,0.167,20,25,0.8,15,25,40,21,6,3,16,23,
41983,1610612742,DAL,Dallas Mavericks,0048300038,1984-04-28,DAL @ LAL,L,240,91,33,96,0.344,1,4,0.25,24,32,0.75,20,21,41,19,12,3,18,27,
41983,1610612742,DAL,Dallas Mavericks,0048300036,1984-04-26,DAL vs. SEA,W,265,105,45,92,0.489,0,2,0.0,15,19,0.789,12,35,47,20,4,4,14,13,
41983,1610612742,DAL,Dallas Mavericks,0048300028,1984-04-24,DAL @ SEA,W,240,107,41,93,0.441,0,0,,25,27,0.926,19,36,55,27,1,3,11,26,
41983,1610612742,DAL,Dallas Mavericks,0048300019,1984-04-21,DAL @ SEA,L,240,94,30,82,0.366,2,9,0.222,32,37,0.865,14,25,39,20,4,4,13,22,
41983,1610612742,DAL,Dallas Mavericks,0048300011,1984-04-19,DAL vs. SEA,L,240,92,34,84,0.405,0,1,0.0,24,24,1.0,15,28,43,15,5,5,9,17,
41983,1610612742,DAL,Dallas Mavericks,0048300002,1984-04-17,DAL vs. SEA,W,240,88,37,84,0.44,0,1,0.0,14,16,0.875,15,32,47,21,3,4,12,22,
21983,1610612742,DAL,Dallas Mavericks,0028300938,1984-04-15,DAL @ GOS,L,240,96,41,91,0.451,4,8,0.5,10,16,0.625,19,24,43,17,8,0,24,18,
21983,1610612742,DAL,Dallas Mavericks,0028300931,1984-04-13,DAL @ LAL,W,240,104,40,84,0.476,0,0,,24,39,0.615,12,25,37,24,10,1,8,20,
21983,1610612742,DAL,Dallas Mavericks,0028300920,1984-04-12,DAL @ PHX,L,240,118,49,84,0.583,0,0,,20,24,0.833,8,23,31,31,0,1,10,19,
21983,1610612742,DAL,Dallas Mavericks,0028300907,1984-04-10,DAL @ SDC,W,240,116,45,84,0.536,1,1,1.0,25,30,0.833,11,23,34,25,4,4,13,15,
21983,1610612742,DAL,Dallas Mavericks,0028300890,1984-04-07,DAL vs. UTH,W,240,109,44,92,0.478,0,1,0.0,21,32,0.656,19,30,49,19,9,3,13,23,
21983,1610612742,DAL,Dallas Mavericks,0028300884,1984-04-06,DAL vs. SAN,W,240,131,49,92,0.533,0,0,,33,41,0.805,12,26,38,28,4,3,10,29,
21983,1610612742,DAL,Dallas Mavericks,0028300864,1984-04-03,DAL vs. POR,L,240,88,38,75,0.507,0,1,0.0,12,17,0.706,10,29,39,21,7,5,21,20,
21983,1610612742,DAL,Dallas Mavericks,0028300861,1984-04-01,DAL @ WAS,L,240,98,40,78,0.513,0,1,0.0,18,23,0.783,6,25,31,20,4,5,11,22,
21983,1610612742,DAL,Dallas Mavericks,0028300846,1984-03-30,DAL @ PHL,L,240,110,40,80,0.5,4,8,0.5,26,33,0.788,12,21,33,18,7,7,13,23,
21983,1610612742,DAL,Dallas Mavericks,0028300835,1984-03-28,DAL @ BOS,L,240,107,47,96,0.49,2,4,0.5,11,18,0.611,18,20,38,24,11,2,12,22,
21983,1610612742,DAL,Dallas Mavericks,0028300821,1984-03-27,DAL @ NYK,L,240,88,36,73,0.493,0,4,0.0,16,23,0.696,11,29,40,20,5,4,21,22,
21983,1610612742,DAL,Dallas Mavericks,0028300811,1984-03-24,DAL vs. DEN,W,240,119,53,97,0.546,1,2,0.5,12,14,0.857,16,31,47,30,11,4,15,28,
21983,1610612742,DAL,Dallas Mavericks,0028300806,1984-03-23,DAL vs. HOU,W,240,116,48,85,0.565,0,2,0.0,20,27,0.741,6,22,28,35,8,5,11,22,
21983,1610612742,DAL,Dallas Mavericks,0028300792,1984-03-21,DAL vs. ATL,W,240,102,42,85,0.494,0,2,0.0,18,24,0.75,16,22,38,22,3,3,8,13,
21983,1610612742,DAL,Dallas Mavericks,0028300773,1984-03-17,DAL @ UTH,L,240,103,38,94,0.404,3,9,0.333,24,35,0.686,17,27,44,20,6,5,15,23,
21983,1610612742,DAL,Dallas Mavericks,0028300752,1984-03-14,DAL vs. SDC,W,240,105,40,86,0.465,0,0,,25,32,0.781,9,31,40,16,7,0,9,20,
21983,1610612742,DAL,Dallas Mavericks,0028300744,1984-03-13,DAL @ SAN,L,290,131,55,110,0.5,0,4,0.0,21,36,0.583,13,34,47,33,15,13,18,27,
21983,1610612742,DAL,Dallas Mavericks,0028300727,1984-03-10,DAL vs. GOS,W,240,120,48,83,0.578,0,1,0.0,24,29,0.828,11,30,41,26,3,6,13,17,
21983,1610612742,DAL,Dallas Mavericks,0028300719,1984-03-09,DAL vs. LAL,L,290,120,48,95,0.505,1,1,1.0,23,29,0.793,15,34,49,31,12,3,26,22,
21983,1610612742,DAL,Dallas Mavericks,0028300713,1984-03-07,DAL vs. CLE,W,240,115,46,85,0.541,0,3,0.0,23,25,0.92,10,30,40,30,5,5,11,24,
21983,1610612742,DAL,Dallas Mavericks,0028300695,1984-03-03,DAL @ KCK,L,240,103,41,82,0.5,0,0,,21,25,0.84,11,25,36,16,5,5,20,29,
21983,1610612742,DAL,Dallas Mavericks,0028300684,1984-03-02,DAL vs. KCK,W,240,108,48,85,0.565,0,1,0.0,12,19,0.632,12,28,40,25,10,2,20,25,
21983,1610612742,DAL,Dallas Mavericks,0028300672,1984-02-29,DAL vs. SEA,L,290,124,50,100,0.5,1,2,0.5,23,28,0.821,17,30,47,26,9,4,14,29,
21983,1610612742,DAL,Dallas Mavericks,0028300664,1984-02-28,DAL @ SAN,W,240,116,52,88,0.591,1,1,1.0,11,16,0.688,11,34,45,31,4,1,15,19,
21983,1610612742,DAL,Dallas Mavericks,0028300652,1984-02-25,DAL @ UTH,W,240,97,41,87,0.471,0,2,0.0,15,20,0.75,12,27,39,23,6,7,12,23,
21983,1610612742,DAL,Dallas Mavericks,0028300646,1984-02-24,DAL vs. MIL,L,240,88,33,83,0.398,2,7,0.286,20,28,0.714,14,26,40,14,6,4,19,22,
21983,1610612742,DAL,Dallas Mavericks,0028300629,1984-02-22,DAL vs. HOU,W,240,112,43,95,0.453,0,2,0.0,26,32,0.813,20,23,43,12,10,3,14,25,
21983,1610612742,DAL,Dallas Mavericks,0028300612,1984-02-18,DAL vs. DET,L,240,115,43,87,0.494,0,1,0.0,29,37,0.784,13,23,36,17,5,7,12,24,
21983,1610612742,DAL,Dallas Mavericks,0028300601,1984-02-17,DAL vs. PHX,W,240,129,47,78,0.603,1,1,1.0,34,39,0.872,8,20,28,28,4,0,12,24,
21983,1610612742,DAL,Dallas Mavericks,0028300590,1984-02-15,DAL vs. PHL,W,290,119,52,90,0.578,1,1,1.0,14,19,0.737,8,27,35,33,10,6,26,23,
21983,1610612742,DAL,Dallas Mavericks,0028300569,1984-02-11,DAL @ PHX,L,240,89,39,81,0.481,0,6,0.0,11,13,0.846,9,25,34,24,5,2,19,23,
21983,1610612742,DAL,Dallas Mavericks,0028300565,1984-02-10,DAL vs. KCK,W,240,115,51,95,0.537,0,2,0.0,13,17,0.765,18,33,51,36,7,3,12,20,
21983,1610612742,DAL,Dallas Mavericks,0028300553,1984-02-08,DAL @ DEN,W,240,120,48,87,0.552,0,0,,24,31,0.774,13,28,41,24,6,6,17,17,
21983,1610612742,DAL,Dallas Mavericks,0028300548,1984-02-07,DAL @ POR,L,240,85,34,70,0.486,1,4,0.25,16,26,0.615,7,26,33,19,9,3,26,23,
21983,1610612742,DAL,Dallas Mavericks,0028300535,1984-02-05,DAL @ SEA,L,240,96,38,73,0.521,1,4,0.25,19,25,0.76,6,28,34,29,4,4,15,25,
21983,1610612742,DAL,Dallas Mavericks,0028300524,1984-02-03,DAL vs. DEN,L,240,111,45,97,0.464,0,0,,21,27,0.778,16,30,46,32,8,2,17,18,
21983,1610612742,DAL,Dallas Mavericks,0028300513,1984-02-02,DAL @ HOU,L,240,107,42,82,0.512,0,1,0.0,23,33,0.697,6,24,30,19,10,2,15,25,
21983,1610612742,DAL,Dallas Mavericks,0028300507,1984-02-01,DAL vs. NYK,L,240,98,38,80,0.475,0,1,0.0,22,27,0.815,14,21,35,26,7,4,18,24,
21983,1610612742,DAL,Dallas Mavericks,0028300487,1984-01-25,DAL vs. GOS,W,265,112,51,94,0.543,0,4,0.0,10,15,0.667,8,36,44,41,8,6,21,21,
21983,1610612742,DAL,Dallas Mavericks,0028300476,1984-01-24,DAL @ UTH,W,240,123,48,89,0.539,0,0,,27,32,0.844,10,24,34,28,11,7,16,19,
21983,1610612742,DAL,Dallas Mavericks,0028300464,1984-01-21,DAL @ IND,W,240,118,48,80,0.6,0,2,0.0,22,29,0.759,9,30,39,20,3,3,26,27,
21983,1610612742,DAL,Dallas Mavericks,0028300459,1984-01-20,DAL vs. UTH,L,240,113,48,98,0.49,1,3,0.333,16,25,0.64,12,29,41,31,7,3,11,23,
21983,1610612742,DAL,Dallas Mavericks,0028300450,1984-01-18,DAL @ SEA,L,240,107,39,77,0.506,1,5,0.2,28,29,0.966,5,23,28,30,2,1,14,24,
21983,1610612742,DAL,Dallas Mavericks,0028300436,1984-01-17,DAL @ POR,L,240,114,45,77,0.584,1,3,0.333,23,29,0.793,10,17,27,27,3,5,17,27,
21983,1610612742,DAL,Dallas Mavericks,0028300429,1984-01-15,DAL vs. DEN,W,240,126,53,102,0.52,0,0,,20,27,0.741,20,40,60,38,2,7,18,21,
21983,1610612742,DAL,Dallas Mavericks,0028300417,1984-01-13,DAL vs. POR,W,240,113,42,85,0.494,0,3,0.0,29,35,0.829,9,39,48,28,5,6,16,28,
21983,1610612742,DAL,Dallas Mavericks,0028300407,1984-01-11,DAL vs. UTH,W,240,117,48,91,0.527,1,2,0.5,20,29,0.69,11,31,42,32,11,9,20,23,
21983,1610612742,DAL,Dallas Mavericks,0028300400,1984-01-10,DAL @ KCK,L,240,102,41,99,0.414,1,2,0.5,19,30,0.633,29,27,56,26,5,8,16,28,
21983,1610612742,DAL,Dallas Mavericks,0028300384,1984-01-07,DAL @ DEN,L,240,117,44,101,0.436,0,3,0.0,29,41,0.707,20,33,53,30,6,12,20,25,
21983,1610612742,DAL,Dallas Mavericks,0028300379,1984-01-06,DAL @ SDC,W,240,123,52,89,0.584,1,1,1.0,18,25,0.72,13,26,39,34,2,6,14,24,
21983,1610612742,DAL,Dallas Mavericks,0028300369,1984-01-04,DAL vs. SEA,W,240,105,41,75,0.547,0,0,,23,29,0.793,12,30,42,29,3,6,17,28,
21983,1610612742,DAL,Dallas Mavericks,0028300354,1984-01-03,DAL @ HOU,W,240,119,44,87,0.506,0,0,,31,43,0.721,21,29,50,22,9,6,28,16,
21983,1610612742,DAL,Dallas Mavericks,0028300344,1983-12-30,DAL vs. BOS,L,265,109,44,93,0.473,0,2,0.0,21,25,0.84,12,24,36,27,9,3,16,36,
21983,1610612742,DAL,Dallas Mavericks,0028300331,1983-12-28,DAL vs. SDC,W,240,109,45,94,0.479,0,1,0.0,19,26,0.731,20,31,51,30,10,7,15,17,
21983,1610612742,DAL,Dallas Mavericks,0028300323,1983-12-27,DAL @ ATL,L,240,109,43,85,0.506,1,3,0.333,22,30,0.733,20,30,50,21,7,6,17,27,
21983,1610612742,DAL,Dallas Mavericks,0028300306,1983-12-22,DAL @ NJN,L,240,98,40,93,0.43,0,1,0.0,18,26,0.692,7,29,36,24,7,9,16,28,
21983,1610612742,DAL,Dallas Mavericks,0028300291,1983-12-20,DAL @ DET,L,240,104,40,79,0.506,0,3,0.0,24,31,0.774,8,29,37,28,7,6,20,18,
21983,1610612742,DAL,Dallas Mavericks,0028300285,1983-12-17,DAL @ CHI,L,240,84,31,90,0.344,0,5,0.0,22,32,0.688,12,22,34,21,13,3,13,29,
21983,1610612742,DAL,Dallas Mavericks,0028300273,1983-12-16,DAL @ MIL,L,240,105,36,85,0.424,1,3,0.333,32,43,0.744,16,22,38,25,3,1,11,31,
21983,1610612742,DAL,Dallas Mavericks,0028300262,1983-12-14,DAL vs. IND,W,240,117,46,85,0.541,0,0,,25,29,0.862,13,29,42,34,5,3,16,21,
21983,1610612742,DAL,Dallas Mavericks,0028300252,1983-12-11,DAL @ SDC,L,240,116,47,96,0.49,2,4,0.5,20,26,0.769,18,27,45,20,6,7,9,30,
21983,1610612742,DAL,Dallas Mavericks,0028300241,1983-12-10,DAL @ GOS,W,265,126,52,102,0.51,1,1,1.0,21,25,0.84,19,29,48,29,5,2,16,30,
21983,1610612742,DAL,Dallas Mavericks,0028300232,1983-12-09,DAL @ SEA,L,240,124,52,94,0.553,3,10,0.3,17,24,0.708,14,27,41,24,8,2,24,30,
21983,1610612742,DAL,Dallas Mavericks,0028300224,1983-12-07,DAL vs. WAS,L,240,112,46,94,0.489,1,2,0.5,19,22,0.864,12,23,35,32,5,1,6,17,
21983,1610612742,DAL,Dallas Mavericks,0028300213,1983-12-06,DAL @ KCK,L,240,103,41,87,0.471,0,4,0.0,21,24,0.875,16,21,37,25,8,4,16,27,
21983,1610612742,DAL,Dallas Mavericks,0028300205,1983-12-03,DAL vs. CHI,W,240,110,46,87,0.529,0,1,0.0,18,24,0.75,11,25,36,28,7,2,13,16,
21983,1610612742,DAL,Dallas Mavericks,0028300197,1983-12-02,DAL @ LAL,W,240,133,53,97,0.546,0,2,0.0,27,36,0.75,15,35,50,34,5,6,10,20,
21983,1610612742,DAL,Dallas Mavericks,0028300184,1983-11-30,DAL vs. HOU,W,240,113,44,97,0.454,0,2,0.0,25,30,0.833,14,34,48,32,11,5,15,21,
21983,1610612742,DAL,Dallas Mavericks,0028300165,1983-11-26,DAL vs. GOS,W,240,115,48,86,0.558,0,2,0.0,19,25,0.76,10,34,44,31,7,5,19,23,
21983,1610612742,DAL,Dallas Mavericks,0028300155,1983-11-25,DAL vs. KCK,W,240,98,42,95,0.442,0,1,0.0,14,21,0.667,14,33,47,29,7,6,16,23,
21983,1610612742,DAL,Dallas Mavericks,0028300137,1983-11-22,DAL vs. SAN,W,240,118,47,82,0.573,0,0,,24,34,0.706,11,31,42,35,3,5,18,29,
21983,1610612742,DAL,Dallas Mavericks,0028300127,1983-11-19,DAL vs. PHX,W,240,116,46,95,0.484,0,1,0.0,24,35,0.686,24,31,55,31,8,0,12,19,
21983,1610612742,DAL,Dallas Mavericks,0028300117,1983-11-17,DAL vs. NJN,W,240,115,45,90,0.5,0,0,,25,39,0.641,18,23,41,30,13,5,15,24,
21983,1610612742,DAL,Dallas Mavericks,0028300088,1983-11-12,DAL @ HOU,L,240,98,34,95,0.358,0,1,0.0,30,36,0.833,19,23,42,18,7,3,8,21,
21983,1610612742,DAL,Dallas Mavericks,0028300085,1983-11-11,DAL vs. SAN,W,240,112,43,85,0.506,1,1,1.0,25,33,0.758,8,28,36,33,9,2,9,24,
21983,1610612742,DAL,Dallas Mavericks,0028300068,1983-11-09,DAL @ LAL,L,240,106,34,83,0.41,0,2,0.0,38,46,0.826,13,30,43,22,7,2,18,23,
21983,1610612742,DAL,Dallas Mavericks,0028300053,1983-11-05,DAL vs. LAL,W,240,107,43,97,0.443,0,2,0.0,21,26,0.808,22,26,48,26,9,4,16,20,
21983,1610612742,DAL,Dallas Mavericks,0028300047,1983-11-04,DAL @ CLE,L,240,84,31,85,0.365,2,9,0.222,20,28,0.714,13,26,39,15,5,6,15,21,
21983,1610612742,DAL,Dallas Mavericks,0028300032,1983-11-02,DAL vs. POR,W,240,123,44,82,0.537,0,2,0.0,35,45,0.778,17,34,51,34,9,8,17,24,
21983,1610612742,DAL,Dallas Mavericks,0028300026,1983-11-01,DAL @ DEN,W,240,130,50,89,0.562,0,0,,30,41,0.732,11,31,42,27,13,8,13,25,
21983,1610612742,DAL,Dallas Mavericks,0028300020,1983-10-30,DAL @ SAN,L,240,101,43,89,0.483,0,1,0.0,15,23,0.652,13,23,36,30,10,7,20,27,
21983,1610612742,DAL,Dallas Mavericks,0028300018,1983-10-29,DAL vs. PHX,W,240,120,46,91,0.505,0,1,0.0,28,38,0.737,15,25,40,29,15,3,13,24,
